:020000021000EC
:10400000002B0010B17E0100A97E01000D530100BC
:10401000AB7E0100AB7E0100AB7E01000000000022
:1040200000000000000000000000000011840200F9
:10403000AD7E01000000000081840200E5840200E2
:10404000AD7E0100AD7E0100AD7E0100AD7E0100C0
:10405000AD7E0100AD7E0100AD7E0100AD7E0100B0
:1040600041B50100AD7E0100AD7E0100AD7E0100D5
:10407000218B0100FD110400FDA2010079C10100A6
:1040800081C20100AD7E01004D0D0400AD7E010036
:10409000AD7E0100AD7E010041A3010081860200DA
:1040A000A1860200AD7E0100AD7E0100AD7E010063
:1040B000AD7E0100AD7E0100AD7E0100AD7E010050
:1040C00000000000000000000000000000000000F0
:1040D00000000000000000000000000000000000E0
:1040E00000000000000000000000000000000000D0
:1040F00000000000000000000000000000000000C0
:10410000034613F8012B002AFBD1181A0138704717
:1041100001F0FF01102A2BDB10F0070F08D010F878
:10412000013B013A8B422DD010F0070F42B3F6D17C
:10413000F0B441EA012141EA014122F007047FF095
:1041400000070023F0E80256083C85EA010586EAEC
:10415000010685FA47F5A3FA87F586FA47F6A5FA28
:1041600087F68EB9EED1F0BC01F0FF0102F0070234
:1041700032B110F8013B013A83EA010313B1F8D1DF
:104180000020704701387047002D06BF35460338C0
:10419000073815F0010F07D1013015F4807F02BFF9
:1041A000013015F4C03F0130F0BC0138704700BF4A
:1041B00010F8012B11F8013B012A28BF9A42F7D0D1
:1041C000D01A704781F0004102E000BF83F0004345
:1041D00030B54FEA41044FEA430594EA050F08BFA2
:1041E00090EA020F1FBF54EA000C55EA020C7FEA66
:1041F000645C7FEA655C00F0E2804FEA5454D4EBE3
:104200005555B8BF6D420CDD2C4480EA020281EAAC
:10421000030382EA000083EA010180EA020281EAE4
:104220000303362D88BF30BD11F0004F4FEA013136
:104230004FF4801C4CEA113102D0404261EB410145
:1042400013F0004F4FEA03334CEA133302D05242CB
:1042500063EB430394EA050F00F0A780A4F1010487
:10426000D5F1200E0DDB02FA0EFC22FA05F28018C1
:1042700041F1000103FA0EF2801843FA05F35941A7
:104280000EE0A5F120050EF1200E012A03FA0EFC26
:1042900028BF4CF0020C43FA05F3C01851EBE37150
:1042A00001F0004507D54FF0000EDCF1000C7EEB6D
:1042B00000006EEB0101B1F5801F1BD3B1F5001FAB
:1042C0000CD349085FEA30004FEA3C0C04F10104CA
:1042D0004FEA445212F5800F80F09A80BCF1004FF3
:1042E00008BF5FEA500C50F1000041EB045141EA75
:1042F000050130BD5FEA4C0C404141EB0101013C3E
:1043000028BFB1F5801FE9D291F0000F04BF01462C
:104310000020B1FA81F308BF2033A3F10B03B3F1FE
:1043200020020CDA0C3208DD02F1140CC2F10C028E
:1043300001FA0CF021FA02F10CE002F11402D8BFEC
:10434000C2F1200C01FA02F120FA0CFCDCBF41EAB8
:104350000C019040E41AA2BF01EB0451294330BD87
:104360006FEA04041F3C1CDA0C340EDC04F1140464
:10437000C4F1200220FA04F001FA02F340EA03003B
:1043800021FA04F345EA030130BDC4F10C04C4F181
:10439000200220FA02F001FA04F340EA0300294661
:1043A00030BD21FA04F0294630BD94F0000F83F4AB
:1043B000801306BF81F480110134013D4EE77FEA8E
:1043C000645C18BF7FEA655C29D094EA050F08BFDA
:1043D00090EA020F05D054EA000C04BF19461046BB
:1043E00030BD91EA030F1EBF0021002030BD5FEAFF
:1043F000545C05D14000494128BF41F0004130BD27
:1044000014F580043CBF01F5801130BD01F000457A
:1044100045F0FE4141F470014FF0000030BD7FEAED
:10442000645C1ABF194610467FEA655C1CBF0B46E8
:10443000024650EA013406BF52EA033591EA030FFF
:1044400041F4002130BD00BF90F0000F04BF0021F7
:10445000704730B54FF4806404F132044FF000052A
:104460004FF0000150E700BF90F0000F04BF0021A3
:10447000704730B54FF4806404F1320410F0004509
:1044800048BF40424FF000013EE700BF42004FEA04
:10449000E2014FEA31014FEA02701FBF12F07F4381
:1044A00093F07F4F81F06051704732F07F4208BF38
:1044B000704793F07F4F04BF41F40021704730B53F
:1044C0004FF4607401F0004521F000411CE700BF8B
:1044D00050EA010208BF704730B54FF000050AE00E
:1044E00050EA010208BF704730B511F0004502D50F
:1044F000404261EB41014FF4806404F132045FEA11
:10450000915C3FF4D8AE4FF003025FEADC0C18BFB9
:1045100003325FEADC0C18BF033202EBDC02C2F1AB
:10452000200300FA03FC20FA02F001FA03FE40EA3D
:104530000E0021FA02F11444BDE600BF70B54FF041
:10454000FF0C4CF4E06C1CEA11541DBF1CEA13551F
:1045500094EA0C0F95EA0C0F00F0DEF82C4481EA87
:10456000030621EA4C5123EA4C5350EA013518BFA7
:1045700052EA033541F4801143F4801338D0A0FB94
:1045800002CE4FF00005E1FB02E506F00042E0FB41
:1045900003E54FF00006E1FB03569CF0000F18BF47
:1045A0004EF0010EA4F1FF04B6F5007F64F54074EF
:1045B00004D25FEA4E0E6D4146EB060642EAC62182
:1045C00041EA55514FEAC52040EA5E504FEACE2EEF
:1045D000B4F1FD0C88BFBCF5E06F1ED8BEF1004FF2
:1045E00008BF5FEA500E50F1000041EB045170BD6E
:1045F00006F0004646EA010140EA020081EA0301B2
:10460000B4EB5C04C2BFD4EB0C0541EA045170BDAD
:1046100041F480114FF0000E013C00F3AB8014F127
:10462000360FDEBF002001F0004170BDC4F1000470
:10463000203C35DA0C341BDC04F11404C4F12005F1
:1046400000FA05F320FA04F001FA05F240EA02004C
:1046500001F0004221F0004110EBD37021FA04F682
:1046600042EB06015EEA430E08BF20EAD37070BD3C
:10467000C4F10C04C4F1200500FA04F320FA05F09B
:1046800001FA04F240EA020001F0004110EBD3709D
:1046900041F100015EEA430E08BF20EAD37070BD0D
:1046A000C4F1200500FA05F24EEA020E20FA04F3E6
:1046B00001FA05F243EA020321FA04F001F0004195
:1046C00021FA04F220EA020000EBD3705EEA430E06
:1046D00008BF20EAD37070BD94F0000F0FD101F035
:1046E0000046400041EB010111F4801F08BF013C6E
:1046F000F7D041EA060195F0000F18BF704703F0AC
:104700000046520043EB030313F4801F08BF013D32
:10471000F7D043EA0603704794EA0C0F0CEA1355EE
:1047200018BF95EA0C0F0CD050EA410618BF52EAA8
:104730004306D1D181EA030101F000414FF00000AE
:1047400070BD50EA410606BF1046194652EA4306BC
:1047500019D094EA0C0F02D150EA013613D195EA30
:104760000C0F05D152EA03361CBF104619460AD178
:1047700081EA030101F0004141F0FE4141F4700182
:104780004FF0000070BD41F0FE4141F4780170BD72
:1047900070B54FF0FF0C4CF4E06C1CEA11541DBFD7
:1047A0001CEA135594EA0C0F95EA0C0F00F0A7F8D9
:1047B000A4EB050481EA030E52EA03354FEA013106
:1047C00000F088804FEA03334FF0805545EA131319
:1047D00043EA12634FEA022245EA111545EA1065E1
:1047E0004FEA00260EF000419D4208BF964244F178
:1047F000FD0404F5407402D25B084FEA3202B61A97
:1048000065EB03055B084FEA32024FF480104FF46A
:10481000002CB6EB020E75EB030E22BFB61A7546DE
:1048200040EA0C005B084FEA3202B6EB020E75EB71
:10483000030E22BFB61A754640EA5C005B084FEAD9
:104840003202B6EB020E75EB030E22BFB61A7546A6
:1048500040EA9C005B084FEA3202B6EB020E75EBB1
:10486000030E22BFB61A754640EADC0055EA060E72
:1048700018D04FEA051545EA16754FEA06164FEAB5
:10488000C30343EA52734FEAC2025FEA1C1CC0D161
:1048900011F4801F0BD141EA00014FF000004FF0EE
:1048A000004CB6E711F4801F04BF01430020B4F1AF
:1048B000FD0C88BFBCF5E06F3FF6AFAEB5EB030C67
:1048C00004BFB6EB020C5FEA500C50F1000041EB64
:1048D000045170BD0EF0004E4EEA113114EB5C0431
:1048E000C2BFD4EB0C0541EA045170BD41F4801104
:1048F0004FF0000E013C90E645EA060E8DE60CEA0C
:10490000135594EA0C0F08BF95EA0C0F3FF43BAF28
:1049100094EA0C0F0AD150EA01347FF434AF95EADF
:104920000C0F7FF425AF104619462CE795EA0C0FC3
:1049300006D152EA03353FF4FDAE1046194622E790
:1049400050EA410618BF52EA43067FF4C5AE50EA6A
:1049500041047FF40DAF52EA43057FF4EBAE12E75A
:104960004FF0FF3C06E000BF4FF0010C02E000BF3B
:104970004FF0010C4DF804CD4FEA410C7FEA6C5C1E
:104980004FEA430C18BF7FEA6C5C1BD001B050EAC1
:10499000410C0CBF52EA430C91EA030F02BF90EAAC
:1049A000020F0020704710F1000F91EA030F58BF6B
:1049B000994208BF90422CBFD8176FEAE37040F0CD
:1049C000010070474FEA410C7FEA6C5C02D150EA6B
:1049D000013C07D14FEA430C7FEA6C5CD6D152EA26
:1049E000033CD3D05DF8040B704700BF84461046EB
:1049F00062468C461946634600E000BF01B5FFF7EA
:104A0000B7FF002848BF10F1000F01BD4DF808EDB9
:104A1000FFF7F4FF0CBF012000205DF808FB00BF8A
:104A20004DF808EDFFF7EAFF34BF012000205DF8E4
:104A300008FB00BF4DF808EDFFF7E0FF94BF012031
:104A400000205DF808FB00BF4DF808EDFFF7CEFF32
:104A500094BF012000205DF808FB00BF4DF808ED71
:104A6000FFF7C4FF34BF012000205DF808FB00BF42
:104A70004FEA410C7FEA6C5C02D150EA013C0AD15A
:104A80004FEA430C7FEA6C5C02D152EA033C02D14C
:104A90004FF0000070474FF0010070474FEA4102AD
:104AA00012F5001215D211D56FF47873B3EB625280
:104AB00012D94FEAC12343F0004343EA505311F0A7
:104AC000004F23FA02F018BF404270474FF0000039
:104AD000704750EA013005D111F0004008BF6FF077
:104AE000004070474FF00000704700BF53B94AB90B
:104AF000002908BF00281CBF4FF0FF314FF0FF30E6
:104B000000F06EB9ADF1080C6DE904CE00F006F8C6
:104B1000DDF804E0DDE9022304B070472DE9F04739
:104B2000089D04468C46002B40F083808A4217463D
:104B300047D9B2FA82F242B1C2F1200024FA00F061
:104B40009140974040EA010C94404FEA1748230CEB
:104B5000BCFBF8F61FFA87FE08FB16C143EA0143C7
:104B600006FB0EF1994209D9FB1806F1FF3080F0DF
:104B70001981994240F21681023E3B445B1AA4B26D
:104B8000B3FBF8F008FB103344EA034400FB0EFECD
:104B9000A64509D93C1900F1FF3380F00581A645EF
:104BA00040F2028102383C4440EA0640A4EB0E0485
:104BB00000261DB1D4400023C5E900433146BDE8BD
:104BC000F08702B9FFDEB2FA82F2002A50D1CB1B85
:104BD0004FEA174E1FFA87F80126B3FBFEFC210CA3
:104BE0000EFB1C3341EA034108FB0CF38B4207D94F
:104BF00079180CF1FF3002D28B4200F2E980844632
:104C0000C91AA3B2B1FBFEF00EFB101143EA014436
:104C100008FB00F8A04507D93C1900F1FF3302D288
:104C2000A04500F2D9801846A4EB080440EA0C40E5
:104C3000BFE78B4209D9002D00F0B1800026C5E9FD
:104C4000000130463146BDE8F087B3FA83F6002E06
:104C50004AD18B4202D3824200F2B880841A61EBBF
:104C6000030101208C46002DA8D0C5E9004CA5E722
:104C7000C2F1200320FA03F6974001FA02F04FEA4E
:104C8000174ED9403043030CB1FBFEF61FFA87F8EC
:104C90000EFB161143EA014306FB08F1994204FAA0
:104CA00002F409D9FB1806F1FF3C80F08D8099428F
:104CB00040F28A80023E3B445B1A81B2B3FBFEF0B5
:104CC0000EFB103341EA034100FB08F38B4207D986
:104CD000791800F1FF3C73D28B4271D90238394404
:104CE000CB1A40EA064678E7C6F1200C03FA06F430
:104CF00022FA0CF31C4320FA0CF701FA06F34FEAF0
:104D0000144E21FA0CF11F433B0CB1FBFEF91FFAC4
:104D100084F80EFB191143EA014109FB08FA8A45A0
:104D200002FA06F200FA06F308D9611809F1FF3019
:104D300048D28A4546D9A9F102092144A1EB0A01CA
:104D4000BFB2B1FBFEF00EFB101147EA014700FBBA
:104D500008F8B84507D9E71900F1FF312ED2B84558
:104D60002CD90238274440EA0940A7EB0807A0FBEA
:104D700002894F45C64649461AD317D05DB1B3EBF9
:104D80000E0267EB010707FA0CFCF2404CEA020244
:104D9000F740C5E9002700263146BDE8F0872E46DA
:104DA00028460BE70646E9E61846FDE64345E5D208
:104DB000B8EB020E69EB04010138DFE70846D2E7E1
:104DC00060468DE78146B9E7664675E730464AE7B3
:104DD000ACF1020C394413E702383C4424E700BF2D
:104DE000704700BF284B294870B593E8060007F0CC
:104DF000A1FD0021012007F048FF9F21234807F073
:104E0000DAFD0021214807F0D6FD002106461F48A3
:104E100007F0D1FD002105461C4807F0CCFD01211B
:104E20000446084607F031FF184807F0B2FD18495C
:104E3000184807F089FE1849164807F06EFE102240
:104E40003146144807F0F6FE1449124807F065FE93
:104E5000102229460F4807F0EDFE11490D4807F0D2
:104E60005CFE0C481022214607F0E4FE682E09D1B2
:104E7000402D07D1182C05D10A490648BDE87040DD
:104E800007F062BE0849F8E748520010707300103E
:104E9000E8A004000C730010FCA0040010A10400A2
:104EA00023A1040036A104004BA1040010B5184C46
:104EB000184807F0DFFD062202234FF4E1312046B7
:104EC00007F0C0FC4FF4FA600DF0BEFD1249204619
:104ED00007F03AFE1149204607F036FE104B01213B
:104EE000187807F0BBFE0F4B0121187807F0B6FECB
:104EF0000121084607F0B2FE0121084607F0C5FE71
:104F0000094807F009FDBDE81040FFF76BBF00BF7F
:104F10000C7300107473001073A104009DA10400B1
:104F2000002B0010012B0010707300102DE9F041D0
:104F3000374B384F1878384DDFF80881002107F0DB
:104F4000A4FE1F2007F080FE344B014618600A22A1
:104F5000314807F059FE32492F4807F0F5FD314935
:104F60002D4807F0F1FD002601242146384607F0C0
:104F700095FD0121384607F09DFD10F0FF002ED170
:104F80002949254807F0C9FD0F2C03D82749284691
:104F900007F0C3FD10222146284607F049FE2449A8
:104FA000284607F0D1FD01360134E4B27F2CDCD174
:104FB0003EBB20491848204C07F0C6FD1F4B18780F
:104FC000236803BB012107F060FE01232360FFF784
:104FD00009FFBDE8F04141F288300DF035BD0428ED
:104FE000E2D10D48414607F098FD0F2C03D80F4938
:104FF000284607F092FD10222146284607F01AFEA7
:10500000D2E70F49D6E7002107F03FFE0023DDE796
:10501000012B0010747300100C7300105452001018
:10502000D4A10400E0A10400F8A1040042C00400DF
:1050300017A2040037A2040050520010002B0010E9
:105040004DA204001BA20400034B044A1A604FF453
:1050500080729A80704700BF4852001040420F0093
:1050600005F0A8BE05F0ABBE13B50B4C23780BB909
:1050700000F090F808230B22CDE9003207480923FD
:105080000A22002100F052FB00F090FB23780BB9BC
:105090000123237002B010BD585200105482021038
:1050A000BFF34F8F0549064BCA6802F4E062134311
:1050B000CB60BFF34F8F00BFFDE700BF00ED00E006
:1050C0000400FA05292070470DF0D3BCF8B50C4652
:1050D0002F2C9DF81850079F0646114605DC631CCF
:1050E000047002D012B1012A12D0F8BD012D0DD0EA
:1050F000022D01D025B9022120460DF00FFEB57218
:1051000020460021BDE8F8400DF006BE2946F3E731
:1051100020460DF001FE391E204618BF0121BDE8D2
:10512000F8400DF0FDBD38B5044690F900002F2879
:105130001D4615DCA3B1022923610DD003290DD032
:1051400001290DD103210DF0EFFD94F9000029464E
:10515000BDE838400DF0EABD0521F4E70621F2E78D
:1051600038BD90F900002F2806DC431C04D000391C
:1051700018BF01210DF0D4BD704708B590F90000AB
:105180002F2804DC431C02D00DF0CCFD08BD00200C
:10519000FCE7000010B5054C23782BB90449022028
:1051A0000DF0D2FE0123237010BD00BF5952001034
:1051B0001D0B040010B502200DF0CEFE064B1A6840
:1051C0001860044600219442596002D205F0D0F9DB
:1051D0000444204610BD00BF60520010014B186807
:1051E000704700BF605200100A2070470DF0AABE41
:1051F0000DF0A6BE02200DF0ADBE000007B5019077
:10520000022005F07DF9044A0199022003B05DF8FF
:1052100004EB0DF09DBE00BF60520010FFF7EEBF23
:10522000022005F083B9000008B5034B02201A687C
:1052300000230DF095FE08BD6052001070B50646C3
:1052400002200DF08BFE4FF47A72002305460C46C7
:10525000FFF74CFC0023328028464FF47A72214637
:10526000FFF744FC70BD10B50C460CF0D9F9204690
:10527000BDE810400CF0E6B938B50C4605460CF018
:10528000C9F928600CF0D8F9206038BD704708B51E
:10529000012012F05DFC002008BD704700BEFDE754
:1052A000FEE70000BFF34F8F0549064BCA6802F4C2
:1052B000E0621343CB60BFF34F8F00BFFDE700BF39
:1052C00000ED00E00400FA0570B50C4D0C4C641BB9
:1052D000A4100026A64207D10A4D0B4C641BA41053
:1052E0000026A64205D170BD55F8043B984701360B
:1052F000F0E755F8043B98470136F2E7000000005C
:1053000000000000A09F0400B09F040008B5FFF754
:10531000C9FF08B5FFF7C6FF13B50378092B11D8ED
:10532000DFE803F0126A909910A1A105A5A90479FC
:1053300020460CF0CFF820460CF074F800212046EF
:105340000CF0D0F802B010BD01200CF0C3F8012819
:1053500023D100200CF0BEF80128F3D0484B1B7875
:105360001BB142F2107004F025FB00200EF018F87B
:105370000028E7DD012201A900200DF0D7FE002062
:105380000CF0A8F804460028EFD10DF0E7FF58BB59
:105390009DF804100BF0B2FFE7E7394B1B781BB107
:1053A00042F2107004F006FB01200DF0F9FF002816
:1053B000CFDD012201A910460DF0B8FE01200CF04E
:1053C00089F80028F0D101200DF0C8FF28B99DF818
:1053D000041001200BF092FFE6E70128E4D19DF8CC
:1053E00004100DF011FFDFE70128BED19DF8041075
:1053F00020460DF009FFB8E703200CF06BF80128F8
:10540000A0D003200DF0CCFF00289BDD012201A9D4
:1054100003200DF08BFE03200CF05CF80028F0D187
:1054200003200DF09BFF28B99DF8041003200BF01A
:1054300065FFE6E70128E4D19DF8041003200DF094
:10544000E3FEDEE70F4B1B6E03B1984720F076FDBD
:1054500007F038FC76E70C4B1B68002B3FF472AF6B
:10546000406898476EE740680EF0AEF86AE70020A3
:105470000DF080FD66E740680DF05EFC62E700BF5E
:105480006C520010BC040500B828021030B5474B20
:10549000474A1B68474999B000240193464B009343
:1054A000204640F2CD13CDE903441EF067F80EF01C
:1054B0007FF80DF0E1FA0DF00DFA0CF0E3F8234659
:1054C0000146054603222046CDE900440DF054FD77
:1054D00023462946CDE90044032201200DF04CFD6E
:1054E00036494FF478231A68501C0ED002F003009E
:1054F000012810D022F00302B2F5801F0BD2043332
:105500008B42F0D11B68013305D108AA08214FF462
:10551000782012F091FA0DF035FA03F01DFB0DF032
:1055200067FA082103A807F0F7FD9DF813309DF8EE
:1055300011202349009308A89DF8123000F0DAFFEB
:1055400008A8FEF7DDFDC1B208A80DF025FA0C2170
:1055500005A80CF06FF905A80DF020FA0021032032
:105560000BF0C0FF00240322234629461046CDE954
:1055700000440DF001FD0BF079FF0CF06BF909F020
:1055800023FBE5B228460BF0A5FF10B928460BF027
:1055900049FF0134042CF4D10DF0EEFF0CF062FE53
:1055A000012801D109F07CFE19B030BD6C2C00102F
:1055B00074A20400F4A20400FCA2040024800F00E2
:1055C0000CA3040008B5044B1B6E03B19847BDE85B
:1055D00008400DF0DFBF00BFBC040500F8B5FFF7C1
:1055E00055FF02F05DFC1D480DF064FD07F07AFEEA
:1055F000012822D0022822D010B919480DF05AFDF6
:10560000184F194D194EFFF7DDFF3C78CCB92B78B8
:1056100083B142F210700DF017FA2346072231468B
:1056200020462C7006F0CEFE23460722314601208C
:1056300006F0C8FE02F036FCE5E70D48DEE70D484F
:10564000DCE70BF08BFF0028DDD02B7803F0FF00A8
:10565000002BD8D10DF034FCD5E700BF1DA304000A
:1056600031A304006C5200104860001054A30400E1
:105670003DA3040048A3040007B5FFF725FE1DF075
:1056800071FF234B234A2449009300204FF42173D8
:105690001DF074FF002108460FF08EFE024620B177
:1056A0001C4940F28E201DF091FF1C480FF0B4FD04
:1056B000024620B117494FF425701DF087FF0FF007
:1056C000CDFD024620B1134940F296201DF07EFF29
:1056D00012F09EFA012012F0A3FA12F087F80246A7
:1056E00020B10C4940F2A7201DF070FF12F03EF9E6
:1056F0000B4B019301230B4900934FF4805200237D
:10570000094813F0BBFC13F0C3FDFFF7CBFD00BF4E
:105710005CA3040074A20400F4A20400D8E5040011
:105720006852001075A30400DD5501002DE9F34116
:105730000C460025064600F8044B02249DF9208003
:1057400011461F4622462B46CDE900452AF0E6FFCA
:105750002B462246394606F11800CDE900452AF0CD
:10576000DDFF06F12C00CDE900452B4622464146DF
:105770002AF0D4FF012002B0BDE8F0410DF080BE58
:105780007FB501220023ADF80E108DF8173001937C
:1057900000920DF117030DF10E0110460DF0D4FE2D
:1057A0009DF8170007B05DF804FB000073B5174EB5
:1057B0000024012523462A463046CDE900450B2129
:1057C0002AF0ACFF23462A46A6F1A400CDE9004505
:1057D00011212AF0A3FF23462246A6F19000CDE92D
:1057E000004410212AF09AFF23462246A6F17C00AD
:1057F000CDE900440F212AF091FF2B4602222946D1
:10580000122002B0BDE870400DF084BA94820210FC
:1058100003460322014801212AF088BF18820210A2
:105820004FF4207101202AF0A3BD0A207047012007
:105830002AF092BD014B1878704700BF6D520010DE
:10584000014B1870704700BF6D52001010B50A4C24
:105850000A202AF061FF002120462AF069FF142067
:105860002AF05AFF204601212AF062FFBDE81040CD
:105870000A202AF051BF00BFF081021010B5034C7E
:1058800020462AF057FF0128FAD010BD04820210EA
:1058900038B50C4C00212046A4F140052AF048FF01
:1058A000C0212846FFF76CFF00212846FFF768FF5C
:1058B000012120462AF03CFFFFF7E0FF024B0122C6
:1058C0001A7038BD948202106D520010F8B515465A
:1058D00006460C462AF034FB0E480F4F00212AF0F2
:1058E00027FF0D483146FFF74BFF2544AC4209D155
:1058F000084801212AF01CFF842E09D0BDE8F84099
:10590000FFF7BCBF14F8011B3846FFF739FFEDE77E
:10591000F8BD00BF9482021054820210F8B51546FB
:1059200006460C462AF00CFB0F48104F00212AF0C7
:10593000FFFE31460D48FFF723FF0C480021FFF71B
:105940001FFF2544C6B2AC4207D1074801212AF007
:10595000EFFEFFF793FF3046F8BD00213846FFF712
:105960000FFF04F8010BEEE794820210548202103C
:1059700070B5154606460C462AF0E2FA104800219A
:105980002AF0D6FE0D210F48FFF7FAFE310A0D4826
:10599000FFF7F6FEF1B20B480A4EFFF7F1FE254481
:1059A000AC4207D1064801212AF0C2FEBDE8704092
:1059B000FFF764BF14F8011B3046FFF7E1FEEFE785
:1059C000948202105482021007B501228DF807104C
:1059D0000DF10701FFF7CCFF03B05DF804FB0000F9
:1059E00070B5154606460C462AF0AAFA134800215F
:1059F0002AF09EFE1D211248FFF7C2FE310A104810
:105A0000FFF7BEFEF1B20E480D4EFFF7B9FE0C488F
:105A10000021FFF7B5FE2544AC4207D1074801211C
:105A20002AF086FEBDE87040FFF728BF002130460F
:105A3000FFF7A6FE04F8010BEEE700BF9482021008
:105A40005482021007B501220DF10701FFF7C8FFCC
:105A50009DF8070003B05DF804FB0000F8B514469C
:105A600005460E462AF06CFA0F48104F00212AF026
:105A70005FFE0E210D48FFF783FE29460B48FFF716
:105A80007FFE0025A4B2ABB29C4207D80648012194
:105A90002AF04EFEBDE8F840FFF7F0BE715D3846D3
:105AA000FFF76EFE0135EEE7948202105482021079
:105AB000F8B5144605460E462AF042FA1248134F2E
:105AC00000212AF035FE1E211048FFF759FE294615
:105AD0000E48FFF755FE0D480021FFF751FE002547
:105AE000A4B2ABB29C4207D8074801212AF020FE9D
:105AF000BDE8F840FFF7C2BE00213846FFF740FE80
:105B000070550135EDE700BF9482021054820210F7
:105B100002212AF07BBC70477047704701482AF089
:105B200009BE00BF18820210074B0849186843F2EB
:105B3000390201FB002018606FF00043B0FBF3F363
:105B4000C3EBC373C01A70474C2C00106D4EC64196
:105B5000014B1860704700BF4C2C001038B505464B
:105B60000C46FFF7E1FF611B013190FBF1F303FBF2
:105B70001100284438BD01380A44914200D17047D1
:105B800011F8013B00F8013FF7E710440A44914245
:105B900000D1704711F8013B00F8013DF7E70244DE
:105BA000904200D1704700F8011BF9E730B530B1E1
:105BB0000A4D01444FF0FF33814201D1D84330BD3B
:105BC00010F8012B5340082243F30004013A2C4003
:105BD00092B284EA5303002AF6D1EDE72083B8EDB0
:105BE0004FF0FF307047000030B591B10A4D0A44C4
:105BF000914200D130BD11F8013B5840082340F3D9
:105C00000004013B2C409BB284EA5000002BF6D1EB
:105C1000EEE70846EEE700BF2083B8EDC0437047CB
:105C20002DE9FF4755EC104B002D0E4619462B462B
:105C3000BBBF05F100431D4600232D230B700D9BB8
:105C4000DDF830A0914623F02008BCBF2246144660
:105C5000B8F1460F05D0B8F1450F00D10136022149
:105C600000E0032103AB019302AB009345EC104B22
:105C70005346324600F0ECFCB8F1470F074602D11C
:105C800019F0010F22D0B8F1460F07EB060910D129
:105C90003B78302B0AD10022002320462946FEF70C
:105CA000B5FE18B9C6F10106CAF80060DAF800308E
:105CB00099440022002320462946FEF7A7FE08B19A
:105CC000CDF80C903022039B4B4507D3039B0E9AD3
:105CD000DB1B3846136004B0BDE8F087591C039104
:105CE0001A70F0E7F7B503460029B8BF494203F838
:105CF000022BB4BF2D222B22092942702ADD0DF17F
:105D00000704A4460A27A6460A4691FBF7F607FBB6
:105D100016153035632A04F1FF340EF8015C314664
:105D2000F1DC3031AEF1020504F8011C441C2946B7
:105D300061450AD30DF10902A2EB0E02654588BF49
:105D400000221344181A03B0F0BD11F8012B04F817
:105D5000012FEDE7302330318370C170031DF1E76F
:105D60002DE9F04F2DED028B8DB00C46DDF86080F3
:105D700016461F46054601F049FAD0F800A05046E5
:105D8000FEF7BEF900230A9323680593D8F8003084
:105D900094F818B0073323F0070303F10802C8F89A
:105DA0000020D3E90023C4E91223D4E9128929F0A1
:105DB00000430793CDF8188008EE100A9F4BDDE9E9
:105DC00006014FF0FF32FEF753FE88BBDDE9060106
:105DD0009A4B4FF0FF32FEF72DFE48BB0022002306
:105DE00040464946FEF71CFE10B12D2384F843308F
:105DF000934B9448BBF1470F94BF984680460323CA
:105E00002361059B23F0040222604FF000090097F4
:105E100033460BAA2146284600F0D8F9013040F05D
:105E200090804FF0FF300DB0BDEC028BBDE8F08FDD
:105E300042464B4640464946FEF71AFE40B14B46A5
:105E4000002BBCBF2D2384F843307F487F4BD1E724
:105E500063680BF0DF0206925A1C3FD10623636091
:105E6000059B616843F48062002303930AABCDE98C
:105E700001B309AB49EC108B009322600DF12303B1
:105E80002846FFF7CDFE069B0999472B804608D18F
:105E9000C81C02DB6368994241DDABF1020B5FFA7B
:105EA0008BFBBBF1650F20D801395A4604F1500035
:105EB0000991FFF717FF0A9A1318012A81462361F7
:105EC00002DC2268D20701D5013323619DF823301B
:105ED000002B9CD02D2384F8433098E7069A472A5C
:105EE000BED1002BBCD10123B9E7BBF1660F18D19D
:105EF000002963680BDD216113B92268D00702D540
:105F000001330B442361A1654FF00009DEE713B9AB
:105F10002268D20701D50233F4E70123F2E74FF0FC
:105F2000670B0A9B994205DB23682161D807EAD5F4
:105F30004B1CE7E70029D4BFC1F102020122134440
:105F4000E0E723685A0507D42369424631462846CC
:105F5000B84701302CD164E7BBF1650F40F2E08017
:105F6000D4E9120100220023FEF750FD002834D0AE
:105F7000374A012331462846B84701303FF451AF34
:105F8000DDE909239A4202DB2368D80710D518EE11
:105F9000103A524631462846B84701303FF441AFE7
:105FA0004FF0000804F11A090A9B013B434509DC44
:105FB00023689B0700F10581E0680B9B9842B8BFFE
:105FC000184630E701234A4631462846B847013093
:105FD0003FF427AF08F10108E6E7099B002B39DC05
:105FE0001B4A012331462846B84701303FF419AF18
:105FF000DDE90923134302D12368D907D8D518EE68
:10600000103A524631462846B84701303FF409AFAE
:106010004FF0000904F11A0A099B5B424B4501DC71
:106020000A9B92E70123524631462846B847013081
:106030003FF4F7AE09F10109EEE700BFFFFFEF7F84
:1060400079A404007DA4040085A4040081A40400B4
:1060500042C004000A9AA36D9A42A8BF1A46002AB9
:10606000914637DC4FF0000B29EAE97904F11A0276
:10607000A36D0593A3EB09035B4533DCDDE909233D
:106080009A423BDB2368DA0738D40A9A059B0999C0
:10609000D31AA2EB01099945A8BF9946B9F1000F9F
:1060A00035DC4FF0000829EAE97904F11A0ADDE944
:1060B00009239B1AA3EB090343457FF779AF01231B
:1060C000524631462846B84701303FF4AAAE08F19F
:1060D0000108ECE71346314642462846B8470130EE
:1060E000C0D19EE60123314628460592B8470130CB
:1060F0003FF497AE059A0BF1010BB9E718EE103A91
:10610000524631462846B8470130BED189E6059A45
:106110004B46424431462846B8470130C1D180E65B
:106120000A9A012A01DCDB0738D5012342463146B1
:106130002846B84701303FF474AE18EE103A524684
:1061400031462846B84701303FF46BAED4E912011E
:1061500000220023FEF75AFCD8B90A9B08F101027D
:10616000013B31462846B84701300ED159E601239C
:10617000524631462846B84701303FF452AE08F146
:1061800001080A9B013B4345F1DC4B4604F15002F8
:10619000DCE64FF0000804F11A0AF2E70123424658
:1061A000DFE701234A4631462846B84701303FF42D
:1061B00038AE08F10108E3680B995B1A4345F0DC3F
:1061C000FAE64FF0000804F11909F4E72DE9F04769
:1061D000164699468A680B69DDF820809342B8BF5D
:1061E0001346336091F8432007460C460AB1013349
:1061F00033602368990642BF3368023333602568F1
:1062000015F0060506D104F1190AE36832689B1AF5
:10621000AB4226DC94F84320131E226818BF0123EA
:1062200092062BD404F1430249463846C047013058
:106230001ED02368E568326803F00603042B08BF0C
:10624000AD1AA36822690CBF25EAE57500259342C3
:10625000C4BF9B1AED1800261A34B5421AD100208B
:1062600008E00123524649463846C047013003D171
:106270004FF0FF30BDE8F0870135C6E7E1185A1C42
:10628000302081F84300224494F8451082F84310EE
:106290000233C7E70123224649463846C04701304A
:1062A000E6D00136D9E700002DE9FF470C469146BC
:1062B000277E0C99782F80469A4604F1430207D82E
:1062C000622F0AD8002F00F0D880582F00F0A3804A
:1062D00004F1420684F842703AE0A7F16303152BFB
:1062E000F6D801A050F823F0416301005563010086
:1062F000D1620100D1620100D1620100D1620100CE
:1063000055630100D1620100D1620100D162010038
:10631000D1620100616401008563010043640100F2
:10632000D1620100D162010083640100D1620100E9
:1063300085630100D1620100D16201004B6401005C
:106340000B681A1D1B680A6004F1420684F842308B
:106350000123A3E0256808682E0600F104030AD58E
:1063600005680B60002D03DA2D236D4284F843305D
:106370005E480A2319E015F0400F05680B6018BF4E
:106380002DB2EFE70B682568181D0860280601D5B7
:106390001D6802E06906FBD51D8854486F2F0CBFAD
:1063A00008230A23002184F843106668A660002EA3
:1063B000A2BF216821F0040121600DB9002E4DD04B
:1063C0001646B5FBF3F103FB1157C75D06F8017DD7
:1063D0002F46BB420D46F4D9082B0BD12368DF07AB
:1063E00008D5236961689942DEBF302306F8013C75
:1063F00006F1FF36921B2261CDF800A04B4603AA9E
:1064000021464046FFF7E2FE01304CD14FF0FF300D
:1064100004B0BDE8F087354884F8457023680E68FD
:106420001F0656F8045B0E6014D5D90744BF43F02D
:10643000200323601DB9236823F020032360102369
:10644000B0E7236843F0200323607823284884F8CA
:106450004530E3E75E0648BFADB2E6E71646BBE768
:106460000B68266860691D1D0D6035061B6801D527
:10647000186002E07106FBD51880002323611646E0
:10648000BAE70B681A1D0A601E6862680021304670
:10649000FDF73EFE08B1801B606063682361002346
:1064A00084F84330A8E72369324649464046D0473E
:1064B0000130ABD023689B0713D4E068039B98425C
:1064C000B8BF1846A4E70123324649464046D047A4
:1064D00001309BD00135E36803995B1AAB42F2DCD3
:1064E000EBE7002504F11906F5E700BF89A40400D5
:1064F0009AA404000EB400B59CB01DAB02900690A7
:106500006FF00041094807910491094953F8042BA1
:1065100005910068019302A901F0BCFA029B0022D8
:106520001A701CB05DF804EB03B07047702C0010BB
:106530000802FFFF2DE9F74F03690C69A3420746E4
:10654000C0F28180013C01F1140800F1140505EB53
:106550008403019358F8243055F8242001339A42DB
:106560004FEA840B08EB8409B2FBF3F631D34FF00A
:10657000000E4046AC46F24650F8042B93B206FBA0
:1065800003E34FEA134E9BB2AAEB0303120CDCF8B1
:1065900000A006FB02E213FA8AF34FEA124E1FFA3A
:1065A00082FADCF80020CAEB124202EB23429BB2D3
:1065B00043EA024381454CF8043B4FEA224ADBD2CE
:1065C00055F80B302BB9019B043B9D421A462ED344
:1065D0003C61384601F067F8002824DB0136284684
:1065E0004FF0000C58F8042BD0F800E093B2ACEB5D
:1065F0000303120C13FA8EF3C2EB1E4202EB23428A
:106600009BB243EA0243C14540F8043B4FEA224CA7
:10661000E8D255F8242005EB840322B9043B9D42BF
:106620001A460AD33C61304603B0BDE8F08F1268C9
:10663000043B002ACCD1013CC7E71268043B002A86
:10664000F0D1013CEBE70020EEE700000000000085
:106650002DE9F04F2DED028B57EC106B95B0456A8C
:10666000DDF880800591CDE90267044609920F9319
:106670003DB9102000F0CEFDC0E901556062056013
:10668000C560636A196851B15A684A600123934032
:106690008B60204600F010FE636A00221A603B1EE9
:1066A000B9BF23F0004303930023C8F80030DDF89E
:1066B0000C90B74BBCBF0122C8F8002033EA090395
:1066C0001BD10F9A42F20F731360C9F313033343C4
:1066D00000F07585219B63B9AE4B25E0AE4B00936E
:1066E0000833219A1360009815B0BDEC028BBDE809
:1066F000F08FA84B00930333F3E79DED027B00225C
:1067000051EC170B00238DED0A7BFEF77FF98046D5
:1067100060B10F9A01231360219B002B00F04C8580
:106720009E4B219A1360013B0093DCE79DED0A0B21
:1067300012AA13A9204601F048F8C9F30A55824667
:10674000002D7ED00B9BCDF84080C3F31303DDE911
:106750000A6743F07F5747F44017A5F2FF35904B87
:10676000002230463946FDF731FD83A3D3E90023EB
:10677000FDF7E4FE82A3D3E90023FDF729FD0646D9
:1067800028460F46FDF770FE7FA3D3E90023FDF7EF
:10679000D5FE02460B4630463946FDF719FD064642
:1067A0000F46FEF77BF9002281460023304639462A
:1067B000FEF736F948B14846FDF756FE32463B46ED
:1067C000FEF724F908B909F1FF39B9F1160F56D8C7
:1067D000744B03EBC903D3E90023DDE90A01FEF79B
:1067E0001FF900284DD009F1FF3900230E93129BA9
:1067F0005D1B6B1E049343BF0023C5F10108049386
:106800004FF00008B9F1000F3DDB049BCDF8349048
:106810004B44049300230693059B092B00F29A80B6
:10682000052BC4BF043B0593059BA3F10203CCBF1A
:1068300000250125032B00F29980DFE803F02C7D71
:106840007B89DDE912531D4405F23243202BC1BF81
:10685000C3F1400305F2124009FA03F326FA00F0EF
:10686000DABFC3F1200306FA03F01843FDF7ECFD8D
:1068700001230646A1F1F877013D10936FE701234C
:10688000B4E70E90B3E7C9F1000306930023A8EB29
:1068900009080D93C0E700230893099B002B00F320
:1068A00085804FF0010BCDF804B05B46CDF824B0E5
:1068B000666A00227260042202F114009842716834
:1068C0007AD9204600F0C4FC636A30601B680093EC
:1068D000019B0E2B00F2F580002D00F0F280B9F143
:1068E000000F7DDD2F4A09F00F0302EBC30393ED88
:1068F000007B19F4807F4FEA2917B0EE478AF0EE4B
:10690000678A5DD0284BDDE90A01D3E90823FDF74A
:106910003FFFCDE9020107F00F070325224E002FAC
:1069200050D1DDE9020153EC182BFDF731FFCDE921
:1069300002016FE00123AFE700230893099B09EBF5
:10694000030B0BF10103012B0193B8BF0123AFE748
:106950000123F2E701250023059308954FF0FF3B43
:106960000022CDF804B012230992A1E70123089375
:10697000F4E700BFAFF3008061436F63A787D23FA6
:10698000B3C8608B288AC63FFB799F501344D33F1E
:106990000000F07FB4A40400ABA4040043C00400D2
:1069A0000000F83FE0A40400B8A40400DDF824B01F
:1069B000CDF804B05B467BE70131716052007BE7A4
:1069C0000225ABE7F90708D551EC180BD6E90023EF
:1069D000FDF7B4FD41EC180B01357F1008369EE73A
:1069E00000F0AB80C9F10006AA4BAB4F06F00F02D6
:1069F00003EBC203D3E90023DDE90A01FDF79EFDA5
:106A0000CDE90201361100230225002E40F08A80D4
:106A1000002B8CD10E9B002B00F09180DDE90267EA
:106A20009E4B002230463946FDF7FAFF002800F061
:106A30008680019B002B00F08280BBF1000F3CDDC3
:106A400009F1FF3307930022954B30463946FDF795
:106A500075FDCDE902010135CDF830B0DDE9026701
:106A60002846FDF701FD32463B46FDF767FD8D4B9D
:106A70000022FDF7ADFBA1F15073CDE902010393B4
:106A80000C9B002B60D1884B002230463946FDF725
:106A90009DFBDDE9022306460F46FDF7DFFF0028D8
:106AA00040F09982DDE90221304601F10043394688
:106AB000FDF7B6FF002840F08B82DDE90A23CDE91F
:106AC0000223139B002BC0F25B81B9F10E0F00F380
:106AD0005781704B03EBC90393ED007B099BB0EE2C
:106AE000478AF0EE678A002B80F2E280019B002B40
:106AF00000F3DE8040F06C826B4B51EC170B0022F0
:106B0000FDF71CFDDDE90223FDF79EFF019E3746E0
:106B1000002840F04282009D312305F8013B09F135
:106B200001093EE2F20705D5D7E90023FDF706FD8E
:106B3000013501237610083767E702256AE7019BD4
:106B4000CDF81C900C9389E700990C980C9A514B46
:106B50009DED027B014402910899B0EE478AF0EE68
:106B6000678A03EBC20353E90223002945D04F494A
:106B70000020FDF70DFE53EC182BFDF727FB009DC1
:106B800041EC180B39463046FDF788FF0C90FDF7B5
:106B90006BFC02460B4630463946FDF717FB0C9B53
:106BA000303305F8013B53EC182B06460F46FDF732
:106BB00037FF002865D132463B4638490020FDF7B3
:106BC00005FB53EC182BFDF72BFF002840F0B88095
:106BD000029B9D423FF471AF314B51EC180B0022E8
:106BE000FDF7ACFC2E4B41EC180B00223046394629
:106BF000FDF7A4FC06460F46C4E751EC170BFDF762
:106C00009DFC029B009D0C9341EC180B39463046CD
:106C1000FDF744FF1190FDF727FC02460B46304676
:106C20003946FDF7D3FA119B303305F8013B029B3F
:106C30009D4206460F464FF0000225D11B4B51ECFA
:106C4000180BFDF7C5FA02460B4630463946FDF7EC
:106C500005FF002874D153EC182B14490020FDF7D0
:106C6000B5FA02460B4630463946FDF7D9FE0028F4
:106C70003FF423AF0C9D6B1E0C9315F8013C302B99
:106C8000F8D0DDF81C9049E0054BFDF757FC0646AF
:106C90000F46BBE7E0A40400B8A404000000F03FE6
:106CA0000000244000001C40000014400000E03FB1
:106CB000DDE90267009D53EC182B30463946FDF79D
:106CC00067FDFDF7EBFE8046FDF7CEFB53EC182B7E
:106CD000FDF734FC02460B463046394608F13006D3
:106CE000FDF774FA05F8016B009E019FAE1BB742D9
:106CF00002460B4637D1FDF76BFA53EC182B0646CC
:106D00000F46FDF7ABFEC8B953EC182B3046394699
:106D1000FDF77CFE10B118F0010F0FD1204651464F
:106D200000F0CAFA00232B700F9B09F101001860D4
:106D3000219B002B3FF4D7AC1D60D4E4CDF81C9010
:106D40002B461D4613F8012D392A08D1009A9A4284
:106D5000F7D1079A00990132079230220A701A7807
:106D600001321A708DE79E4B0022FDF7E7FB0022EF
:106D7000002306460F46FDF749FE00289BD0CDE7CD
:106D8000089A002A00F0C680059A012A00F3AA801A
:106D9000109A002A00F0A28003F23343069E454673
:106DA000049A01211A4420469844049200F029FBD9
:106DB0000746002D0BDD049B002B08DDAB42049A37
:106DC000A8BF2B46A8EB0308ED1AD31A0493069B21
:106DD000FBB1089B002B00F0A180002E11DD39468D
:106DE0003246204600F0B2FB524601460746204696
:106DF00000F010FB51460790204600F05DFA079B1B
:106E00009A46069B9A1B04D05146204600F09EFBF2
:106E100082460121204600F0F4FA0D9B002B064625
:106E20007EDD1A460146204600F090FB059B012BB3
:106E3000064678DD00230693336906EB8303186961
:106E400000F08FFAC0F12000049B184410F01F00DE
:106E500000F08880C0F12003042B40F38180C0F152
:106E60001C00049B0344804405440493B8F1000FC4
:106E700005DD51464246204600F0B6FB8246049BA3
:106E8000002B05DD31461A46204600F0ADFB0646D4
:106E90000E9B002B68D03146504600F004FC0028C1
:106EA00062DA002351460A22204600F01CFA089BB1
:106EB00009F1FF398246002B00F088813946002312
:106EC0000A22204600F00FFABBF1000F074600F33C
:106ED0008F80059B022B40F38B804DE0129BC3F10A
:106EE00036035BE7019B5E1E069BB342BFBF069B5A
:106EF0000696F21A0D9BB6BF9B189E1B0D93019B25
:106F0000B8BF0026002BB5BFA8EB0305019B0023EB
:106F1000454645E7069E089F45464AE7069A73E7B9
:106F2000059B012B18DC029BB3B9039BC3F313032E
:106F3000A3B9039B23F000431B0D1B052BB1049B3E
:106F40000133049308F10108012306930D9B002BE4
:106F50007FF472AF012077E70023F6E7029BF4E7A6
:106F600084D018461C307CE7019B002B3ADC059B43
:106F7000022B37DDDDF804B0BBF1000F0DD1314637
:106F80005B460522204600F0AEF901460646504613
:106F900000F089FB00283FF7BEAD099B009D6FEA1A
:106FA00003094FF000083146204600F085F9002F14
:106FB0003FF4B4AEB8F1000F05D0B84503D0414658
:106FC000204600F079F93946204600F075F9A5E62B
:106FD00000263746E1E70C9EDDF81C9037469AE51F
:106FE00000002440089BDDF804B0002B00F0F58081
:106FF000002D05DD39462A46204600F0F5FA074601
:10700000069B002B55D07968204600F021F93A699B
:1070100002320546920007F10C010C3000F00AF92B
:1070200001222946204600F0DFFA009B013301933C
:10703000009B5B440793029B03F00103B846069351
:107040000746019B3146504603F1FF3BFFF772FABA
:1070500003463033029041465046089300F023FB2C
:107060003A4604903146204600F039FBC268089B3E
:10707000054602BB0146504600F015FB089B024640
:1070800029462046CDE9083200F016F9059B099AF9
:10709000019D43EA0201069B0B43089B0DD1392B4E
:1070A00027D0049A002A01DD029B31338BF800308F
:1070B00079E73846B9E70122E2E70499002904DBC1
:1070C000059801430698014320D1002AEEDD514680
:1070D00001222046019300F087FA3146824600F0F3
:1070E000E2FA0028019B02DCE0D1DA07DED5392B79
:1070F000DAD139238BF800302B461D46013B15F8B9
:10710000012C392A50D001321A704CE7002A03DDD5
:10711000392BEED00133C9E7019A079902F8013CF7
:107120008A422AD0514600230A22204600F0DBF88A
:10713000B84582464FF000034FF00A024146204610
:1071400007D100F0D0F880460746019B0133019338
:1071500077E700F0C8F83946804600230A22204627
:1071600000F0C1F80746F0E7BBF1000F009ACCBF72
:107170005D46012515444FF0000851460122204686
:10718000019300F031FA3146824600F08CFA002873
:10719000B2DC02D1019BDB07AED42B461D4613F8AF
:1071A000012D302AFAD0FEE6009A9A42A5D1312369
:1071B00009F101091370F6E6124BFFF7B5BA219BEE
:1071C000002B7FF48BAA104BFFF7AEBABBF1000F78
:1071D00003DC059B022B3FF7CFAE009D31465046A6
:1071E000FFF7A8F900F1300305F8013B009AAA1A4D
:1071F0009345B9DD514600230A22204600F073F87A
:107200008246EBE742C00400ABA40400004870478C
:10721000C42D0010024B0146186800F085BB00BF6A
:10722000702C0010024B0146186800F02DBB00BF07
:10723000702C00100A44914200F1FF3300D17047D6
:1072400010B511F8014B03F8014F9142F9D110BD6F
:1072500070B5466A04460D463EB91020FFF7DAFFC6
:10726000C0E9016660620660C660666AF36883B161
:10727000636ADB6853F82500B8B9012101FA05F605
:10728000721D9200204600F0F0FA60B1C0E901568C
:107290000EE021220421204600F0E7FA636AF06044
:1072A000DB68002BE4D1002070BD026843F8252084
:1072B0000023C0E90333F7E770B5466A05460C467C
:1072C0003EB91020FFF7A6FFC0E9016668620660BC
:1072D000C6603CB16B6A6268DB6853F822102160BB
:1072E00043F8224070BD2DE9F0410E6907469846EB
:1072F0000C4601F1140000230568A9B202FB0181CC
:107300004FEA114C2D0C02FB05C589B2013301EB8C
:1073100005419E4240F8041B4FEA1548ECDCB8F1E9
:10732000000F1BD0A368B34212DC616838460131FC
:10733000FFF78EFF2269023204F10C01054692002C
:107340000C30FFF777FF21463846FFF7B5FF2C4694
:1073500004EB86030136C3F8148026612046BDE89D
:10736000F081030C1B04D3B90004102310F07F4FED
:1073700004BF0002083310F0704F04BF0001043353
:1073800010F0404F04BF80000233002805DB10F0EE
:10739000804F03F1010308BF2023184670470023E4
:1073A000E4E7036813F0070201460BD0DA0724D4A0
:1073B000980749BF5B089B0801200B605CBF0B600E
:1073C0000220704798B2B0B91B0C102013F0FF0FC9
:1073D00004BF1B0A08301A0704BF1B0904309A07B0
:1073E00004BF9B080230DA0703D45B0800F10100F8
:1073F00005D00B6070471046E8E70020704720205A
:10740000704710B50C460121FFF722FF01224461AD
:10741000026110BD2DE9F04F15460A692B699A42A9
:10742000B8BF0B460C46BCBF2C461D462769D5F895
:107430001090A368616807EB0906B342B8BF013139
:1074400085B0FFF705FF00F1140101EB86080B463C
:10745000002243451DD304F1140305F1140203EB8C
:10746000870702EB890302933B1B153B23F00303C1
:10747000043304F11505AF4238BF04230193029B86
:107480000392934208D8002E5ADC066105B0BDE88D
:10749000F08F43F8042BDCE7B2F800A0BAF1000F3C
:1074A00024D004F1140E89464FF0000C5EF8045B02
:1074B000D9F800B0ABB21FFA8BFB0AFB03B34FEA5B
:1074C000154BD9F8005063444FEA154C0AFB0BC525
:1074D00005EB13459BB243EA0543774549F8043B66
:1074E0004FEA154CE2D8019B41F803C0039BB3F867
:1074F00002900432B9F1000F20D00B6804F1140C93
:107500008E464FF0000ABCF80050BEF802B009FBEE
:1075100005B5AA449BB243EA0A434EF8043B5CF823
:10752000043BBEF800501B0C09FB035303EB1A434A
:1075300067454FEA134AE6D8019D4B5104319EE757
:1075400058F8043D002BA0D1013E9CE72DE9F843FB
:10755000154612F0030206460F4607D0214C013AA9
:10756000002354F82220FFF7BEFE0746AD1035D0A9
:10757000746A3CB91020FFF74DFEC0E90144706207
:107580000460C460D6F82480D8F808404CB940F2B2
:1075900071213046FFF735FF0023C8F80800044684
:1075A00003604FF00009EB070AD539462246304602
:1075B000FFF730FF394680463046FFF77DFE4746ED
:1075C0006D100BD0206838B9224621463046FFF7AF
:1075D00021FF2060C0F800900446E4E73846BDE88B
:1075E000F88300BFA8A504002DE9F0470C464968C0
:1075F000236903EB6218A368074691464FEA621AB3
:1076000008F10106B3423FDB3846FFF721FE0023B5
:10761000054600F1140100F110021846534536DB0F
:1076200020692AEAEA7A04F1140319F01F0901EB30
:107630008A0103EB800C2ED0C9F1200E8A4600226D
:10764000186800FA09F002434AF8042B53F8042B97
:107650009C4522FA0EF2F3D8ACEB0403153B23F061
:107660000303043304F11500604588BF0423CA50A6
:107670000AB108F10206013E38462E612146FFF7A5
:107680001BFE2846BDE8F08701315B00BAE742F8EF
:10769000040F0133C2E7043953F8042B41F8042FD7
:1076A0009C45F9D8E7E730B502690C69121B0ED189
:1076B00000F11403143103EB840001EB840150F852
:1076C000045D51F8044DA54203D005D301221046B4
:1076D00030BD8342F3D3FAE74FF0FF32F7E72DE9ED
:1076E000F84F0C460646114620461746FFF7DBFFCB
:1076F000051E08D129463046FFF7AAFD0123C0E93F
:107700000435BDE8F88FA4BF3B462746304679686C
:10771000A6BF1C4600250125FFF79AFD3E69C560FE
:10772000256907F1140104F1140900F1140E07F1A1
:10773000100201EB860C09EB8505F246002759F88B
:10774000043B52F804BF1FFA83F817FA8BF71B0C9F
:10775000A7EB0808C3EB1B4303EB28431FFA88F889
:107760001F144D4548EA03434AF8043BE7D82B1B56
:10777000153B23F0030304331534A54238BF04231B
:10778000194473449E460D4665450ED30CF1030221
:10779000521A22F0030203398C4538BF00221A44E2
:1077A00052F8043D7BB10661ABE755F8048B17FA3C
:1077B00088F4221402EB1842A4B244EA02444EF8C0
:1077C000044B1714E0E7013EEAE72DE9F743894649
:1077D000012157EC106B9046FFF73AFDC7F30A55AD
:1077E0000446C7F3130335BB002E019328D0684627
:1077F0000096FFF7D6FD009900B3019AC0F120036F
:1078000002FA03F30B43C24063610192019BA3613F
:10781000002B14BF022201222261D5B1A5F233450B
:107820000544C9F80050C0F13500C8F800002046F2
:1078300003B0BDE8F08343F48013D5E76161E5E769
:1078400001A8FFF7AEFD019B636101222261203098
:10785000E3E704EB8203A0F23240C9F800001869A4
:10786000FFF77FFDC0EB4210DFE713B54A43114637
:10787000019200F059F8044618B1019A002100F075
:1078800045FA204602B010BD37B5002948D051F85E
:10789000043C0190002BA1F10404B8BFE41800F0EF
:1078A0003DFA204A01981368154633B963601460A5
:1078B00003B0BDE8304000F037BAA3420BD92168CD
:1078C0006218934204BF1A685B68636004BF521871
:1078D00022602C60ECE71A465B680BB1A342FAD930
:1078E00011685518A5420BD1246821445418A342AD
:1078F0001160DDD11C685B68536021441160D7E7DB
:1079000002D90C230360D3E7256861198B4204BFB9
:1079100019685B68636004BF491921605460C7E758
:1079200003B030BD70520010F8B5CD1C25F0030532
:1079300008350C2D38BF0C25002D064601DBA94269
:1079400003D90C2333600020F8BD00F0E7F921498A
:107950000A6814469CB9204F3B6823B9214630463B
:1079600000F098F938602946304600F093F9431C3E
:1079700023D10C233360304600F0D6F9E3E72368C7
:107980005B1B17D40B2B03D923601C44256004E038
:107990006368A2420CBF0B605360304600F0C4F92C
:1079A00004F10B00231D20F00700C21ACCD01B1AD3
:1079B000A350C9E722466468CCE7C41C24F0030442
:1079C000A042E3D0211A304600F064F90130DDD145
:1079D000CFE700BF70520010745200102DE9F0473D
:1079E0008E689E4282460C4690461F4638D88A8949
:1079F00012F4906F32D025680969A5EB0109656919
:107A000005EB450505EBD57501334B446D109D42E3
:107A100038BF1D46530531D52946FFF785FF064679
:107A200050B90C23CAF80030A38943F04003A38166
:107A30004FF0FF30BDE8F08721694A46FFF7FAFBB7
:107A4000A38923F4906343F08003A38126616561D9
:107A50004E44A5EB09052660A5603E46BE4200D90E
:107A60003E4632462068414600F036F9A368226857
:107A70009B1B3244A36022600020DBE72A4600F013
:107A800059F906460028E1D121695046FFF7FCFE6E
:107A9000C7E700002DE9F04F98468B891B069DB083
:107AA00007460D4614460ED50B6963B94021FFF712
:107AB0003BFF2860286120B90C233B604FF0FF306A
:107AC000D1E040236B610023099320238DF82930F6
:107AD000CDF80C803023DFF8A8818DF82A304FF0E4
:107AE000010923469A4613F8012B0AB1252AF9D138
:107AF000BAEB040B0BD05B46224629463846FFF70B
:107B00006DFF013000F0AA80099A5A4409929AF850
:107B10000030002B00F0A28000234FF0FF32CDE9AF
:107B200005230AF1010A049307938DF853301A9341
:107B30005446052214F8011B5148FCF7E9FA049A4F
:107B4000D8B9D00644BF20238DF85330110744BF65
:107B50002B238DF853309AF800302A2B15D0079A32
:107B6000544600204FF00A0C214611F8013B303BEF
:107B7000092B4ED9B0B1079214E0A0EB080309FA23
:107B800003F313430493A246D2E7039B191D1B681A
:107B90000391002BBBBF5B4242F0020207930793A5
:107BA000B8BF049223782E2B0CD163782A2B35D1C1
:107BB000039B1A1D1B680392002BB8BF4FF0FF33C5
:107BC00002340593DFF8C8A0217803225046FCF761
:107BD0009FFA40B14023A0EB0A0003FA00F0049B97
:107BE00003430134049314F8011B26488DF8281030
:107BF0000622FCF78DFA002838D0234B1BBB039BD1
:107C0000073323F0070308330393099B3344099395
:107C100067E70CFB02320C460120A5E70023013484
:107C2000059319464FF00A0C204610F8012B303A04
:107C3000092A03D9002BC5D00591C3E70CFB01210C
:107C400004460123F0E703AB00932A460F4B04A937
:107C50003846FEF785F8421C0646D6D1AB895B064E
:107C60003FF52CAF09981DB0BDE8F08F03AB009332
:107C70002A46064B04A93846FEF716FBEBE700BF81
:107C8000B4A50400BEA50400615D0100DD7901001A
:107C9000BAA5040038B5064D0023044608462B60FB
:107CA00000F0F0F8431C02D12B6803B1236038BD0B
:107CB0001008021082B001B901A942B14BB113788A
:107CC0000B601278101E18BF012002B070471046DA
:107CD000FBE76FF00100F8E7884210B501EB020402
:107CE00002D98442234607D8431EA14208D011F886
:107CF000012B03F8012FF8E7024401468A4200D124
:107D000010BD13F8014D02F8014DF7E70244034698
:107D1000934200D1704703F8011BF9E7014800F0D6
:107D2000A6B800BF14080210014800F0A1B800BFB7
:107D300014080210F8B5074614460E4621B9BDE8EE
:107D4000F8401146FFF7F0BD22B9FFF79DFD25462B
:107D50002846F8BD00F08DF8A0420FD221463846E3
:107D6000FFF7E2FD05460028F2D031462246FFF734
:107D700061FA31463846FFF787FDE9E73546E7E720
:107D800038B50C460968054609B1FFF7F9FF2146E9
:107D90002846BDE83840FFF777BD00002C4B1B6834
:107DA000834270B5044651D0436A43B1DB68002B6F
:107DB0004AD1636A196811B12046FFF765FD616910
:107DC00011B12046FFF760FD616A11B12046FFF74F
:107DD0005BFDA16B11B12046FFF756FDE16B11B1C0
:107DE0002046FFF751FD216C11B12046FFF74CFDF5
:107DF000E16D11B12046FFF747FDA16D11B120469D
:107E0000FFF742FD616B11B12046FFF73DFDA3690D
:107E1000E3B1A36A20469847A16CB9B12046BDE8FA
:107E20007040FFF7ADBF495941B90435636A802DF1
:107E3000D968F8D12046FFF727FDBAE70E6820463B
:107E4000FFF722FD3146EFE70025EFE770BD00BFE9
:107E5000702C001049B1FF2A85BF8A2303600A7085
:107E60004FF0FF3098BF01207047084670477047B9
:107E7000704751F8043C181F002BBCBF0B58C018AA
:107E800070470000044A05491368002B08BF0B46E1
:107E9000184410601846704778520010488B021042
:107EA000FDF704B8FDF742B8FEE7FEE7FEE7000085
:107EB000114812490160D1F800D01148016841F41D
:107EC00070010160BFF34F8FBFF36F8F0D480E49F4
:107ED0000E4A50F8043B41F8043B9142F9DB0C4850
:107EE0000C494FF000028842B8BF40F8042BFADB7F
:107EF000FDF7C2FB00BE000008ED00E000400100FD
:107F000088ED00E088270500002B00104452001087
:107F100048520010488B0210034B5868C0F3080009
:107F2000003818BF0120704700ED00E007B5064B90
:107F30000093064A064940F2415300201BF01EFB05
:107F400003B05DF804FB00BF54A70400CCA60400F6
:107F5000F4A204002DE9F043DFF8D0802D4E8DB05F
:107F60004FF0FF31D8F800002B4D10F009FF02F060
:107F70002FF8044648B301F08DFF286810F0E3FFA6
:107F8000264B00931FFA80F9254A2649CDF8049024
:107F900040F2852300201BF0F1FA0027BBB299457F
:107FA00002D801F0B9FFDBE74FF0FF3202A92868E1
:107FB00010F05EFE34689DF827309DF9280002AA73
:107FC0000DF12901A0470137E8E7286810F0BBFF51
:107FD000154B00931FFA80F9114A1249CDF804900D
:107FE00040F2932320461BF0C9FAA3B29945B7D9B2
:107FF0004FF0FF3202A9286810F03AFE37689DF86A
:1080000027309DF9280002AA0DF12901B847013453
:10801000EBE700BF885300108C53001067A70400E3
:10802000CCA60400F4A2040084A70400905300101E
:108030007FB5027A1A49062353430446CE5A19499A
:10804000CDE90262C3880193174B0093174A40F2AF
:10805000062300201BF092FA6EB1207818F0D0FFB2
:10806000054640B1207818F07BFF20B1E288217AE4
:1080700028461AF058F90A201AF0DAFA014668B1CF
:10808000236803606368436023890381084B86800B
:10809000187804B0BDE870401AF0DFBA04B070BDC3
:1080A000582E0010F4A204009BA70400CCA60400E4
:1080B0004408021038B505460089103080B21AF025
:1080C000B7FA0446B8B12B46024605F1100153F841
:1080D000040B42F8040B8B42F9D104F110006060EC
:1080E00069682A89FFF7A6F8034B21461878BDE88E
:1080F00038401AF0B2BA38BD4408021013B50190E6
:1081000064201AF095FA044658B101996422FFF7E9
:1081100091F8054B1878214602B0BDE810401AF0DE
:108120009CBA02B010BD00BF44080210024A136896
:108130000BB1013B136070477C5F00102DE9F041EB
:108140000C468EB000295BD08B789A1E102A46D838
:10815000084619F09FF8A378482B4AD80E2B4FD920
:108160000F3B392B4CD8DFE813F056007F004B0053
:10817000BD004B004B004B004B004B004B004B0035
:108180004B004B004B004B004B004B00CD00FB0065
:1081900010014B0024013501440176015E02C40246
:1081A000E402F10201030C031A034B004B004B00E5
:1081B0004B004B00330377034B004B004B004B004D
:1081C0004B004B0084034B004B004B004B004B001B
:1081D0004B004B004B004B00D402E500F000203B6D
:1081E000482BB8D8084619F009FA204619F05EFC69
:1081F000B1E7682B00F0548305D8662B00F0458367
:108200000EB0BDE8F0813F33DBB2012BF8D8204639
:108210000BF0FCFDF4E79D4B9D4A00939D4940F215
:10822000B92300201BF0AAF9628940F204739A4234
:1082300010D1994B964A9749009300204FF4307320
:108240001BF09CF9002395481A461946006810F067
:10825000DFFBD5E7924B009340F2C5238C4A8D4952
:1082600000201BF08BF9CBE78E4B894A894900939C
:10827000002040F2CA231BF081F9237A0393A388DC
:108280000293E3880193884B0093814A814940F22D
:10829000272300201BF072F9237A012B0CD0022B2C
:1082A00014D0227A022AABD9033AA3882188E08825
:1082B00092B201F051F9A3E7E1882078012902D1B7
:1082C00001F05AFAEDE701F061FAEAE7E288207876
:1082D000012A04D1C222C1210BF080FDE1E70BF09D
:1082E0008DFDDEE7E3890193704B694A009369498C
:1082F00040F2CF2300201BF041F9E3896C4A033B95
:1083000013807DE76B4B624A6249009300204FF473
:1083100035731BF033F915F05BFB17F009FE664867
:10832000002300681A46194610F072FB01201AF06B
:1083300049F865E7614B00930020554A554940F2E2
:10834000DD231BF01BF91220F1E75D4B00930020A9
:108350004F4A504940F2E2231BF010F91320E6E7A0
:10836000584B4B4A4B490093002040F2E7231BF047
:1083700005F9554B554801221A60002300681A463A
:10838000194610F045FB0320D1E7514B404A4149C3
:108390000093002040F2EF231BF0F0F84A4A4D48CA
:1083A0000023136000681A46194610F031FB0420C0
:1083B000BDE7494B364A37490093002040F2F72386
:1083C0001BF0DCF8454B464801221A6000231A4690
:1083D00019463BE7414B434800241C600068234694
:1083E0002246214610F014FB3F4B009340F201332C
:1083F00034E73E4B1B68002B3FF402AF257A002D7B
:108400003FF4FEAE61682A4604A8FEF713FF234638
:10841000374853F80C2FCDF831209B88ADF8353014
:10842000637A8DF8303000688DF82F5000230A22CF
:1084300004A910F0EDFA012808D02E4B0093144A3D
:10844000144940F2123300201BF098F800232A4808
:108450001A461946FAE6294B294D0E490093002089
:1084600040F21B330A4A1BF089F895F82D10254B72
:10847000254803294AD105221A7002225A70012286
:1084800099701A71DA700023037149E0C7A70400DC
:10849000CCA60400F4A20400DDA704003C080210EE
:1084A000E1A70400E7A70400FAA7040022A804003B
:1084B000562E001034A804003408021046A8040008
:1084C0005BA804006FA80400805F00102808021059
:1084D0007CA804004008021089A80400885F0010EE
:1084E000380802102408021095A8040088530010D0
:1084F0008C530010A0A8040090530010B7A80400EB
:10850000942E0010222F0010282F00100122022983
:108510001A707ED15970032199701A71DA70017145
:10852000B24B00222046DA601A6101F03BF9204686
:108530000BF06CFC204600F0EBFF95F82D30012B82
:1085400021D02078012101F017F995F82D30012B69
:1085500019D002232078C222C1210BF03FFC95F8EC
:108560002D30012B0FD0A24F03264FF0060808FB39
:1085700006F3DB5B23B1F11E2078C9B200F0BCFF2B
:1085800001360A2EF3D19B4800231A46194600688B
:1085900010F03EFA984800231A461946006810F079
:1085A00037FA964B00221A60954B01221A6095F813
:1085B0002D30934205D0204618F004FD207819F0A4
:1085C000D1FB904B04AA03F10806154618685968B8
:1085D000144603C40833B3422246F7D118681B7906
:1085E000206023712846FBF78BFD874C0023024651
:1085F0002946184603F0F4FE236843B101F0E8FC75
:1086000070B101F047FC2368984701F085FC082011
:108610008DE6002159709A701971D970032333E7E0
:1086200023689847F3E7794800231A4619460068FB
:1086300010F0EEF9237A0193754B764A7649009350
:10864000002040F28F331AF099FF684B714A72494B
:108650000025DD601D6123880193704B009328463F
:1086600040F267231AF08AFF207801F099F8207809
:108670000BF0DEFA00F030FF694B14221A805F4BDA
:1086800001221A605E4B1D60664B04AA03F11006BE
:10869000154618685968144603C40833B342224685
:1086A000F7D12846FBF72CFD5F4C002302462946F4
:1086B000184603F095FE236843B101F089FCA8B188
:1086C00001F0E8FB2368984701F026FC574B584A15
:1086D000029340F2AD3300204F49019300924D4A7E
:1086E0001AF04CFFFFF722FD092020E62368984787
:1086F000ECE7504B474A48490093002040F2B5331D
:108700001AF03CFF204600F003FF204601F04AF833
:108710007DE5237A0393637A029323790193464B91
:1087200000933C4A3C4940F2C63300201AF026FF31
:1087300066E5424B374A38490093002040F2CA337D
:108740001AF01CFF17F0F4FB0A20F0E53C4B314A0D
:108750003149009300204FF474731AF00FFF17F0A3
:10876000E7FB207818F03BFC0B20E0E5354B00934D
:108770000020284A284940F2DA331AF0FFFE0C2084
:10878000D5E5314B234A24490093002040F2DF33E2
:108790001AF0F4FE207818F022FC0D20C7E52B4BD0
:1087A0001C4A1D49009300204FF47A731AF0E6FE2C
:1087B000274830F0A9FD0423ADF81000000C8DF817
:1087C0001200A370207804AA032117F045FB17E5D7
:1087D000204B00930F4A104940F2FE3300201AF05C
:1087E000CDFE201D17F0ACFB0AE500BF402E0010A7
:1087F000582E00104008021028080210805F001058
:10880000845F0010FCA90400805300102C080210A3
:10881000C8A80400CCA60400F4A20400EEA804003A
:10882000562E001009AA040084530010E8AB04007F
:1088300007A9040019A9040020A904004DA90400F7
:108840005DA904006AA9040078A904008DA90400A8
:10885000BA2E00109DA90400144B0093144A154928
:1088600040F2044300201AF089FE204618F0AAFBCB
:10887000C6E4E3780193104B00930D4A0D4940F292
:10888000094300201AF07AFEBAE40C4B0093002052
:10889000074A084940F20D431AF070FE1B2046E5D6
:1088A000074B009340F21343D8E400BFA5A904008E
:1088B000CCA60400F4A20400ADA90400D0A90400D1
:1088C000E0A90400174B184A10B51870174B1A602E
:1088D000174B184A1A60184B184A1A60184B194A55
:1088E0001A60194B194A1A60194B1A4A1A60044641
:1088F00018F0ECFB18F062FE18F0D6FC18F00CFB38
:108900002046154900F0C4FE204614490BF070F9CA
:108910002046134900F0CAFDBDE81040114817F089
:10892000C5BA00BF440802101A2F0010447D02107F
:10893000F07D021000AC04005C7D02109853001022
:108940003C7D0210222F0010587D0210C82E00100E
:10895000A0470010282F0010E4AB0400FCAB04007B
:10896000E0AB0400FE2E00101A4908B5084616F0C8
:10897000ADFE1849032016F073FC174813F09CFF56
:10898000164813F0B3FF164B164A1878164914F020
:10899000A9FC1649164819F0A3FD16481E2119F026
:1089A00071FD154843890289C188808819F07CFDD2
:1089B00019F088FD1149124800F032FE00F02AFE3D
:1089C000104900200BF042FA0BF03AFABDE80840DB
:1089D00016F048BEFD800100B58001004111030082
:1089E000C42E001031800100582E001065240300B1
:1089F00045240300952E0010C82E0010A5960100F6
:108A00000D970100913C020013B519F0C5FE19F055
:108A1000F3FF364B364904224FF4386019F06CFDF1
:108A2000B0F5386F0BD9334B0093A0F53860019047
:108A3000314A32494FF49D6300201AF09FFD13F034
:108A400001FE13F02DFC13F00BFD13F077FD2C4805
:108A500019F096FE17F0C6FA2A4819F091FE04465E
:108A6000002016F015FE16F04FF917F02BF916F04E
:108A7000E3FB16F071FD17F009FA17F099FA16F0FA
:108A8000C7FF204616F054FE1F4819F079FE17F074
:108A900025FC17F02DFB17F0CBFB1C4819F070FEDE
:108AA00013F0E0FE14F06EFF14F0EEFD14F070F918
:108AB000174819F065FE17F0C7FF18F019FA18F0FB
:108AC0000DFAFB2012F002FB124819F059FE18F0C3
:108AD00051FA114819F054FE11F08CFA0F4819F0B0
:108AE0004FFE02B0BDE81040FFF7ECBEEE2E0010C6
:108AF000DC53001019AA0400CCA60400F4A2040060
:108B0000F9FF020049F70200ED0203009DC80200D0
:108B1000AD0A0300810F0300C5A002003D810100E2
:108B200011F07ABA07B5084B0093084A084940F299
:108B30004B5300201AF022FD064B802283F80C23B1
:108B400003B05DF804FB00BF38AA0400CCA6040003
:108B5000F4A2040000E100E0024B4FF0FF3118687E
:108B600010F00EB934080210F0B5054685B024485F
:108B70000F4603F080FD234B234A244900241C7038
:108B8000234B019006460093204640F291531AF081
:108B9000F5FC204B00931C4A1C49019740F292536C
:108BA00020461AF0EBFCB74215D91B4B0093CDE9D8
:108BB00001672046144A154940F29F531AF0DEFC23
:108BC0002C467719BC4215D1324607E0295D0320B7
:108BD0000AF0FAFB0134A742F8DC3A462946084875
:108BE00003F04FFD0D480AF0CFFC05B0BDE8F040A2
:108BF00001F030B914F8011B03200AF0E5FBE1E7AE
:108C0000402E00105C370210CCA60400F4A2040031
:108C100049AA04005BAA04007BAA0400102F0010DC
:108C2000014803F01FBD00BF402E00100A46014658
:108C3000014803F073BD00BF402E00102DE9FF472F
:108C40002F4EDFF8D0803788DFF8CC90DFF8CCA04B
:108C500005460C463388A34215D32246294640F2E6
:108C6000047000F0E3FC002838D125440446FFF7E7
:108C700053F998B9B9F80610D8F8000001EB410192
:108C800010F07EF81BE03A46294640F2047000F0EE
:108C9000CDFC18BBE41B3D44A4B2E8E7D8F80000C3
:108CA00003AA002110F010F948B1039B3BB14FF02B
:108CB0008053CAF80030BFF34F8FBFF36F8F002C83
:108CC000C8D100240F4B009320460F4A0F4901944E
:108CD00040F2EA531AF052FC20460DE0002CF0D08E
:108CE0000B4B00930020084A0849019440F2E653D8
:108CF0001AF044FC6FF0060004B0BDE8F08700BF36
:108D0000562E0010B7AA0400CCA60400F4A204005A
:108D1000A2AA04003C080210C82E001004ED00E0D6
:108D200070477047704770477047000037B5344C44
:108D30002378002B62D1334D296821B90322012009
:108D40000FF03EFE2860304D296821B90322012032
:108D50000FF036FE28602D4D296821B9032201202D
:108D60000FF02EFE28602A4D296821B90322012028
:108D70000FF026FE2860274D296821B90322012023
:108D80000FF01EFE2860244D296821B9032201201E
:108D90000FF016FE2860214D296821B90322012019
:108DA0000FF00EFE28601E4D2A6822B927210A20E6
:108DB0000FF006FE28601B4D296821B9032201200F
:108DC0000FF0FEFD2860184A136843B90192022291
:108DD0000092164916484FF4807210F04FF9FFF7D1
:108DE000A1FE144B0193032300931349134800235E
:108DF0004FF4007210F042F90123237003B030BD2C
:108E00005C5F001040080210280802102C080210B5
:108E100038080210240802103C080210340802101E
:108E20008C5300109053001094530010CFAA0400EC
:108E3000557F010030080210DFAA040039930100B9
:108E4000114B1B68012B13B51BD0104C2268012A53
:108E50000AD119F079F8FFF75FF80D4B58B118688F
:108E600001AA002110F030F80A4B0020D8602060E1
:108E7000186102B010BD18684FF47A710FF080FFCE
:108E8000F2E76FF00600F4E7845F0010805F0010E7
:108E900040080210402E001037B50020FFF7D0FF29
:108EA000574B93F82430002B30D1564B564A03F1E0
:108EB000140153F8040B42F8040B8B42F9D11B78D0
:108EC000524D534C137015214F4A2970022019F04E
:108ED00003F8504A2178032018F0FEFF4A4A297807
:108EE000002018F0F9FF4B4A2178012018F0F4FF18
:108EF000002019F039F8484B009340F26F63474A5D
:108F0000474900201AF03AFB03B030BD012B40D195
:108F1000444B1B78FBB9444A3B4B116819605168BC
:108F2000127A1A72414A5960093302F1140152F857
:108F3000040B43F8040B8A42F9D112781A70334BB0
:108F400037491E221A703A4B0093344A40F2796333
:108F500000201AF013FB2D4D2D4C2B4A29780220AE
:108F600018F0BAFF2B4A2178032018F0B5FF264AE3
:108F70002978002018F0B0FF264A2178012018F047
:108F8000ABFF032018F0F0FF2A4B009340F28763F9
:108F9000B5E7032BB8D1284B284A03F1100153F849
:108FA000040B42F8040B8B42F9D1254B164A03F10E
:108FB000140153F8040B42F8040B8B42F9D11B78CF
:108FC000124D134C137015210F4A2970022018F00E
:108FD00083FF104A2178032018F07EFF0A4A29787F
:108FE000002018F079FF0B4A2178012018F074FF57
:108FF000002018F0B9FF134B009340F2A1637EE705
:10900000942E0010402F0010A4530010542E001076
:10901000182F00105D5F0010E9AA0400CCA6040020
:10902000F4A20400C3530010B09F0400C453001006
:10903000FAAA0400FBAA040088080210DD2E001022
:10904000D82E00100EAB04007FB5484B1B68012BD7
:1090500004460AD0B4280BD9454B0093454A4649EB
:1090600040F21C7300201AF089FA6FF0060059E0F4
:10907000424E0020FFF7E4FEFFF758F896F8245020
:10908000DDB93F4B3B4A01940093284640F22573DB
:1090900039491AF073FAC4EB44103A4B326A5D80D6
:1090A00004EB8004E4001C809D80DA801D815D81DA
:1090B000012018F051FE012019E0012D34D1324B6E
:1090C0002C4A2D490093002040F2347301941AF089
:1090D00055FA316A2B4B64294FF0000238BF6421E6
:1090E0001A805A809A80D9801A815A81022018F0F9
:1090F00009FFFEF711FF254B002830D0186803AA9E
:1091000000210FF0E1FE48B1039B3BB1204B4FF033
:1091100080521A60BFF34F8FBFF36F8F1D4B012238
:109120001A60002004B070BD032DE2D11A4B114A21
:1091300011490194009300204FF4E9631AF01EFADC
:10914000C4EB44100F4B316AD98004EB8004002239
:10915000E4001C805A809A801A815A81A8E7186816
:109160004FF47A710FF00CFED8E700BF845F001057
:109170001EAB0400CCA60400F4A20400942E001040
:1091800041AB04009853001053AB040028080210B0
:1091900004ED00E0805F001068AB040070B58AB099
:1091A00002AB0C4605460146184630F071F9254BD6
:1091B000254A264901900093002040F2C7731AF017
:1091C000DDF9234B204A2149009300204FF4F96335
:1091D00001941AF0D3F91F481F4E631C0370092332
:1091E0004370224629460230FEF724F81B4BA21C8E
:1091F0001A7000211E223046FEF788FD22462946BD
:109200003046FEF717F81E21304619F03BF9144B93
:1092100000930D4A0D49019640F2D27300201AF0D6
:10922000ADF9104B1B6853B10020FFF709FEFFF7A3
:1092300033FE0020FFF708FF00200AB070BDFFF7E3
:109240002BFEF9E77AAB0400CCA60400F4A20400DC
:1092500096AB04005D5F0010952E0010182F0010D3
:1092600080AB0400805F00102DE9FF41054611F03E
:10927000FFFF014602A819F06DFC0DF10D064FF03D
:1092800000086F1C15F81800A0F13004092C03D950
:1092900030F046FAA0F1370417F81800A0F13003B7
:1092A000092B4FEA04142BD81C4408F10108B8F12B
:1092B000060F06F80149E5D1194B1B682BB30020B6
:1092C000FFF7BEFD02A810F0D1FE164802A919F062
:1092D00041FC10F0DFFFFFF7DFFD134B93F8250093
:1092E000FFF7B2FE114B0093114A1249019540F667
:1092F0002A0300201AF042F9002004B0BDE8F081F2
:1093000030F00EFA37380444CFE702A810F0AEFE72
:10931000044802A919F01EFC10F0BCFFE2E700BFF0
:10932000805F001054780210942E0010ADAB040042
:10933000CCA60400F4A2040000B589B0134B144A73
:1093400014490093002040F25C531AF017F90120F1
:1093500010F052FDFFF758FB00230C2102A8CDE9C5
:109360000533079308F066FA0C2205A902A82FF02E
:10937000D7FF10B102A8FFF777FF074816F0A6F94C
:10938000FFF7F2FA19F01AFAFCE700BFC6AB0400C7
:10939000CCA60400F4A204002D7F010070477047A2
:1093A0007047084691B2FFF749BC08461146FFF7DF
:1093B0003DBC6FF0060070477047FFF731BC0000FE
:1093C0002DE9F041184B86B01F6806464D08002471
:1093D0000DF10808A54219DC144C002138460BF0A9
:1093E00055FE134BD4F820221A600021C4F8201235
:1093F0000723424638460BF0B1F9D4F8103443F055
:109400000203C4F8103406B0BDE8F08136F8143019
:10941000ADF804301022002101A830F0EFF808F870
:1094200004000134D6E700BF906F021000C0005066
:10943000200802102DE9F041164B174ED3F800809A
:10944000C0B007460D466424D6F80C331B0615D56C
:109450002A46694640460BF079FB0446B0B92A68B3
:1094600069463846FDF7E6FE0C4B1B68C6F8283205
:109470002046C6F8203240B0BDE8F081013C03D060
:1094800001201AF04FF8DFE70548F4E76FF0060017
:10949000F1E700BF906F021000C0005020080210DA
:1094A00004000008C0B210F0D3BD0000084A002339
:1094B00010B5C2E90033107106481A4603EBC30128
:1094C00044180133072B6270A2704254F6D110BDCC
:1094D000186000104508021010B5002305481A4610
:1094E00003EBC30144180133072B6270A27042548E
:1094F000F6D110BD45080210044B01EBC1015A180A
:10950000A2F8010001225A54704700BF450802101A
:1095100007B58378272B0AD10B4B00930B4A0C49D4
:10952000522300201AF02AF803B05DF804FB292B1F
:10953000FAD103790193074B0093044A04496B2342
:1095400000201AF01BF8EFE720AD040001AC040086
:10955000F4A2040032AD04002DE9F3411546D2B265
:10956000D300274F274C3E681344012804EB030225
:1095700020D1C9B2E054A2F80110002E3CD0224BF9
:109580001B68012B38D100F023FD204B142101FB77
:109590000531EE0038B30191354400F07BFC3B68A7
:1095A00001992C44B4F80500984702B0BDE8F04199
:1095B00000F0B2BC4FF0000804F8038082F801808C
:1095C00082F80280C6B1104B1B68012B14D100F049
:1095D000FFFCEE00014630B1354400F05BFC2C444A
:1095E0003B684146DEE735442C443B68B4F805004F
:1095F00002B0BDE8F041184702B0BDE8F08100BFFD
:109600009808021045080210845F00108C5F00105B
:1096100019F088BF014814F04BBA00BF582F001052
:10962000014BC3E902017047582F00102DE9F341A7
:10963000134C05460F4616460323227904F104080D
:109640000AB1617951B9013B13F0FF0304F102043F
:10965000F3D14FF0FF3002B0BDE8F081094B0A4969
:1096600001920093094AAF23002019F087FF98F870
:1096700000003B463246294614F032F80020EAE763
:1096800024600010A1AE0400F4A2040014AE040093
:10969000034B00229A60C3E9002298721A81704736
:1096A0002460001013B5134B0193134B00930C4629
:1096B000D923124A1249002019F060FF40F20273C8
:1096C0009C420FD10F4B0093E1230C4A0C49002020
:1096D00019F054FF0598BDF81010FFF745FA002067
:1096E00002B010BD40F204739C42F3D1064B0093CC
:1096F000E323EAE7EFAE040089AC040014AE0400F3
:10970000F4A20400B5AE0400C4AE040037B5144B97
:109710000193144B00930C46F023134A1349069D02
:10972000002019F02BFF40F202739C4210D1104B25
:109730000093F9230C4A0D49002019F01FFFD5E9C9
:1097400001232046198814F0CFF9002003B030BD62
:1097500040F204739C42F2D1064B0093FB23E9E7ED
:1097600009AF040089AC040014AE0400F4A20400A4
:10977000D3AE0400E1AE0400034B421E03EB4203F0
:10978000012218715A71704724600010034B013890
:1097900003EB400000238380704700BF246000106B
:1097A000FFF7F4BF07B58378272B0AD10B4B009343
:1097B0000B4A0C496823002019F0E0FE03B05DF865
:1097C00004FB292BFAD103790193074B0093044A38
:1097D00004498123002019F0D1FEEFE720AD0400F9
:1097E00014AE0400F4A2040032AD0400034B586828
:1097F000C0F30800003818BF0120704700ED00E0FA
:1098000073B50D4C26680546084656B901F0E5FBD0
:109810000A4B0093024633460948012110F07CF9B7
:109820002060084B1D602368002B0CBF6FF0060002
:10983000002002B070BD00BF50600010119D0100FB
:1098400022AF040044600010F0B5474E2DED028BAE
:10985000356808EE100A85B03746002D7ED0002806
:109860007CD0424B1960FFF7C1FF044600284CD062
:10987000002300931A4608212846039310F068F944
:1098800001286BD1039B3BB1394B4FF080521A60DA
:10989000BFF34F8FBFF36F8FDFED367AB8EE488A94
:1098A000002328EE278A0093FCEEC87A386817EE6A
:1098B000902A03AB092110F04BF901284ED1039BEC
:1098C0003BB12B4B4FF080521A60BFF34F8FBFF369
:1098D0006F8F3C680FF02CFD002302460093062199
:1098E00003AB204610F034F9012837D1039B3BB17C
:1098F0001F4B4FF080521A60BFF34F8FBFF36F8F33
:10990000002005B0BDEC028BF0BD64270346024683
:1099100000970321284610F01BF901281ED1DFED26
:10992000157A0097B8EE488A306828EE278A2346D1
:10993000FCEEC87A042117EE902A10F009F90128EC
:1099400005460BD136680FF0EDFC00970246234622
:109950002946304610F0FCF8012802D06FF00600CE
:10996000CFE72046CDE700BF506000103860001000
:1099700004ED00E06F12833F0D4B13B51C6874B10A
:10998000FFF734FF70B1002300931A4608212046E8
:1099900010F0DEF8012802D1002002B010BD6FF0F7
:1099A0000600FAE764230093024603460321EEE72C
:1099B0005060001070B52DED028B08EE100A86B0D5
:1099C00028B96FF0060006B0BDEC028B70BD07F041
:1099D000C5FD20B9474B1B78002B40F08780464CD3
:1099E00023683BB9454A009245481A46012110F0C8
:1099F00093F82060FFF7FAFE03462068002B4BD057
:109A0000002300931A460821059310F0A1F80128BD
:109A1000D7D1059B3BB13B4B4FF080521A60BFF34F
:109A20004F8FBFF36F8FDFED387AB8EE488A00238F
:109A300028EE278A0093FCEEC87A206817EE902A59
:109A400005AB092110F084F80128BAD1059B3BB180
:109A50002C4B4FF080521A60BFF34F8FBFF36F8FC4
:109A600024680FF065FC002302460093062105AB35
:109A7000204610F06DF80128A3D1059B3BB1214B86
:109A80004FF080521A60BFF34F8FBFF36F8F1F4BA1
:109A900001221A70002096E7642600961A460321D8
:109AA000039310F055F801288BD1DFED177A00965B
:109AB000B8EE488A039B206828EE278A0421FCEE32
:109AC000C87A17EE902A10F043F8012805467FF473
:109AD00078AF24680FF026FC039B009602462946C7
:109AE000204610F035F80128D1D06AE76FF0050064
:109AF00069E700BF6C5200104C600010E19B010050
:109B000029AF040004ED00E06F12833F48600010AD
:109B100007B51C4B1C4A1D490093002040F27513E9
:109B200019F02CFD282027F053FC282027F056FCA4
:109B30000021282027F0BAFA0121282027F0E8FA8E
:109B40000521282027F0A4FB1149282027F0D6FB67
:109B50002B2027F03DFC2B2027F040FC00212B2060
:109B600027F0A4FA01212B2027F0D2FA05212B207F
:109B700027F08EFB07492B2003B05DF804EB27F09C
:109B8000BDBB00BFBEAF040030AF0400F4A20400B0
:109B90002D9D0100C19D010007B50D4B0D4A0E49D9
:109BA000009300204FF4C47319F0E8FC282027F03C
:109BB0000FFC282027F012FC2B2027F009FC2B207B
:109BC00027F00CFC054B00221A7003B05DF804FB73
:109BD000D2AF040030AF0400F4A2040048600010CB
:109BE00007B50EF027FC07F0B9FC48B9104B1B78FD
:109BF00033B1104B187003B05DF804EB0EF034BCB9
:109C00000D4B1B681BB10B4B00221A70F3E701933D
:109C1000FFF7C2FF019B09490722184602F0D2FB59
:109C2000019B06490722012002F0CCFBE3E700BFBD
:109C30006C520010486000105837021054A3040002
:109C400030B51A4C216885B021B9032201200EF0ED
:109C5000B7FE2060164D296819B9FF200EF0C9FE25
:109C60002860144D2B785BB9134A019202220092AE
:109C7000124913484FF480620FF000FA01232B7051
:109C8000104B01221A70FFF743FFFFF7AFFD30B111
:109C9000206803AA00210FF017F905B030BD206835
:109CA0004FF0FF310FF06CF8F7E700BF4060001095
:109CB0003C6000103460001030600010E8AF040019
:109CC000A59F01003660001013B50E4C236883B1C8
:109CD000FFF752FEFFF78AFD034660B1206801A935
:109CE0000EF089FFFFF758FF074A00231370074A59
:109CF000137002B010BD0246014620680EF088FEC7
:109D0000F0E700BF40600010366000105C370210C2
:109D100010B5FFF7D9FF034B034A1B681068BDE875
:109D200010401847446000103860001007B51C4B05
:109D30001C4A1D490093002040F2451319F01EFCF7
:109D4000FFF72AFF194B1B78D3B1194B154A164957
:109D50000093002040F24B1319F010FCFFF7B4FF02
:109D600002F06CFC002313490922184602F02AFB7A
:109D7000104900230922012002F024FB02F04CFCD0
:109D80000D4B1B782BB90D4B01221A7003B05DF8F7
:109D900004FB42F2107003B05DF804EBFFF70ABE5B
:109DA000F6AF040030AF0400F4A2040036600010E7
:109DB0000CB004001AB004006C520010486000108F
:109DC00007B51C4B1C4A1D490093002040F25D134F
:109DD00019F0D4FBFFF7E0FE194B1B78D3B1194BF8
:109DE000154A16490093002040F2631319F0C6FB90
:109DF000FFF76AFF02F022FC0023134909221846EC
:109E000002F0E0FA104900230922012002F0DAFAF8
:109E100002F002FC0D4B1B782BB90D4B01221A707E
:109E200003B05DF804FB42F2107003B05DF804EB80
:109E3000FFF7C0BD24B0040030AF0400F4A204005A
:109E4000366000100CB004001AB004006C52001010
:109E5000486000100B4B13B51C6854B10A4B1B78BB
:109E60003BB1FFF7C3FC034628B101A920460EF021
:109E7000C2FE02B010BD0246014620460EF0C8FDEB
:109E8000F7E700BF3C600010366000107047704775
:109E90007047000037B51C4C227862BBFFF7A6FC68
:109EA00058B3EFF311854FF0800383F31188BFF3AC
:109EB0006F8FBFF34F8FFFF76FFE00F05DFB27F052
:109EC0008DFB00F055FF01F0D9FB02F0B7FB00F06D
:109ED000D3F927F00DF801232370FFF787FC78B141
:109EE00085F31188094B0093094A0A4940F223235C
:109EF000002019F043FB03B030BD0EF09BFADAE707
:109F00000EF0B2FAEEE700BF356000103AB0040080
:109F100030AF0400F4A2040037B51D4C22787AB3A8
:109F2000FFF764FC70B3EFF311854FF0800383F308
:109F30001188BFF36F8FBFF34F8F00F009FF26F03A
:109F4000B5FE00F083F902F067FB01F08DFB27F00E
:109F5000D1FA00F010FB0F4B1B780BB1FFF7D8FDC7
:109F600000232370FFF742FC78B185F311880A4B78
:109F700000930A4A0A4940F24F23002019F0FEFAE2
:109F800003B030BD0EF056FAD7E70EF06DFAEEE7EB
:109F900035600010366000104AB0040030AF040095
:109FA000F4A2040008B5084C084D20684FF0FF31BA
:109FB0000EF0E6FE2B78002BF7D0FFF76BFF09F0D1
:109FC000E9FAFFF7A9FFF0E73C60001036600010E7
:109FD000014B1878704700BF366000101FB5164B54
:109FE000142202FB00300023C268144830F8021B20
:109FF00001F03F01914204D00133202BF6D104B08F
:10A0000010BD0F4911F823300E4903F0070413F077
:10A01000080F4FF6FF7308BF19460323009320462D
:10A02000022303910BF02CFC0399204604B0BDE8F9
:10A0300010400BF065BB00BF586000105CB004001E
:10A040009CB004000000FFFF70B5154D15491423A6
:10A0500003FB00530446DE68002331F8022B02F0B4
:10A060003F02B24203D00133202BF6D170BD0E4A1D
:10A070000E4912F823004FF6FF7310F0080F08BFC7
:10A08000194600F007000BF03BFB142000FB0454C2
:10A09000074BE0681968BDE870400BF009BE00BFCF
:10A0A000586000105CB004009CB004000000FFFF8A
:10A0B00014E70400114938B5002331F8022B02F0EF
:10A0C0003F02824203D00133202BF6D138BD0C4A27
:10A0D0000C4C12F8233003F0070513F0080F4FF66D
:10A0E000FF7308BF1C46002101200BF065F92146D3
:10A0F0002846BDE838400BF003BB00BF5CB004004D
:10A100009CB004000000FFFF2DE9FF41494B1B7884
:10A110000C46032B17D8DFE803F002191F25FF298F
:10A1200033D84FF48077444B142202FB00300023D5
:10A13000C268424830F8021B01F03F01914227D02B
:10A140000133202BF6D16FF006006FE0B1F5806F80
:10A150001BD24FF48067E6E7B1F5805F15D24FF46C
:10A160008057E0E7B1F5804F0FD24FF48047DAE730
:10A170000223A04622E015F5803F53D1304B03EB7C
:10A1800046131B6813F4803F43E06FF002004DE07C
:10A190002C492D4D11F823304FF6FF7113F0080FA5
:10A1A00003F0070608BF0D46002CE1D0A74215BFFB
:10A1B000002303234FF001084FF000080321009112
:10A1C000304629460BF05CFBC222294630460BF094
:10A1D000DDFAB8F1000F0FD023463A462946304643
:10A1E0000BF040FC2946304623463A460BF076FCFD
:10A1F000294630460BF044FA0BF038FF4FF6FF7358
:10A200009D420390B7D10E4B03EB46131B6813F02E
:10A21000010F07D000200446294630460BF0EEFA25
:10A220008442F8D903980BF025FF002004B0BDE864
:10A23000F08100BF54600010586000105CB0040052
:10A240000C8000409CB004000000FFFF38B5094DB1
:10A2500000246B7813B1E0B2FFF7C0FE2B7813B186
:10A26000E0B2FFF7F1FE0134032C05F11405F0D143
:10A2700038BD00BF5860001038B5094C0025237860
:10A2800013B1E068FFF716FF63781BB12169E8B2EC
:10A29000FFF73AFF0135032D04F11404EFD138BD67
:10A2A000586000101FB54FF0FF3103200BF028FA63
:10A2B0000D4B009300206C230C4A0D4919F05EF9F8
:10A2C0000C4B0D485B68C3F3080333B1006803A966
:10A2D0000EF091FC05B05DF804FB1A4619460068C3
:10A2E0000EF096FBF6E700BFA4B104001CB1040019
:10A2F000F4A2040000ED00E0A460001010B50020FE
:10A300000BF04CFC04460BF039FC2046BDE8104035
:10A310000BF0EAB807EE900A9FED077AF8EE677A3D
:10A3200067EE877A9FED057A67EE877AFCEEE77A2B
:10A3300017EE900A704700BF00007A440000003812
:10A3400007B54FF480700DF0F1FB104B104A114926
:10A3500000930020262319F011F94FF0FF30FFF78A
:10A36000D9FF0D49D1E90023121843F10003C1E9D7
:10A3700000230A4AD2E9003113F1FF3341F1000111
:10A38000C2E9003103B05DF804FB00BFB8B10400BE
:10A390001CB10400F4A20400A86000109860001032
:10A3A00007EE900A9FED077ADFED076AF8EE677A0D
:10A3B00067EE877A87EEA67AFCEEC77A17EE900AE8
:10A3C000704700BF0000004700007A44024B1B6842
:10A3D0000BB10020184770479460001008B50A4B75
:10A3E0001B6883B1094B0A4800221A7009F0CCF8A7
:10A3F000FFF7EEFD38B1FFF74DFD09F0CBF8BDE8F2
:10A400000840FFF789BD08BD946000105C3702105A
:10A410006C2F001008B5044C20684FF0FF310EF08F
:10A42000AFFCFFF7DBFFF7E7A460001030B51A4D73
:10A430000C46296887B021B9032201200EF0C0FA2A
:10A440002860164A136843B9019204220092144905
:10A4500014484FF480620EF011FE134A134D07CAE0
:10A4600003AB83E80700194603200BF05DF9402099
:10A470000BF084FB40200BF06DFBE0230C4985F8CA
:10A480000E3340200BF048F84FF480432B60094B0B
:10A4900000201C6007B030BDA4600010A060001058
:10A4A000E8AF040015A40100BC9F040000E100E037
:10A4B000A5A201009460001070B516460D460DF07F
:10A4C000DFFA346825442D1A6B1C4FF0FF314FF032
:10A4D000030008BF00250BF0FDF84FF0FF3103200B
:10A4E0000BF00EF92B4600224FF0FF3103200BF04A
:10A4F0007DFA4FF0FF3103200BF0C2F8002070BD51
:10A5000008B54FF0FF3103200BF0E4F84FF0FF31B6
:10A5100003200BF0F5F840200BF030FB002008BDC5
:10A5200008B50DF0ADFA002108BD000008B50DF02A
:10A53000A7FA024B1B68184408BD00BF98600010C2
:10A5400008B50DF09DFAFFF7E5FE034BD3E90023B4
:10A55000101843F1000108BDA860001010B50C46AA
:10A560000DF08EFA84428ABFE443001B001910BD2F
:10A570004FF0FF307047704770470000084B186875
:10A5800060B1084B5B68C3F308031BB1002211469E
:10A590000EF09ABC4FF0FF310EF0F2BB704700BFD7
:10A5A000B460001000ED00E0074B186858B1074B8D
:10A5B0005B68C3F3080313B100210EF01CBB1A46FD
:10A5C00019460EF025BA7047B460001000ED00E0A7
:10A5D00070B5294CA378002B4DD0E378002B4AD0DE
:10A5E000264DFFF7CBFF28680BF098FF024620B1FD
:10A5F00023494FF4B17018F0E9FF224E082031686A
:10A600000BF056FB024620B11D4940F2691018F0CC
:10A61000DDFF316809200BF04BFB024620B11849E1
:10A6200040F26B1018F0D2FF31680A200BF040FBAB
:10A63000024620B1124940F26D1018F0C7FF002207
:10A64000286802210CF010F9024620B10C494FF4A1
:10A65000BA7018F0BBFF28680BF08EFF024620B1DD
:10A66000074940F2771018F0B1FF0023E370BDE80E
:10A670007040FFF799BF70BDB8600010A0280210AD
:10A68000C4B1040014E70400084B186860B1084B1B
:10A690005B68C3F308031BB1002211460EF014BC23
:10A6A0004FF0FF310EF06CBB704700BFB060001080
:10A6B00000ED00E0074B186858B1074B5B68C3F327
:10A6C000080313B100210EF096BA1A4619460EF08F
:10A6D0009FB97047B060001000ED00E070B5294CE4
:10A6E0002378002B4DD06378002B4AD0264DFFF7FE
:10A6F000CBFF28680BF012FF024620B123494FF42C
:10A700009B7018F063FF224E052031680BF0D0FAE1
:10A71000024620B11D4940F23D1018F057FF316844
:10A7200006200BF0C5FA024620B1184940F23F104E
:10A7300018F04CFF316807200BF0BAFA024620B13E
:10A74000124940F2411018F041FF0022286802210E
:10A750000CF08AF8024620B10C494FF4A47018F0AE
:10A7600035FF28680BF008FF024620B1074940F288
:10A770004B1018F02BFF00236370BDE87040FFF70B
:10A7800099BF70BDB86000109C180210C4B10400DD
:10A7900014E7040038B5002878D17C4C23681BB935
:10A7A00001200EF0C7F92060794D6C78002C40F044
:10A7B000EC80FFF769FF774920460BF039FE02462F
:10A7C00018B17549C12018F001FF724C00221146E2
:10A7D00020680CF049F8024618B16F49C42018F0FF
:10A7E000F5FE6E4920680CF011F9024618B16A496D
:10A7F000CA2018F0EBFE6A4A206801210CF060FCC8
:10A80000024618B16449CD2018F0E0FE654B0520E2
:10A8100019680BF04DFA024618B15F49D42018F0C0
:10A82000D5FE614B062019680BF042FA024618B1BA
:10A830005949D62018F0CAFE5C4B072019680BF066
:10A8400037FA024618B15449D82018F0BFFE2068E4
:10A85000FD210BF0A9FE024618B14F49DD2018F08A
:10A86000B5FE534B802283F8062340221A602068ED
:10A870000BF000FE024618B14749E62018F0A6FE8C
:10A8800001236B70BDE83840FFF714BF01287CD16D
:10A89000484C236813B90EF04DF920603C4DEB781D
:10A8A000002B72D1FFF76AFE434901200BF0C0FD77
:10A8B000024618B13849FA2018F088FE3E4C0022B2
:10A8C000114620680BF0D0FF024618B13249FD2036
:10A8D00018F07CFE394920680CF098F8024620B147
:10A8E0002D4940F2031018F071FE354A206801210D
:10A8F0000CF0E6FB024620B127494FF4837018F0B4
:10A9000065FE304B082019680BF0D2F9024620B1E1
:10A91000214940F20D1018F059FE2B4B09201968FF
:10A920000BF0C6F9024620B11B4940F20F1018F097
:10A930004DFE264B0A2019680BF0BAF9024620B1E9
:10A94000154940F2111018F041FE2068FD210BF06E
:10A950002BFE024620B110494FF48B7018F036FEE2
:10A96000134B802283F807231A6020680BF082FDC6
:10A97000024620B1084940F21F1018F027FE0123BB
:10A98000EB70BDE83840FFF70FBE38BDB060001077
:10A99000B86000109C180210C4B10400742F00109D
:10A9A000C06000105CA2040054A2040058A204007D
:10A9B00000E100E0B4600010A0280210882F001011
:10A9C000C160001068A2040060A2040064A2040038
:10A9D00030B90A4B52B9012906D000221A727047C9
:10A9E0000128FCD1064BF5E70222F7E7012AF4D152
:10A9F0000029F3D00129F0D10322EFE7742F0010D2
:10AA0000882F0010D0B9194A194B914201D85A60C9
:10AA10007047184A9142FAD9174A9142F7D9174A12
:10AA20009142F4D9164A914202D8114B144AEEE7EA
:10AA3000144A9142EBD90E4B134AE8E7012804D19E
:10AA40000A4B994202D8114A53607047094B994208
:10AA5000F9D9094B9942F6D9084B9942F3D9084BD9
:10AA60009942E2D9074B9942E5D8ECE748E8010062
:10AA7000742F001090D0030020A1070040420F0067
:10AA800080841E0000093D0000127A00882F00100B
:10AA900030B9074B09B11870704701221A7070471E
:10AAA0000128F9D1034B0029F5D00022F6E700BFB9
:10AAB000C0600010C1600010032810B5044605D81E
:10AAC000FFF768FE024B012203F8142010BD00BFFF
:10AAD000B8600010032810B5044606D830B9FFF757
:10AAE000FDFD054B002203F8142010BD0128F8D10C
:10AAF000FFF76EFDF5E700BFB86000102DE9F04FDD
:10AB0000032895B0DDE91EB807460E4691461D465E
:10AB100000F212818A4B03EB400393F801A0BAF1D3
:10AB2000000F00F00981002840F08680FFF7ACFD9F
:10AB3000282239466846FDF7E9F8282239460DEB08
:10AB40000200FDF7E3F8002E4AD0002D3CD0CDE9FD
:10AB50000177CDE90565CDE9087702238DF810303E
:10AB6000CDF80C90ADF81C70FF23009340460121F6
:10AB700026F09CFA404626F021FB002841D0002117
:10AB8000404626F0EBFA002E47D06E4B6946186817
:10AB9000002D38D00CF08CF9044628B16A490246E1
:10ABA00040F2922018F012FDBAF1000F03D00121FB
:10ABB000404626F0D3FAFFF77DFD201E18BF012086
:10ABC000404215B0BDE8F08FCDE90155CDE90855FB
:10ABD0008DF81050CDF80C900596ADF81C50C3E7D9
:10ABE000002DC3D001238DF83830FF23CDE90B664B
:10ABF000CDE91266CDF834B01095ADF844600A93F3
:10AC0000B4E78246BFE70CF031F804460028CBD009
:10AC100002464D4940F29720C4E7002DC4D0494B6D
:10AC20000AA918680CF022F804460028BCD0024695
:10AC300045494FF42770B5E701287DD1FFF79EFC09
:10AC4000282200216846FDF761F8282200210DEB3B
:10AC50000200FDF75BF8002E43D0B5B30023CDE929
:10AC60000133CDE90565CDE9083302228DF81020C6
:10AC7000CDF80C90ADF81C30FF2300934046012125
:10AC800026F014FA404626F099FA002839D000211F
:10AC9000404626F063FA002E3FD02C4B69461868D8
:10ACA0008DB30CF005F9044628B1274902464FF44C
:10ACB0003A7018F08BFCBAF1000F03D00121404626
:10ACC00026F04CFAFFF770FC77E7CDE90155CDE9A6
:10ACD00008558DF81050CDF80C900596ADF81C5025
:10ACE000CAE7002DCAD0FF23CDE90B66CDE9126675
:10ACF0008DF83870CDF834B01095ADF844600A93F3
:10AD0000BCE78246C7E70BF0B1FF04460028D2D06B
:10AD100002460D4940F2ED20CBE7002DCBD00B4B86
:10AD20000AA918680BF0A2FF04460028C3D0024607
:10AD3000054940F2F220BCE74FF0FF3041E700BF89
:10AD4000B86000109C180210C4B10400A0280210C2
:10AD500010B5064C22780AB1FFF7C0FCA3781BB1EE
:10AD6000BDE81040FFF734BC10BD00BFB860001054
:10AD700038B5064D002415F8143013B1E0B2FFF7D2
:10AD800009FD0134042CF6D138BD00BFB8600010B5
:10AD9000BFF34F8F0549064BCA6802F4E0621343C4
:10ADA000CB60BFF34F8F00BFFDE700BF00ED00E0B9
:10ADB0000400FA05EFF31083036072B6704703686E
:10ADC00083F31088704770471FB5164B186870B131
:10ADD000154B5C68C4F30804CCB1002303AA0092AD
:10ADE00003211A4603930EF0B3FE012802D06FF040
:10ADF00006000AE0039B3BB10C4B4FF080521A60F7
:10AE0000BFF34F8FBFF36F8F002004B010BD6423DA
:10AE100000932246234603210EF09AFE0128E6D134
:10AE20002046F2E7C460001000ED00E004ED00E011
:10AE300004280FD8DFE800F00306080A0C00064BD0
:10AE400018687047054BFBE7054BF9E7054BF7E73B
:10AE5000054BF5E700207047686100106C61001039
:10AE600070610010746100107861001004280FD820
:10AE7000DFE800F00306080A0C00064B186870476C
:10AE8000054BFBE7054BF9E7054BF7E7054BF5E706
:10AE900000207047186100101C6100102061001034
:10AEA00024610010286100101C4A08B500231370AB
:10AEB0001B4A1268904211D01A4B1B68984225D049
:10AEC000194B1B68984223D0184B1B68984221D01D
:10AED000174B1B6898420CBF042300231548062219
:10AEE00000F83320144A00EBC3000C2101FB0323BC
:10AEF000436008F049FBFFF76BF868B1FEF7CAFF43
:10AF000008F048FBBDE80840FFF706B80123E5E775
:10AF10000223E3E70323E1E708BD00BF5C3702102B
:10AF2000186100101C6100102061001024610010E5
:10AF300028610010C86000102C6100101C4A08B580
:10AF4000002313701B4A1268904211D01A4B1B68E1
:10AF5000984225D0194B1B68984223D0184B1B6888
:10AF6000984221D0174B1B6898420CBF0423002342
:10AF70001548052200F83320144A00EBC3000C21C9
:10AF800001FB0323436008F0FFFAFFF721F868B1E3
:10AF9000FEF780FF08F0FEFABDE80840FEF7BCBFF0
:10AFA0000123E5E70223E3E70323E1E708BD00BF50
:10AFB0005C370210686100106C6100107061001055
:10AFC0007461001078610010F06000107C61001066
:10AFD00083680BB1406818477047003818BF0120DC
:10AFE0007047704737B50C23144D43430446E818A7
:10AFF000EC5481601046FFF7F0FF114B00930246BE
:10B000000023104801210EF087FD90B1042C06D8D2
:10B01000DFE804F00307090B0D000B4B186000205C
:10B0200009E00A4BFAE70A4BF8E70A4BF6E70A4B46
:10B03000F4E76FF0060003B030BD00BF7C61001084
:10B040003DAF010025AF0400686100106C61001085
:10B05000706100107461001078610010F0B52DED82
:10B06000028B85B008EE101A0446FFF7E1FE054694
:10B0700011B96FF0060054E00028FAD00C236343A6
:10B080003F49CC54CE183F4B72605C68C4F308044F
:10B09000002C4AD0002300931A46082103930EF097
:10B0A00057FD0128E5D1039B3BB1374B4FF0805250
:10B0B0001A60BFF34F8FBFF36F8FDFED347AB8EEB6
:10B0C000488A002328EE278A0093FCEEC87A03AB57
:10B0D00017EE902A092128460EF03AFD0128C8D122
:10B0E000039B3BB1284B4FF080521A60BFF34F8F48
:10B0F000BFF36F8F0EF01CF9002302460093062168
:10B1000003AB28460EF024FD0128B2D1039B3BB1CE
:10B110001D4B4FF080521A60BFF34F8FBFF36F8FFC
:10B12000002005B0BDEC028BF0BD642700972346DC
:10B13000224603210EF00CFD01289AD1DFED137A8F
:10B140000097B8EE488A234628EE278A0421FCEEB1
:10B15000C87A284617EE902A0EF0FAFC0128064617
:10B1600087D10EF0DFF80097024623463146284685
:10B170000EF0EEFC01287FF47CAF2046D1E700BF43
:10B180007C61001000ED00E004ED00E06F12833FF1
:10B190001FB50246FFF74CFE18B96FF0060004B069
:10B1A00010BD164B0C2101FB023200235360144AE0
:10B1B0005468C4F30804ACB10DEB01020092032102
:10B1C0001A4603930EF0C4FC0128E6D1039B3BB161
:10B1D0000C4B4FF080521A60BFF34F8FBFF36F8F4D
:10B1E0000020DCE7642300932246234603210EF06F
:10B1F000AFFC0128D1D12046D1E700BF7C6100100F
:10B2000000ED00E004ED00E073B50446164DFFF7D5
:10B210002DFE0C236343EE18EC54B160034658B97D
:10B220001046FFF7DAFE114900910246012110484D
:10B230000EF072FC034690B1042C0ED8DFE804F047
:10B24000030507090B000B4A13600B4A13600B4AF6
:10B2500013600B4A13600B4A1360002001E06FF08B
:10B26000060002B070BD00BF2C610010A9AE010045
:10B270004FB20400186100101C6100102061001022
:10B280002461001028610010F0B52DED028B85B00F
:10B2900008EE101A0446FFF7E9FD054611B96FF0F4
:10B2A000060054E00028FAD00C2363433F49CC54F5
:10B2B000CE183F4B72605C68C4F30804002C4AD07F
:10B2C000002300931A46082103930EF041FC012845
:10B2D000E5D1039B3BB1374B4FF080521A60BFF36F
:10B2E0004F8FBFF36F8FDFED347AB8EE488A0023BB
:10B2F00028EE278A0093FCEEC87A03AB17EE902A5B
:10B30000092128460EF024FC0128C8D1039B3BB13B
:10B31000284B4FF080521A60BFF34F8FBFF36F8FEF
:10B320000EF006F8002302460093062103AB2846E0
:10B330000EF00EFC0128B2D1039B3BB11D4B4FF028
:10B3400080521A60BFF34F8FBFF36F8F002005B09C
:10B35000BDEC028BF0BD64270097234622460321F3
:10B360000EF0F6FB01289AD1DFED137A0097B8EEC4
:10B37000488A234628EE278A0421FCEEC87A28460C
:10B3800017EE902A0EF0E4FB0128064687D10DF057
:10B39000C9FF009702462346314628460EF0D8FBE7
:10B3A00001287FF47CAF2046D1E700BF2C6100105C
:10B3B00000ED00E004ED00E06F12833F1FB5024690
:10B3C000FFF754FD18B96FF0060004B010BD164B1E
:10B3D0000C2101FB023200235360144A5468C4F369
:10B3E0000804ACB10DEB0102009203211A4603934D
:10B3F0000EF0AEFB0128E6D1039B3BB10C4B4FF0A6
:10B4000080521A60BFF34F8FBFF36F8F0020DCE7CD
:10B41000642300932246234603210EF099FB012862
:10B42000D1D12046D1E700BF7C61001000ED00E0E3
:10B4300004ED00E0084B186860B1084B5B68C3F38B
:10B4400008031BB1002211460DF03EBD4FF0FF3145
:10B450000DF096BC704700BFB861001000ED00E031
:10B46000074B186858B1074B5B68C3F3080313B167
:10B4700000210DF0C0BB1A4619460DF0C9BA70473D
:10B48000B861001000ED00E010B5184C23681BB93E
:10B4900001200DF04FFB2060154CFFF7CBFF21463C
:10B4A00002200AF0C5FF0022114620680BF0DCF9EB
:10B4B000104920680BF0AAFA0F4B1B2019680AF0FC
:10B4C000F7FB0E4B192019680AF0F2FB2068FF21E8
:10B4D0000BF06AF80A4B4FF480721A6020680AF089
:10B4E000C9FFBDE81040FFF7BBBF00BFB861001047
:10B4F000A42802109C2F00106CA2040070A204006B
:10B5000000E100E038B50C4C0C4DFFF793FF2068CC
:10B510000BF004F829681B200AF0CAFB29681920DF
:10B520000AF0C6FB2068002202210BF09DF9BDE85D
:10B530003840FFF795BF00BFA428021014E70400AD
:10B5400013B5094C01AA206801210BF049F840B954
:10B55000019931B120680BF061F8019920680BF076
:10B5600071F802B010BD00BFA428021010B5044647
:10B5700008B9FFF789FF024B01221A5510BD00BF21
:10B58000BC61001010B5044608B9FFF7BBFF024BC1
:10B5900000221A5510BD00BFBC61001020B9054A39
:10B5A000054B914201D85A607047044A914288BFC6
:10B5B000034AF8E7A08601009C2F001090D00300FA
:10B5C000801A0600F0B50D468BB016461F4604469D
:10B5D000D8B9FFF72FFF9DF840308DF8104083F069
:10B5E00001038DF81C300C4B8DF81D401868039733
:10B5F0006946CDE90144CDE90844059600950BF074
:10B6000035FB0446FFF72CFF1CB16FF003000BB0B5
:10B61000F0BD2046FBE700BFA4280210F0B50D46A0
:10B620008BB016461F460446B0B9FFF703FF01234F
:10B630008DF810300B4BADF81C4018680397694625
:10B64000CDE90144CDE90844069600950BF00EFBC8
:10B650000446FFF705FF1CB16FF003000BB0F0BD0F
:10B660002046FBE7A428021008B5034B1B780BB15A
:10B67000FFF748FF002008BDBC61001008B5034B70
:10B680001B780BB1FFF700FF002008BDBC61001064
:10B69000034B5868C0F30800003818BF01207047FA
:10B6A00000ED00E02DE9F04F334EDFF8D4808BB091
:10B6B00000238DF80730B1464FF0FF31D8F8000075
:10B6C0000DF05EFB30680DF03EFC1FFA80FB044677
:10B6D000BBF1000FF0D0DFF8ACA0002557460135D4
:10B6E000D9F800004FF0FF320DF10701ADB20DF0B7
:10B6F000BFFA9DF807300AF8013BAB45EFD8FEF7DB
:10B7000067FC0128DFF880A0DFF880B0A4B24FF01A
:10B71000000503AB1AD1FEF7BDFB03AB4FF0FF32C0
:10B72000DBF80000099305A9CDE9055703950794B7
:10B7300008928AF800500CF081FB104B02939AF8A3
:10B740000030002BFBD0FEF7E7FBB5E74FF0FF32F0
:10B75000DBF80000039505A9CDE90823CDE90557DD
:10B7600007948AF800500CF069FB044B04939AF894
:10B770000030002BFBD09FE7AC6A001040420F0066
:10B78000B06A0010E46A0010E8720010C061001096
:10B790002DE9F04FDFF8D080DFF8D0908BB0C246B3
:10B7A0004FF0FF31D9F800000DF0EAFAD8F80000A8
:10B7B0000DF0C9FB1FFA80FB0446BBF1000FEFD070
:10B7C000264F00258DF807503E460135DAF8000077
:10B7D0004FF0FF320DF10701ADB20DF049FA9DF8BF
:10B7E000073007F8013BAB45EFD8A4B2002535552B
:10B7F000FEF7EEFB01281A4FDFF874B003AB18D147
:10B80000FEF748FB03AB4FF0FF32DBF80000099373
:10B8100005A9CDE905560395079408923D700CF0F3
:10B820000DFB104B02933B78002BFCD0FEF774FB12
:10B83000B6E74FF0FF32DBF80000039505A9CDE92C
:10B840000823CDE9055607943D700CF0F7FA054B37
:10B8500004933B78002BFCD0A2E700BFE46E0010FD
:10B86000F072001040420F00CC6A0010D06A001045
:10B870002C6200102DE9F0431C4E1D4F85B00023B3
:10B880008DF80F30B0464FF0FF313868DFF8749014
:10B890000DF076FA30680DF056FB002584B2ABB29D
:10B8A0009C420ED8134807F06FFEFEF7D3FA124BF6
:10B8B0000093124A124940F2C313002017F05EFEB3
:10B8C000E1E74FF0FF320DF10F01D8F800000DF065
:10B8D000CFF99DF80F10002007F076FD01220DF141
:10B8E0000F01484600F0CDFE0135D8E79C6A0010F4
:10B8F000A06A0010DC6A0010E0B2040057B2040035
:10B90000F4A20400B02F00102DE9F0431C4E1D4F8F
:10B9100085B000238DF80F30B0464FF0FF31386806
:10B92000DFF874900DF02CFA30680DF00CFB002558
:10B9300084B2ABB29C420ED8134807F025FEFEF746
:10B9400089FA124B0093124A124940F22623002032
:10B9500017F014FEE1E74FF0FF320DF10F01D8F8B8
:10B9600000000DF085F99DF80F10012007F02CFD67
:10B9700001220DF10F01484600F083FE0135D8E7A2
:10B98000BC6A0010C06A0010DC6A001001B3040039
:10B9900057B20400F4A20400C42F001010B538B947
:10B9A0000F4C236853B901200DF0C4F8206005E066
:10B9B000012814D10B4C2368002BF5D0FFF768FE4B
:10B9C000034620682BB10022BDE8104011460DF05F
:10B9D0007BBABDE810404FF0FF310DF0D1B910BD7A
:10B9E000E4720010EC72001010B538B90F4C2368E7
:10B9F00053B901200DF09EF8206005E0012813D115
:10BA00000B4C2368002BF5D0FFF742FE034620685D
:10BA100023B1BDE8104000210DF0EDB8BDE81040A5
:10BA20001A4619460CF0F4BF10BD00BFE4720010B6
:10BA3000EC720010F0B504468BB00E4615467AB194
:10BA4000274A0C2303FB00231F7A5FB9254B019083
:10BA50000093254A25494FF46773384617F08EFD49
:10BA60000BB0F0BDFFF79AFFECB94FF0FF3308932E
:10BA700004AB09931E4BCDE906651E4D18682C706A
:10BA800005A9CDE904440CF0D9F91B4B03932B789D
:10BA90002BB9039B013B0393039B002BF7D120465B
:10BAA000FFF7A2FFDCE70795144D0023CDE905362B
:10BAB00003932B70124B4FF0FF321868089205A9C0
:10BAC00003AA09920CF0BAF90B4B04932B78002BC4
:10BAD000E5D1049B013B0493049B002BF6D1DEE7E8
:10BAE000F472001022B3040057B20400F4A2040060
:10BAF000C0610010E8720010A0860100F072001012
:10BB00002C620010F8B5514D0C2303FB0053044682
:10BB10001B7A002B00F09880FFF740FF002C4AD1E1
:10BB20004B4B4FF40042C3F88020BFF34F8FBFF35D
:10BB30006F8F484EC3F88021306851210CF086FA8F
:10BB4000024620B1444940F2393017F03FFD434FDF
:10BB5000272039680AF0ACF8024620B13E4940F28D
:10BB60003D3017F033FD396828200AF0A1F802466D
:10BB700020B1394940F23F3017F028FD00223068EB
:10BB800002210CF075FB024620B1334940F24330EC
:10BB900017F01CFD30680CF03FF9024620B12E4929
:10BBA00040F2453017F012FD00232B722046BDE80D
:10BBB000F840FFF719BF012CF8D1254B4FF4803224
:10BBC000C3F88020BFF34F8FBFF36F8F244EC3F8AD
:10BBD0008021306851210CF039FA024620B11E490B
:10BBE00040F2593017F0F2FC1C4F2A2039680AF055
:10BBF0005FF8024620B1184940F25D3017F0E6FCCC
:10BC000039682B200AF054F8024620B1124940F25C
:10BC10005F3017F0DBFC0022306802210CF028FBBB
:10BC2000024620B10C4940F2633017F0CFFC306877
:10BC30000CF0F2F8024620B1074940F2653017F0E7
:10BC4000C5FC00232B75B1E7F8BD00BFF4720010EE
:10BC500000E100E0C061001057B2040014E70400E6
:10BC60002C620010F0B5C34E0C2303FB00638FB0B1
:10BC70001F7A05460C46002F40F04681FFF78EFEE6
:10BC8000CDE90277002D40F04181BDF80820BA4986
:10BC9000BDF80C300A40ADF808200B40ADF80C3070
:10BCA000631EB3F5E16FC0F044816FF4E162A31845
:10BCB000B3F5E16FC0F040816FF46163E318B3F551
:10BCC000616FC0F03C81A4F5E153013BB3F5965F91
:10BCD000C0F03881A4F53B53213BB3F5965FC0F02B
:10BCE0003481A4F58343213BB3F5E15FC0F030819B
:10BCF000A4F5BB43413B41F28872934240F22B8151
:10BD0000A4F5EA434A3BB3F5965FC0F02781A4F55A
:10BD100008430A3B43F25602934240F22281A4F5C3
:10BD20003843613BB3F5165FC0F01E81A4F55D4357
:10BD3000E13B42F69F02934240F21981A4F583331E
:10BD4000813BB3F5E14FC0F04581A4F10113A3F5A8
:10BD5000EE43B3F5963FC0F04081884AA4F52833FE
:10BD60006FF4407C6344934240F23A81A4F56A3315
:10BD70006FF412773B44B3F5E13FC0F03481804A61
:10BD8000A4F5AD236FF489600344934240F22D8102
:10BD90007C4AA4F528236FF440610B44934240F29F
:10BDA00027817949794B8C428CBF19464FF0FF317E
:10BDB00000236022CDE905231B22CDE90733CDE91D
:10BDC0000923CDE90B3304910D93002D40F013812D
:10BDD0006F4928460BF0FCFF024620B16D4940F246
:10BDE000952017F0F3FB6A4C0022114620680CF0F6
:10BDF0003FFA024620B1674940F2972017F0E6FB70
:10BE0000206804A90CF038F9024620B1614940F2DB
:10BE1000992017F0DBFB0299272009F049FF024621
:10BE200020B15C4940F29D2017F0D0FB03992820F7
:10BE300009F03EFF024620B1564940F29F2017F01C
:10BE4000C5FB554F396821B9032201200CF0B8FD1C
:10BE50003860524F3A682AB901214FF480600CF0E3
:10BE6000AFFD38604E4F396821B9032201200CF034
:10BE7000A7FD38604B4F3A682AB901214FF4806022
:10BE80000CF09EFD3860484F3B681BB901200CF058
:10BE900051FE3860454F3B785BB9454A019202221A
:10BEA0000092444944484FF480720DF0E7F80123B2
:10BEB0003B70424F3B785BB9414A019202220092AB
:10BEC000404941484FF480720DF0D8F801233B708F
:10BED0003E4B802283F80F234FF400421A60512119
:10BEE00020680CF09FF8024620B12A4940F2D12088
:10BEF00017F06CFB216836486822FBF79BF9012399
:10BF000033722846FFF770FD0FB0F0BD012DFBD155
:10BF1000BDF8083023F4417323F00303ADF8083073
:10BF2000BDF80C3023F4797323F0030343F0A0032E
:10BF3000B4E64FF496613BE74FF4166138E74FF4EF
:10BF4000965135E74FF4165132E74FF461512FE720
:10BF50004FF496412CE74FF4E14129E747F61221CF
:10BF600026E74FF4164123E74DF6C02120E74FF4B2
:10BF700061411DE7F4720010F8FCFFFF4707010064
:10BF8000B71F05001F1D040020A90E0040420F002E
:10BF9000C061001057B20400A06A00109C6A001033
:10BFA000B06A0010AC6A0010A86A0010B86A0010ED
:10BFB000A46A00103DB3040075B80100B96A00100E
:10BFC000B46A00104AB30400A5B6010000E100E025
:10BFD000C46100104FF49631EAE64FF4E131E7E630
:10BFE0004FF46131E4E65249E2E64FF4E121DFE645
:10BFF0004FF46121DCE6012D86D14E4928460BF035
:10C00000E7FE024620B14C4940F2DA2017F0DEFA92
:10C01000484C0022114620680CF02AF9024620B153
:10C0200045494FF4377017F0D1FA206804A90CF095
:10C0300023F8024620B1404940F2DE2017F0C6FA4C
:10C0400002992A2009F034FE024620B13A4940F212
:10C05000E22017F0BBFA03992B2009F029FE0246D3
:10C0600020B135494FF4397017F0B0FA334F3968C1
:10C0700021B9032201200CF0A3FC3860304F3A684C
:10C080002AB901214FF480600CF09AFC38602D4FE2
:10C09000396821B9032201200CF092FC38602A4F44
:10C0A0003A682AB901214FF480600CF089FC3860AD
:10C0B000264F3B681BB901200CF03CFD3860244F33
:10C0C0003B785BB9234A019202220092224923481D
:10C0D0004FF480720CF0D2FF01233B70204F3B786D
:10C0E0005BB9204A0192022200921F491F484FF477
:10C0F00080720CF0C3FF01233B701D4B802283F83C
:10C1000010234FF480321A60512120680BF08AFF0F
:10C11000024620B1084940F2163017F057FA21685C
:10C1200014486822FBF786F801233375E9E600BF5F
:10C1300090D003002C62001057B20400C06A0010B7
:10C14000BC6A0010D06A0010CC6A0010C86A0010E7
:10C15000D86A0010C46A001057B3040009B901007E
:10C16000D96A0010D46A001064B3040091B70100CA
:10C1700000E100E0306200102DE9F0413A4D8EB050
:10C180000122286869460CF0DBF8024620B13749E5
:10C190004FF4857017F01AFA009928680CF056F8D9
:10C1A000024620B131494FF4867017F00FFA01AA08
:10C1B000009928680BF0F0FE024620B12B494FF49D
:10C1C000877017F003FA009B13F0010405D0284B89
:10C1D00001221A700EB0BDE8F08113F0500FF9D0B3
:10C1E0001322214609A80894FBF790FD012303932D
:10C1F0001723CDE905342868029402AB08AE03A9E1
:10C20000049607931B4FDFF874800BF017FE029D16
:10C21000A1B28D4215D8009B5B06DBD5164B03A956
:10C2200018680CF0E8FC0028D4D0039B002BD1D078
:10C23000124B4FF080521A60BFF34F8FBFF36F8FD6
:10C24000C8E73868002303AA31440CF08BFC48B1DE
:10C25000039B3BB14FF08053C8F80030BFF34F8FC2
:10C26000BFF36F8F0134D3E7C061001057B20400F1
:10C27000E87200109C6A0010A06A001004ED00E053
:10C280002DE9F0413A4D8EB00122286869460CF044
:10C2900057F8024620B1374940F23F1017F096F99F
:10C2A000009928680BF0D2FF024620B1314940F2D4
:10C2B000411017F08BF901AA009928680BF06CFE69
:10C2C000024620B12B4940F2431017F07FF9009B42
:10C2D00013F0010405D0284B01221A700EB0BDE8FE
:10C2E000F08113F0500FF9D01322214609A80894C9
:10C2F000FBF70CFD012303931723CDE905342868D0
:10C30000029402AB08AE03A9049607931B4FDFF813
:10C3100074800BF093FD029DA1B28D4215D8009B55
:10C320005B06DBD5164B03A918680CF064FC0028EB
:10C33000D4D0039B002BD1D0124B4FF080521A6007
:10C34000BFF34F8FBFF36F8FC8E73868002303AA8E
:10C3500031440CF007FC48B1039B3BB14FF08053D4
:10C36000C8F80030BFF34F8FBFF36F8F0134D3E7AE
:10C370002C62001057B20400F0720010BC6A00106A
:10C38000C06A001004ED00E038B50C460546FFF722
:10C3900069FC044A0C2303FB05F013180121115416
:10C3A0005C6038BDF472001010B50446FFF7AAFBBC
:10C3B0000C2303FB04F0024B00221A5410BD00BFF3
:10C3C000F472001010B539B110B9FFF733FB01E07A
:10C3D0000128FAD0002001E06FF0020010BD00003B
:10C3E0002DE9F74F04460F461546002A51D0FFF7B6
:10C3F000D5FA002C72D1FFF74BF9634E0346306833
:10C40000002B49D001AA21460CF05EFD48B1019BEA
:10C410003BB15E4B4FF080521A60BFF34F8FBFF3BA
:10C420006F8FDFF87891DFF864A14FF000081FFAF2
:10C4300088F1A94235DBFFF72BF9554A034610680E
:10C44000002B00F0978001A90CF0D5FB48B1019BAF
:10C450003BB14E4B4FF080521A60BFF34F8FBFF38A
:10C460006F8FFFF715F903463068002B00F08780C7
:10C4700001A90CF0C0FB48B1019B3BB1434B4FF00D
:10C4800080521A60BFF34F8FBFF36F8F2046FFF7C4
:10C49000ABFA03B0BDE8F08F4FF0FF310CF070FC49
:10C4A000BFE7FFF7F5F803463944D9F800008BB130
:10C4B000002301AA0CF056FB48B1019B3BB14FF0A1
:10C4C0008053CAF80030BFF34F8FBFF36F8F08F16E
:10C4D0000108ACE702220CF09BFAF8E7012CD5D159
:10C4E000FFF7D6F82B4E03463068FBB101AA0021B6
:10C4F0000CF0EAFC48B1019B3BB1244B4FF0805259
:10C500001A60BFF34F8FBFF36F8FDFF89090DFF8A3
:10C5100090A0DFF878B04FF000081FFA88F1A94228
:10C5200009DBFFF7B5F81C4A034688E74FF0FF31F7
:10C530000CF026FCE9E7FFF7ABF83944034698B165
:10C54000DAF80000002301AA0CF00CFB48B1019BB3
:10C550003BB14FF08053CBF80030BFF34F8FBFF3A8
:10C560006F8F08F10108D8E7D9F8000002220CF01B
:10C570004FFAF6E71A4619460CF04AFA71E71A46DE
:10C5800019460CF045FA81E7A86A001004ED00E0B6
:10C59000B06A0010C86A0010D06A0010AC6A0010BF
:10C5A000CC6A001010B9054800F0B8B8012801D1D4
:10C5B0000348F9E76FF00600704700BFB02F001086
:10C5C000C42F001007B538B908480DF1070100F075
:10C5D000E2F803B05DF804FB012803D104480DF133
:10C5E0000701F4E76FF00600F3E700BFB02F00107B
:10C5F000C42F00107047000010B9054800F032B891
:10C60000012801D10348F9E76FF00600704700BF29
:10C61000B02F0010C42F001010B5074C227812B1B3
:10C620000020FFF76FFA237B23B1BDE81040012003
:10C63000FFF768BA10BD00BFF472001010B5084CC7
:10C6400023781BB161680020FFF70CFB237B2BB123
:10C6500021690120BDE81040FFF704BB10BD00BFF9
:10C66000F4720010C26803699A4282BF40681B18C6
:10C670000133981A704708B54168FFF7F3FF081AAD
:10C6800008BD2DE9FF41044603A81646019106F0B6
:10C6900085FF2046FFF7EFFF864228BF064620466B
:10C6A000FFF7E9FFE3682569A2680199AB429CBFE7
:10C6B000636801335D1B804623682069AE4202FB3C
:10C6C000003012D87243FAF7B5FD2369626833442B
:10C6D000934296BF236900239B19236103A806F0A8
:10C6E0005FFF304604B0BDE8F08105FB02F73A4633
:10C6F0000191FAF79FFDA26801992068751B6A43B2
:10C700003944FAF797FD46452561E7D92369626800
:10C71000934234BF01330023E360DFE72DE9F341A7
:10C72000044601A81646884606F038FF2046FFF763
:10C7300099FFE768E5682369A2682168864228BFF7
:10C7400006469D4284BF636801335D1BAE4202FB17
:10C75000071110D872434046FAF76CFD62683744FF
:10C76000974288BF0027E76001A806F019FF30460E
:10C7700002B0BDE8F08105FB02F73A464046FAF701
:10C7800059FDA2682168751B6A4308EB0700FAF798
:10C7900051FDE560E8E703460846D9681A69914209
:10C7A00010B523D09A68DC681968531E072B18D877
:10C7B000DFE803F00408170C171717100B5D037060
:10C7C000002010BD31F814300380F9E751F824300F
:10C7D0000360F5E701EBC401D1E90023C0E90023C0
:10C7E000EEE704FB0211FAF725FDE9E76FF00E0012
:10C7F000E7E707B503688DF807105B6801220DF1C4
:10C800000701984703B05DF804FB007C06F0F6BB17
:10C81000007C06F0C5BD07B5007C012201A906F029
:10C8200085FC20B19DF8040003B05DF804FB4FF0D7
:10C83000FF30F9E7007C06F093BC007C06F0A0BC5A
:10C8400004F020BF7FB505460846164603911C46F6
:10C8500004F01EFF287C06F087FD3E2E039921D8A8
:10C86000164B17489A5D174B805D9B5D0026CDE9FE
:10C870000006287C06F080FB012C02D0022C15D08B
:10C88000D4B9287C04F026FE844215D0287C2146A9
:10C8900004F028FE80B97CB9287C04B0BDE8704063
:10C8A00004F0C0BD002003460322DFE72B7C032BEE
:10C8B00002D8054AD45CE4E704B070BD71B304004B
:10C8C000EFB30400B0B304002EB404000C490D4AC9
:10C8D0000A6000234B600B740B49C1E900230B7401
:10C8E0000A490120C1E90023087409490220C1E96D
:10C8F000002308740749C1E9002303230B74704720
:10C900000C7300103CB4040020730010347300104A
:10C91000487300105C730010437813B9007806F078
:10C92000AFBD704710B50446007806F0FDFD00234A
:10C93000637010BD37B502AB03E9060004469DF8ED
:10C940000550007806F0F0FD0099207806F0C8FD4B
:10C95000291E207818BF012106F0D4FD9DF804207F
:10C960002078022A10D0032A11D0012A02D00022F6
:10C97000114600E0002106F09BFD2078A57003B071
:10C98000BDE8304006F07CBD00220121F3E7012222
:10C99000EEE7FFF7C7BF13B51C4601230078CDE9CA
:10C9A00000431346224606F0CFFD02B010BD1346E9
:10C9B0000A46FFF7F0BF07B501228DF807100DF109
:10C9C0000701FFF7F4FF9DF8070003B05DF804FBD3
:10C9D000034B00221A705A7001229A70704700BFF0
:10C9E00070730010F8B5064615460C468F18BC4209
:10C9F00006D0336814F8011B1B6830469847F6E7E9
:10CA00002846F8BD024B1878024B1B78C01A7047B5
:10CA10009E7300109C730010064A0749137809782A
:10CA2000994281BF0549C85C0133137098BF4FF02C
:10CA3000FF3070479C7300109E730010A0730010AD
:10CA40007047000010B5084A13783F2B09D80748F3
:10CA5000074C0378E1540133DBB2037013700120FB
:10CA600010BD0020FCE700BF9F7300109D730010F5
:10CA7000E0730010054A007C00231370044A137011
:10CA8000044A1370044A137006F0A0BD9C73001092
:10CA90009E7300109D7300109F730010034A417431
:10CAA00000231370024A1370704700BF9D7300107B
:10CAB0009F73001013B5003918BF0121084C009175
:10CAC0002378417C074A007C06F098FD0023C01AB9
:10CAD000054A237018BF0120137002B010BD00BFBB
:10CAE0009F730010E07300109D730010054B064902
:10CAF000196000225A601A74044BC3E90012012223
:10CB00001A7470477473001060B4040088730010C6
:10CB100003688A685B68096818471FB5044601A85E
:10CB200024F082FE01A92046FFF7F2FF044601A887
:10CB300024F034FE204604B010BD00000149FFF788
:10CB4000ECBF00BF35BE040038B50546FFF7E5FF72
:10CB500004462846FFF7F2FF204438BD2DE9F04790
:10CB60008AB098469DF84860012E4FF0000398BFA8
:10CB70000A26814615468DF824300DF1240AF6B2B6
:10CB800000272846414632463B46F7F7AFFFD4B26E
:10CB9000092C43462A4694BF30343734BB42E4B2B2
:10CBA00008BFB2420AF8014D05468846E9D2504610
:10CBB000F7F7A6FAD9F8003002465B6851464846B6
:10CBC00098470AB0BDE8F0870A2AF7B507460D4630
:10CBD00016460FD100290EDA0A49FFF79EFF6D4273
:10CBE000044600962A46EB173846FFF7B7FF204465
:10CBF00003B0F0BDD6B200962A46EB17FFF7AEFFA2
:10CC0000F6E700BF1127050038B50546FFF7DCFF42
:10CC100004462846FFF792FF204438BD07B5D2B23C
:10CC2000009200230A46FFF799FF03B05DF804FB6A
:10CC3000FFF7F4BF38B50546FFF7F0FF0446284676
:10CC4000FFF77CFF204438BD07B50DF1060105F064
:10CC500093FEBDF9060003B05DF804FB10B5044671
:10CC600039B906F059F802212046BDE8104006F017
:10CC700055B8022904D1002106F04EF80121F3E74E
:10CC8000BDE81040012106F047B809B906F048B8E0
:10CC90000121FBE77FB5092301A88DF8043019F0C5
:10CCA00043F8003818BF0120404207B05DF804FB8C
:10CCB000034B53F82030986800B10047704700BF1D
:10CCC000A828021038B50C4D002455F8043BE4B2F6
:10CCD0005BB11B694BB12046FFF7EAFF28B100F0BA
:10CCE0000DF855F8043C1B6998470134E3B2042B56
:10CCF00064B2EAD138BD00BFA828021070B5324D29
:10CD00008AB0342368468DF8003018F031FA2B8849
:10CD10001BB9002420460AB070BD019E18F0AAF984
:10CD200002460028F5D12C8814F0010404D03821E3
:10CD3000304600F04BF804462B889A0706D5382277
:10CD40002021B01800F042F8204484B22B885B0701
:10CD500007D558224FF4C271B01800F037F82044BC
:10CD600084B22B88180708D54FF4EE724FF4D071B7
:10CD7000B01800F02BF8204484B22B88D90607D5D0
:10CD80004FF45F721421B01800F020F8204484B2F0
:10CD90002B889A0608D54FF464724FF46171B0186D
:10CDA00000F014F8204484B22B885B0607D540F2CB
:10CDB00014721821B01800F009F8204484B200233E
:10CDC0002B8018F04DF9A5E7207400101346024699
:10CDD00003F5742010B500F5A0600C4605F000FFC7
:10CDE00000280CBF2046002010BD000008B50348F5
:10CDF00006F0CAFB024B00221A7008BDE82F001093
:10CE00005C37021030B58BB00446342368468DF889
:10CE1000003018F0ADF92CB3019D04F073FE08BB8F
:10CE200018F028F9F0B9E30702D5284605F008F80C
:10CE3000A00703D505F1380005F01EF8610703D5FA
:10CE400005F1580005F036F8220703D505F5EE7018
:10CE500005F04AF8A30603D505F5647005F05EF801
:10CE600018F0FEF80BB030BD10B518F003F901282A
:10CE7000044604D030B906F0A5FB204610BD6FF083
:10CE80000500FBE76FF00600F8E770B50C460646B4
:10CE9000F8F7A6FE0025043CA9B2A14205F1010560
:10CEA00003D3BDE87040F8F7B9BE01223144F8F76A
:10CEB0009BFEF1E738B50B78013B04461546184850
:10CEC000082B28D8DFE803F0052727271B2327276F
:10CED0001F0006F0EFF8134806F0ECF8124806F0D1
:10CEE000E9F8124B124853F8241006F0E3F80B2C23
:10CEF00015D129460F48BDE8384006F0DBB806F0EA
:10CF0000D9F80D48E8E706F0D5F80C48E4E706F054
:10CF1000D1F80B48E0E706F0CDF80A48DCE738BD69
:10CF200078B40400AEB40400E3B4040040BC0400D0
:10CF3000ECB50400FEB5040018B504004DB50400BE
:10CF400082B50400B7B5040038B50B78012B044650
:10CF5000154607D0032B1CD003BB134806F0AAF8D4
:10CF6000124803E0104806F0A5F8114806F0A2F8B0
:10CF7000104806F09FF8104B104853F8241006F0A4
:10CF800099F80B2C0FD129460D48BDE8384006F022
:10CF900091B8054806F08EF80A48E7E7024806F01F
:10CFA00089F80948E2E738BD16B6040081B60400E6
:10CFB0004CB60400E3B4040040BC0400ECB504002B
:10CFC000FEB50400B6B60400EBB6040070B5474EDB
:10CFD0008AB00446042556F8043B1BB11B6A0BB10A
:10CFE00020469847013D15F0FF05F4D123780A2B20
:10CFF0000FD00E2B0BD13E4806F05CF83D4B8DF860
:10D00000005068461D708DF8045018F0FDF90AB004
:10D0100070BD63780D2B63D1374806F04BF8354B64
:10D020001A78042A1BD0022628461E7006F0CAFA77
:10D0300032492A46284606F0C1FAB8B92CF0A2F9BE
:10D04000434203F01F0300F01F004FF47A7158BFF2
:10D05000584200FB01113246284606F0B1FAA37D82
:10D06000032B1FD8DFE803F00B24272A40F20631F8
:10D07000234806F01FF8284606F0A4FAEFE7214AF5
:10D0800000231380237E617E1B0243EA0143E17D7E
:10D090000B435360E37E217F1B0243EA0143A17EE1
:10D0A0000B439360D4E90101174B83E80300AEE71B
:10D0B000144A0123E5E7134A0223E2E7237E617E57
:10D0C000104A1B0243EA0143E17D0B43D360E37E38
:10D0D000217F1B0243EA0143A17E0B431361E1E779
:10D0E0000E2BDFD1094805F0E5FFDBE7A828021089
:10D0F00020B70400807500102BB70400E5D80100AC
:10D1000038B70400647500107875001048B7040043
:10D1100004F0CEBB04F0EEBB04F064BC704704F036
:10D12000BDBC072801D804F0BFBC6FF002007047F7
:10D1300004F0C6BC04F0CABC014B1878704700BFAD
:10D140008776001004F086BB7FB5054604F082FBAD
:10D15000431EDBB2012B044603D900F0FD03082B6C
:10D160001DD101A804F088FB002201A9134601206B
:10D1700011F8016B1EB100FA02F633439BB2013283
:10D180000C2AF5D104F0FD02082A01D0012C02D1AD
:10D1900023F480739BB22B80002004B070BD6FF02D
:10D1A0000200FAE72DE9F0418EB080460F4604F008
:10D1B00051FB4B4B0093431EDBB2002401AE012B0D
:10D1C000C6E901440546019404D900F0FD03082B8B
:10D1D00040F08380FFF748FE0446002872D1B8F87B
:10D1E00000302BB9012D51D140F2FF13A8F80030C7
:10D1F00000230193C6E90133B8F8000040FA03F1B7
:10D20000C907DAB210D50DF1380C02F0FE0102F0B8
:10D21000010261440CEB420231F834CC32F8382C74
:10D2200042EA0C0221F8342C01330C2BE6D105F034
:10D23000FD03082B01D0012D0FD1BDF80C300022C9
:10D2400003F47F43ADF80C3011464FF0010CD5B21A
:10D25000072D27D909B1ADF80C30232304A88DF888
:10D260001030059618F0D0F8054660B9242304A8BC
:10D270008DF81030059618F0C7F804F081FEE0B97B
:10D2800017F0EEFE10B36FF006041BE005F0FD038F
:10D29000082B04BFFF23A8F80030022DA8D140F6C8
:10D2A000FF73A3E740FA02F5ED0741BF0CFA02F164
:10D2B0000B439BB201210132C9E7284604F066FE08
:10D2C0000028DDD020460EB0BDE8F081002FF9D057
:10D2D000304604F0DDFA0446F4E76FF00204F1E7AB
:10D2E000FF0000FF08B504F0FDFBC0B208BD022836
:10D2F00008B503D804F0FCFB002008BD6FF0060061
:10D30000FBE704F0FFBB00B58BB0012368468DF846
:10D31000003017F02DFF38B99DF80400003818BF11
:10D3200001200BB05DF804FB0020FAE730B58BB0AC
:10D3300005460C4604F0E6FB28B92146284604F0D1
:10D3400005FB0BB030BD0F2C02D86FF00600F8E7DC
:10D35000FFF7D9FF30B9014610222846FAF7D6FC6C
:10D360000020EEE70F2368468DF8003017F000FF2D
:10D370000028EAD1019B03F1100253F8041B45F881
:10D38000041B9342F9D1EBE730B58BB004460D4650
:10D3900004F0B8FB28B92946204604F003FB0BB083
:10D3A00030BD032D02D86FF00600F8E7FFF7ABFFA2
:10D3B00008B92060F3E7072368468DF8003017F0BE
:10D3C000D7FE0028EFD1019B1BBA2360E7E730B5F9
:10D3D0008BB004460D4604F095FB28B9294620463B
:10D3E00004F022FB0BB030BD032D02D86FF0060015
:10D3F000F8E7FFF788FF08B92060F3E706236846DF
:10D400008DF8003017F0B4FE0028EFD1019B2360A7
:10D41000E8E730B58BB005460C4604F073FB28B93D
:10D420002146284604F00EFB0BB030BD0F2C02D86D
:10D430006FF00600F8E7FFF766FF30B901461022EB
:10D440002846FAF763FC0020EEE70E2368468DF8C5
:10D45000003017F08DFE0028EAD1019B03F1100285
:10D4600053F8041B45F8041B9342F9D1EBE704F091
:10D470005BBB04F06BBB08B504F094FE003818BF2A
:10D48000012008BD38B50C46054619F0BBFB24B198
:10D490002846BDE8384004F079BE204638BD00B5C6
:10D4A0008BB02D2368468DF8003017F061FE9DF893
:10D4B00004000BB05DF804FB04F07EBB04F08EBBEF
:10D4C00004F0B0BB00B58BB004F01CFB01280DD1FB
:10D4D000FFF719FF50B1272368468DF8003017F089
:10D4E00047FE00B901980BB05DF804FB04F0ACFBFB
:10D4F000F9E704F0BBBB04F0CBBB04F0EDBB04F0D8
:10D50000F1BB1FB52E238DF8083004F0A3F902A952
:10D510001BF049FE05B05DF804FB1FB530238DF804
:10D52000083004F097F902A91BF03DFE05B05DF844
:10D5300004FB0000014B1868704700BF78750010AD
:10D54000014BB3F900007047A8770010014B93F925
:10D5500000007047BC77001010B590B0044605A8D5
:10D5600023F070F9059807A9123823F0DFF90C9B16
:10D57000094903F26C7303930A9B02930B9B0133DB
:10D580000193079B00932046DDE90832F8F7B2FFCC
:10D59000002010B010BD00BF55B7040000B58BB01F
:10D5A0001F2368468DF8003017F0E2FD18B9019886
:10D5B0000BB05DF804FB6FF00600F9E700B58BB027
:10D5C0001F2368468DF8003017F0D2FD20B99DF872
:10D5D00008000BB05DF804FBF920FAE704F06ABB21
:10D5E000022801D804F06CBB6FF002007047000005
:10D5F0002DE9F04F9DB00C4604A981E80C009DF880
:10D60000113003939DF810B09DF813A0064604F066
:10D61000AFFA8046FFF777FE0746002800F02E811C
:10D6200016F06AFF054610B16FF00500B0E0984BA8
:10D630001A789946002A40F0AE8004F087FA022852
:10D6400040F0AF8000238DF84C0012A88DF84830D0
:10D6500017F0DAFE8DF82E8004F02CFB60B104F098
:10D6600029FB012802D10020FFF7BAFF052312A8E9
:10D670008DF8483018F058FB864B1B78012B05D1EC
:10D68000092312A88DF8483018F04EFB07A9E0B224
:10D6900017F00EFD804624F0DCF860B19DF81C30D8
:10D6A0009DF81D207C497D4851F82810D21A00921F
:10D6B000224605F0FFFCB8F1000F00F09180002336
:10D6C0008DF820300A93ADF82C3099F8003053B91A
:10D6D000734B039A1E60734B1C60734B83F800B04E
:10D6E00083F803A05A7008A819F0C8F96F4B0C9A78
:10D6F0001A60044624F0ADF8002840D0342312A864
:10D700008DF8483017F034FD12A817F031FD0028CD
:10D7100035D1674F139B3A7893F8586065484FF0BE
:10D720000C0808FB0232D2F8901305F0C3FC012E5E
:10D73000139B3A4601D0082E75D11278D3F8C43025
:10D740005D4902F0070201FB02315C4805F0B2FCC2
:10D75000139B5B48D3F8C41005F0ACFC139B5948ED
:10D7600093F9491005F0A6FC139B574893F948100C
:10D7700005F0A0FC139B5548D96805F09BFC002CD4
:10D780006FD1002D7DD0524B1B78002B62D1002031
:10D790001DB0BDE8F08F04F093F901287FF44DAF80
:10D7A00042E704F0D3F901287FF454AF494B1B78CA
:10D7B0007BB1022B7FF44EAF002005F003FF0C235A
:10D7C0008DF8343004F088FA00F007008DF8380046
:10D7D00002E009238DF834300DA818F0A5FA39E7D6
:10D7E000039B3B4D8DF824B0ADF82C400A9683B1D5
:10D7F0009DF812302B70BAF1000F0ED09DF8143046
:10D800007BB900238DF82030334B00221A703D463F
:10D810005BE704F043F92870EDE704F051F90028C4
:10D82000EFD00123EEE7022E397809D13020B1FB89
:10D83000F0F200FB1211CAB2D3F8C430274982E7D4
:10D8400008FB0133D3F8941300297FF47EAFD3F89B
:10D8500090137AE704F034F9012898D189F8000090
:10D8600095E7A4F10E03DBB2012B7FF6DDAE0B2CA6
:10D870000AD10C991A4805F01DFCD5E66FF00B0093
:10D8800086E76FF0020083E76FF0060080E700BFD5
:10D8900023740010BD77001040BC040077B704006B
:10D8A00024740010307400102874001028750010C3
:10D8B000BC280210CCB70400C0270900C9B7040077
:10D8C000DBB70400EDB7040003B8040018B8040087
:10D8D000227400108075001087760010400D030040
:10D8E00024B804001FB50021054B0293009104AB3E
:10D8F00013E90C000348FFF77BFE05B05DF804FB5D
:10D90000010103000F0005002DE9F04F43788DB0B1
:10D910000446002B40F0B680B0F90E007B4F7C4EE1
:10D92000237C388040B2337001F04AFC237B002B0B
:10D9300042D0607C7749B7F9002051F8201096F961
:10D9400000307548DFF83892DFF838A205F0B2FBF6
:10D95000A378012B0CBF7148714805F0ABFBE1784F
:10D96000704805F0A7FB4FF000085FFA88FB5846A7
:10D9700003F0B0FD80B9054606E0A2684946D25CD6
:10D98000584605F061FB0135227BEBB29A42F4D890
:10D990005146584605F058FB08F10108B8F1040F4C
:10D9A000E3D1227BA1686048F9F744FC5F4B227BFE
:10D9B0001A705F4BE2781A706379012B00F0938044
:10D9C0002378012B02D10120FFF78CFF594B1A78E5
:10D9D0002AB3DFF8B49100221A7099F80030F3B935
:10D9E00096F90030544DDFF8A48100932A78B7F9F6
:10D9F000003098F80010514805F05CFB504B1B6854
:10DA00006BB1504899F80020027098F800204270DD
:10DA10002A7882703A888280327882719847E278D8
:10DA2000E02A11D0484B1B6873B148480270227934
:10DA30004270A2684260227B0272E2894281227CAB
:10DA40000273626902619847414E042556F8043B0F
:10DA50001BB19B690BB120469847013D15F0FF05AE
:10DA6000F4D13C4890F8023163B180F802518DF84E
:10DA70000B508DF809500095DDE90223B0F8001134
:10DA8000FFF7B6FD23F0E5FE50B3342302A88DF86E
:10DA9000083017F06DFB02A817F06AFB002830D1A0
:10DAA000637C33BB2C4805F005FBA1692B4805F0CE
:10DAB00001FBE1782A4805F0FDFAB4F90E10294877
:10DAC00005F0F8FA94F91010274805F0F3FA2179D7
:10DAD000264805F0EFFA039B2548996905F0EAFA14
:10DAE0000DB0BDE8F08F04F031F800287FF468AF86
:10DAF00069E7012B01D11F48D5E7022BD5D11E487C
:10DB0000D1E71E4805F0D6FAEAE700BFA877001073
:10DB1000BC770010C0BC04003CB804004DB8040041
:10DB200058B804009CBD0400887600108877001067
:10DB300089770010927700105C75001061B80400BE
:10DB4000AC7700108A770010B0770010947700103F
:10DB5000A82802108275001080B80400DDB8040007
:10DB6000EFB80400F9B8040003B904000CB90400CC
:10DB70001CB904009DB80400BAB804002AB9040016
:10DB8000CBA9040035BE0400937700102675001061
:10DB9000F7B54178044621BB0379274A274D137016
:10DBA0002378012B3CD12679EEB1254805F082FA85
:10DBB000244B1B680BB16078984700232B70002022
:10DBC00001F092FC204E042556F8043B1BB15B6922
:10DBD0000BB120469847013D15F0FF05F4D103B085
:10DBE000F0BD0023D9E7194805F064FA184B2F78E7
:10DBF0001B782E70BB420CD3164B17491748009662
:10DC00001A6809681B7900680137FFF7F1FC2F706B
:10DC1000D5E70C4B1B68002BD1D060789847CEE736
:10DC200000232B70074B1B680BB1084698470C4824
:10DC300005F040FAC3E700BF877600102374001098
:10DC40004EB90400B4770010A828021067B9040088
:10DC50002274001028740010307400102474001016
:10DC600088B90400014B1878704700BFBD770010D9
:10DC700010B50446FFF747FB28B1012C06D8054B29
:10DC800000201C7010BD6FF00B00FBE76FF002006E
:10DC9000F8E700BFBD77001004F030B804F040B8DA
:10DCA00004F050B804F060B870B5094D2B789A4272
:10DCB00028BF1A460446084606491646F9F7BAFA36
:10DCC000054B19782170002119702970304670BDFC
:10DCD00088770010887600108977001070B5044DA1
:10DCE000064604460FCD0FC42B682360304670BD36
:10DCF00064750010F0B591B0002603ACC4E901666C
:10DD00000546039603F0A6FD431EDBB2012B0AD99C
:10DD1000082808D005286BD00A2804D06FF0060424
:10DD2000204611B0F0BD15BB2046ADF8185003F0E9
:10DD3000A3FD0028F2D1BDF818302A46012114F8BD
:10DD4000010B20B101FA05F213439BB20122013508
:10DD50000C2DF4D10AB1ADF81830002106A8FFF758
:10DD600021FA04460028D9D104F010F9D8E71A2383
:10DD700001A98DF804301BF016FA1E230090C6B2DC
:10DD800006A88DF8183017F0F3F9079B0022A3F1CD
:10DD90000C010C20D3B29E4204D8B3425AD16FF08A
:10DDA0000204BDE7013200FB02F7CF59AF42F1D1C7
:10DDB0001A0910A901EB420203F00F03012101FA35
:10DDC00003F322F8343C06A823238DF81830079477
:10DDD00017F01AFB0028A1D1242306A807948DF878
:10DDE000183017F011FB0446002897D12846BBE7EE
:10DDF000D5B90723ADF80C3006A823238DF81830C9
:10DE0000079417F001FB002888D1242306A88DF879
:10DE10001830079417F0F8FA00287FF47FAF2846EF
:10DE200004F0B4F804467BE71E2306A88DF81830EA
:10DE300017F09EF9079933460C2000FB03F28A582D
:10DE4000AA4203D1012202FA03F3D3E70133042BE0
:10DE5000F3D1A4E7002463E708B503F0FBFC431EFD
:10DE6000DBB2012B03D900F0FD00082803D1BDE887
:10DE7000084004F085B86FF0060008BD08B5FFF74C
:10DE8000EBFF68B1074B08490022984208BF042203
:10DE900003F5C31303F520638B42F6D1104608BD8A
:10DEA0000246FBE7C0AFD235C0FF953608B5FFF795
:10DEB000D3FF68B1074B08490022984208BF0622E9
:10DEC00003F5C31303F520638B42F6D1104608BD5A
:10DED0000246FBE76086973660D65A37FFF7BCBF2D
:10DEE000FFF7BABF014B1878704700BF807500106C
:10DEF00038B50D46044610B14FF0FF3038BD23F061
:10DF0000E1FF0028F8D0084B08491860084B43622D
:10DF1000084B8362084BC362084B0363F2224368D9
:10DF2000284698472046E9E7A828021034740010D4
:10DF300049CF0100B5CE01003BE6010095CC0100C0
:10DF400000B58BB030238DF800306846192301935B
:10DF500017F05AFA0BB05DF804FB03F017BF03F09B
:10DF60001BBF03F025BF03F029BF03F033BF03F04D
:10DF700037BF03F047BF10B5044620B10120BDE80C
:10DF8000104003F04BBF04F073F92046F7E710B5DB
:10DF900004461BF0FEF840B914B1143C022C04D81E
:10DFA000BDE8104000201BF0F4B810BD30B58BB0B8
:10DFB0000D46044603F04EFCFFF7E9FFA0B1032332
:10DFC00068468DF80030019417F01EFA38B1012828
:10DFD0000CBF6FF005006FF006000BB030BD294696
:10DFE000204603F073FCF8E76FF01000F5E730B55A
:10DFF0008BB00D46044603F02DFCFFF7C8FFE8B1D7
:10E00000082368468DF80030019417F0FDF938B107
:10E0100001280CBF6FF005006FF006000BB030BD9B
:10E02000092368468DF80030019417F0EDF90028B7
:10E03000EED12946204603F06FFCEFE76FF01000A9
:10E04000ECE730B58BB00D46044603F003FCFFF758
:10E050009EFFA0B10F2368468DF80030019417F0A1
:10E06000D3F938B101280CBF6FF005006FF006003E
:10E070000BB030BD2946204603F07AFCF8E76FF07C
:10E080001000F5E730B58BB00D46044603F0E2FB17
:10E09000FFF77DFFB0B107238DF800302368684695
:10E0A0001BBA019317F0B0F938B101280CBF6FF01B
:10E0B00005006FF006000BB030BD2946204603F086
:10E0C0007FFCF8E76FF01000F5E730B58BB00D4638
:10E0D000044603F0BFFBFFF75AFFC8B103F002FD8F
:10E0E000C0B201280FD1022368468DF80030019498
:10E0F00017F08AF938B101280CBF6FF005006FF0F6
:10E1000006000BB030BD2946204603F079FCF8E745
:10E110006FF01000F5E730B58BB00D46044603F004
:10E1200099FBFFF734FF30B30C2368468DF80030BD
:10E13000019417F069F938B101280CBF6FF00500A0
:10E140006FF006000BB030BD0D2368468DF800302F
:10E15000019417F059F90028EED10E2368468DF886
:10E160000030019417F050F90028E5D129462046E7
:10E1700003F07AFCE6E76FF01000E3E72DE9F043E7
:10E1800095B004460D4690461F4603F0BBFC611C4B
:10E19000064629D16A1C0AD0003D18BF012503F0AC
:10E1A000BFFD854203D0284603F0C0FD50BBB8F147
:10E1B000FF3F07D003F0C6FD804503D0404603F083
:10E1C000C7FDF8B97B1C07D003F0CEFD874203D012
:10E1D000384603F0CFFDA8B9BCB9204605F0F2F9E6
:10E1E000754B1C6000200DE0B4F1000918BF4FF022
:10E1F000010903F083FD8145CCD0484603F084FD3E
:10E200000028C7D015B0BDE8F08303F023FBFFF76B
:10E21000BEFE002800F0CD80012E40F097808DF8E2
:10E22000006003F0A5FC02238DF8050068468DF818
:10E23000043017F079FD614B049A1A6004460028F7
:10E2400055D103F083FC012808BF5D4B0AA808BF25
:10E250001C7034238DF8283016F08AFF0B9B9888A9
:10E26000FFF787FE23F0F5FA0028CBD034230AA865
:10E270008DF8283016F07CFF0AA816F079FF0028E8
:10E28000B0D1504D0B9B2A7893F858404E480C263D
:10E2900006FB0232D2F8901304F00CFF012C0B9B0A
:10E2A0002A4601D0082C6ED11278D3F8C4304749E1
:10E2B00002F0070201FB0231454804F0FBFE0B9B14
:10E2C0004448D3F8C41004F0F5FE0B9B424893F980
:10E2D000491004F0EFFE0B9B404893F9481004F0FE
:10E2E000E9FE0B9B3E48D96804F0E4FE7AE701287A
:10E2F00012D00B282BD1304D002005F063F92C688B
:10E3000001342C6003F030FD844208D900232B60D7
:10E310000499344804F0CEFE6FF0050072E7002245
:10E320003149104605F04AF9044648B903F00AFDA0
:10E330004FF47A7141432246204605F041F9E7E760
:10E3400040F60101294804F0B5FEE1E716B16FF08F
:10E35000060057E7012368468DF800308DF8043039
:10E3600017F052F80028F2D103F0F0FB022807D191
:10E370008DF8040068468DF8006017F045F871E7E5
:10E3800003F0E4FB6EE7022C297809D13020B1FBC1
:10E39000F0F200FB1211CAB2D3F8C430144989E775
:10E3A00006FB0133D3F89413002985D1D3F89013D9
:10E3B00082E76FF0100025E76075001028750010E7
:10E3C00080750010BC280210CCB70400C0270900DB
:10E3D000C9B70400DBB70400EDB7040003B80400BC
:10E3E00018B8040024B80400F5E3010097B904004C
:10E3F000400D03004FF0FF331A4619460120FFF786
:10E40000BDBE30B58BB00C46054603F023FAFFF7CE
:10E41000BEFD88B1052368468DF800308DF80450A4
:10E4200016F0F2FF03280AD001280BD06CB1284661
:10E4300003F080FB0BB030BD6FF01000FAE76FF017
:10E440000200F7E76FF00500F4E72046F2E700006E
:10E4500030B58BB00C46054603F0FCF9FFF797FD8D
:10E4600000283AD0FEF74FFFB8B1002368468DF878
:10E47000003016F07DFE10B16FF0060011E09DF83F
:10E480000430012B1CD0022B22D0002BF4D1012D03
:10E4900009D0022D0BD0002DEED10CB3284603F08D
:10E4A0005BFB0BB030BD0F4B00221A70F5E7022367
:10E4B0008DF80430684616F0A7FF0028EDD0DBE7A2
:10E4C000012DF7D0022DF2D0002DD5D10023EFE79A
:10E4D000012DE8D0022DF7D1DFE76FF01000E0E763
:10E4E0002046DEE78075001030B58FB00D4604463B
:10E4F00003F0B0F9FFF74BFD002800F09B800123EB
:10E500008DF81030002C4DD18DF8143004A816F081
:10E510007BFF00284AD1002C53D11021684603F01C
:10E5200015FA0F2304A88DF81030CDF814D016F08A
:10E530006BFF00283AD10421684603F033FA072321
:10E540008DF81030009B04A81BBA059316F05CFFF1
:10E5500060BB1021684603F075FA0C2304A88DF8FF
:10E560001030CDF814D016F04FFFF8B90D2304A8E1
:10E570008DF81030CDF814D016F046FFB0B90E2348
:10E5800004A88DF81030CDF814D016F03DFF68B90E
:10E5900003F0DCFA2146FFF75BFF48B9002D45D1B7
:10E5A000284605E004A816F0E3FD18B16FF0060058
:10E5B0000FB030BD9DF81430012B08BF8DF814004A
:10E5C000A4E70821684603F00DFA022304A88DF899
:10E5D0001030CDF814D016F017FF0028E6D108212E
:10E5E000684603F065F9032304A88DF81030CDF8D0
:10E5F00014D016F009FF0028D8D11021684603F086
:10E6000079F9082304A88DF81030CDF814D016F04D
:10E61000FBFE0028CAD1092304A88DF81030CDF8DC
:10E6200014D016F0F1FE0028B8D0BFE7204603F062
:10E630006FFABDE76FF01000BAE710B5012100B125
:10E640000846FFF751FF4FF0FF33BDE810401A4670
:10E6500019460120FFF792BD30B58BB00C46054638
:10E6600003F0F8F8FFF793FCB8B12D2368468DF856
:10E6700000308DF8045016F0C7FE38B9094B9D6084
:10E6800074B1284603F07AFA0BB030BD03280CBFF2
:10E690006FF002006FF00600F6E76FF01000F3E78E
:10E6A0002046F1E70C300010F0B58B4E8BB00446DD
:10E6B000042556F8043B1BB1DB690BB12046984793
:10E6C000013D15F0FF05F4D12378013B0B2B4AD80F
:10E6D000DFE813F00C00490049004900D20049006E
:10E6E000490049008C004900F300BA0065787B4E70
:10E6F0007B4F002D39D17B4804F0DCFC284604F028
:10E7000061FF356003F022FA02280AD18DF8040077
:10E7100068468DF8005016F077FE10B1724804F08C
:10E72000C9FC3B680BB10020984703F021FA002197
:10E73000FFF792FF03F00AFA23F08BF898B1342325
:10E7400068468DF8003016F013FD684616F010FD8F
:10E75000002847D1654804F0ADFC019B6448D3F81C
:10E76000E41004F0A7FC0BB0F0BD022D1CD0EB1E92
:10E77000012B1BD85F4804F09DFC002004F022FF11
:10E7800035680135356003F0EFFA854213D900236F
:10E7900033603B6823B158486378436004F0F4FE6B
:10E7A000564BDB6A9847C5E75548E4E72946554884
:10E7B00004F080FCE1E700225349104604F0FEFE1D
:10E7C000054648B903F0BEFA4FF47A7141432A4630
:10E7D000284604F0F5FEDCE740F24521494804F004
:10E7E00069FCD6E7494804F065FCBCE7484B66780D
:10E7F0001D781C46DEB9012D09D1464804F05AFCAB
:10E80000454B1B680BB1304698470023237003F03B
:10E810009DF90128A7D1414B1A78042AA3D018707A
:10E820000B2368468DF8003017F07EFA9BE7012D28
:10E8300099D13B4804F03EFC374B1B680BB128468E
:10E840009847002323708EE76378002B8BD1334ADF
:10E850008DF8003004210123684611708DF80430D2
:10E8600016F0D2FD00287FF47EAF2E4804F022FC83
:10E870000220FFF737F876E72B4B01221A702B4B5B
:10E88000227A1A702A4B627A1A706378294C2370A4
:10E89000002B3FF468AF284804F00CFC274B1A68A3
:10E8A000002A3FF460AF26482378037000234370AA
:10E8B000837083808371904755E76378002B3FF422
:10E8C00052AF204804F0F6FB144B1A78042A1CBF00
:10E8D00003221A700923A4E7A8280210607500100B
:10E8E000B8280210ADB90400BBB904000CBA04008A
:10E8F00022BA0400D0B90400F02F0010BC040500B7
:10E90000EEB9040097B90400F5E301002AB9040048
:10E91000BD77001031BA0400B87700108075001080
:10E9200043BA040059BA040092770010267500100B
:10E930005C7500109377001064BA0400AC77001087
:10E940008A77001048B7040030B58BB00C460546F6
:10E9500002F080FFFFF71BFB68B1292368468DF8A2
:10E960000030019516F050FD40B954B1284603F02F
:10E9700029F90BB030BD6FF01000FAE76FF0060018
:10E98000F7E72046F5E730B58BB00C46054602F0B8
:10E9900061FFFFF7FCFA68B12A2368468DF8003062
:10E9A000019516F031FD40B954B1284603F01CF929
:10E9B0000BB030BD6FF01000FAE76FF00600F7E71C
:10E9C0002046F5E730B58BB00C46054602F042FF15
:10E9D000FFF7DDFA70B11D2368468DF800308DF821
:10E9E000045016F011FD40B954B1284603F020F947
:10E9F0000BB030BD6FF01000FAE76FF00600F7E7DC
:10EA00002046F5E770B58AB00C46054602F022FFB5
:10EA1000FFF7BDFA00B3272368468DF80030019553
:10EA200016F0F2FC18B16FF006000AB070BD282392
:10EA300005F57A7668468DF80030019616F0E4FC0C
:10EA40000028F0D15CB1304603F016F90028ECD173
:10EA5000284603F0FFF8E8E76FF01000E5E72046EE
:10EA6000E3E770B58AB00C46054602F0F3FEFFF707
:10EA70008EFA00B3282368468DF80030019516F011
:10EA8000C3FC18B16FF006000AB070BD2723A5F5CE
:10EA90007A7668468DF80030019616F0B5FC0028AD
:10EAA000F0D15CB1304603F0D5F80028ECD128460F
:10EAB00003F0E2F8E8E76FF01000E5E72046E3E74F
:10EAC00070B58AB00C46054602F0C4FEFFF75FFA47
:10EAD000C8B12E236EB268468DF800308DF8046000
:10EAE00016F092FC40B90A4B83F8246074B12846B2
:10EAF00003F0D4F80AB070BD03280CBF6FF0020019
:10EB00006FF00600F6E76FF01000F3E72046F1E73C
:10EB10000C30001030B58BB00C46054602F09AFE62
:10EB2000FFF735FA88B11F2368468DF8003016F0DC
:10EB30001FFB68B96846019516F066FC58B96CB1C0
:10EB4000284603F05DF80BB030BD6FF01000FAE717
:10EB50006FF00600F7E76FF00200F4E72046F2E7F7
:10EB600070B58AB00C46054602F074FEFFF70FFA46
:10EB700008B31F2668468DF8006016F0F9FAB8B998
:10EB8000212368468DF800308DF8085016F03CFCC3
:10EB900068468DF800608DF8085016F035FC28B9ED
:10EBA00064B1284602F0FCFF0AB070BD032807D00C
:10EBB0006FF00600F8E76FF01000F5E72046F3E786
:10EBC0006FF00200F0E700002DE9F04798B005462D
:10EBD000F6F74AFA02F086FFC0B201282AD001F007
:10EBE0008DFC002402F0B2FF022805D002F08AFF5B
:10EBF00010B1934BDB6A984702F074FFC0B2012852
:10EC000014D19CB903F08CF880B103F077F8054675
:10EC100003F086F8019003F095F8009003F0A4F853
:10EC2000DDE9002103462846FFF7A8FA204618B080
:10EC3000BDE8F087CDB91AF0ABFD8248824B036086
:10EC4000824B4360824B83498360834BC3600023C4
:10EC5000C1E90033814B8B602A46814BCB6016F0B3
:10EC60003FF888B16FF00604BCE7142D04D10220F0
:10EC70001AF08EFD0025E0E7152D01D10320F7E7FE
:10EC8000162DDAD10420F3E7764B01221A703523D2
:10EC90008DF8103004A8744B059316F0B5FB0028CE
:10ECA000E0D16B1E012B03D905F0FD03082B29D100
:10ECB00000230EA8ADF80E3002F0DEFD0446002859
:10ECC00090D1BDF80E300EAA0146012412F8016B56
:10ECD00026B104FA00F10B439BB2012101300C284C
:10ECE000F4D109B1ADF80E30FFF7B6F801460028AF
:10ECF00000F09480FFF7B0F8FEF7FCFF0446002810
:10ED00007FF470AF052D00F08E8002F0FBFE002135
:10ED1000FFF7EAFB044600287FF464AF00F0D4FD5F
:10ED2000044600287FF45EAF02F010FF2146FFF793
:10ED30008FFB044600287FF455AF02F0F5FE214614
:10ED4000FFF75FFB044600287FF44CAF02F010FF92
:10ED50002146FFF781FC044600287FF443AF02F010
:10ED600019FF2146FFF7FCFE044600287FF43AAF66
:10ED700002F052FF2146FFF7CDFE02F01DFF2146B3
:10ED8000FFF7E2FD044600287FF42CAF02F04AFFB3
:10ED90002146FFF717FE044600287FF423AF02F058
:10EDA00053FF2146FFF72EFE044600287FF41AAFDA
:10EDB00002F06EFF2146FFF783FE044600287FF431
:10EDC00011AF03F0EFF917F01DFF342504A88DF8FB
:10EDD000105016F0CDF9059E03F00EF8B08003F048
:10EDE00029F8003818BF012086F8AF0102F08AFE2A
:10EDF000002841D01D481BF05FFF1D4820F02CF972
:10EE0000FFF79EF816F02CF900287FF42BAF194974
:10EE1000FFF76EF800283FF4E5AE23E70DF10E0092
:10EE2000FEF7C0F96AE7FFF717F800283FF46DAF67
:10EE30000020FEF75FFF044600283FF466AFD1E6EE
:10EE4000BC0405004C75001091DB010009D90100DC
:10EE5000A9E601003C750010CDCF010005CE0100F0
:10EE6000EDCD01008676001000030001D82F0010C0
:10EE7000E02F00102C7500100EA88DF8385016F0F9
:10EE800077F90F9F02F0F4FF064603F00FF80546EE
:10EE900003F026F8824603F03DF8814603F054F86B
:10EEA000382180463046FDF7F0FF736B984209D158
:10EEB00033463A4606F1380153F8040B42F8040B86
:10EEC0008B42F9D120212846FDF7DFFFEB699842FC
:10EED0000AD12B4607F1380205F1200153F8040B43
:10EEE00042F8040B8B42F9D14FF4C2715046FDF742
:10EEF000CCFFDAF88031984206D14FF4C272514605
:10EF000007F15800F8F796F94FF4D0714846FDF72D
:10EF1000BCFFD9F89C31984206D14FF4D0724946D3
:10EF200007F5EE70F8F786F9002308F1040207F5FB
:10EF3000657758F8031009B1D158F9500C33B3F57F
:10EF4000587FF6D102F0F0FD00283FF453AF02F0F5
:10EF50000FFE0021FFF780FB00283FF44BAF41E696
:10EF600038B502F0BFFDC0B201280DD002F096FA0C
:10EF700002F0A6FA03F07EFBD8B11E491E4804F049
:10EF800099F86FF0060412E002F064FCA0F114039B
:10EF9000DBB2022B054698BF0025FDF765FF04464E
:10EFA0000028E3D028461AF0F4F80028DED02046E6
:10EFB00038BD00F0BBFC0028E3D102F093FDC0B2E5
:10EFC000012801D00024F2E702F044FCA0F1140370
:10EFD000DBB2022B054698BF002502F03BFCFFF791
:10EFE000F3FD04460028EDD028461AF0D2F8002898
:10EFF000E8D0DCE7A0BC04007FBA0400F0B58BB019
:10F00000064602F027FC864200F09C803046FEF760
:10F01000BEFF002800F09880FDF726FF044618B1D7
:10F020004B4B1B78002B64D100F080FC002860D192
:10F0300002F0ACFF074600285BD102F02FFA02F085
:10F040003FFA002E58D101201AF0A2FB3546414963
:10F0500041482A4615F044FE002870D12C2368460A
:10F060008DF8003016F084F8002868D19DF804006F
:10F0700002F084FD044600283BD1202768468DF825
:10F08000007016F075F8002859D19DF8080002F0BC
:10F0900087FD044668BB68468DF8007016F068F876
:10F0A00000284CD1019802F0ABFD044608BB2F2389
:10F0B00068468DF8003016F05BF800283FD19DF8C7
:10F0C000040002F0EBFD044698B96B1EDBB2012B85
:10F0D00024D905F0FD03082B20D0002E18BF35469B
:10F0E000284602F0BDFB044618B92846FFF76CFD20
:10F0F000044620460BB0F0BD142E04D102201AF0B5
:10F1000047FB3D46A3E7152E01D10320F7E7162E56
:10F1100001D10420F3E735463E4698E724236846AC
:10F120008DF8003016F024F848B9019802F0B0FBD1
:10F1300004460028DDD102F029FF0028CDD06FF071
:10F140000604D6E70024D4E76FF01004D1E700BF2F
:10F15000867600103C7500104C75001013B5064CF7
:10F160006368984728B9E36A019302B0BDE810408C
:10F17000184702B010BD00BFBC04050008B5074B1E
:10F180005B689847014640B90B2003F0C9FDBDE814
:10F19000084001210B2003F0C3BD08BDBC040500DD
:10F1A00008B5034B5B689847003818BF012008BDBD
:10F1B000BC040500014B1870704700BFBC2802104A
:10F1C000024B034A1B78D054704700BFBC28021082
:10F1D000BE7700102DE9F0438BB023230546684627
:10F1E0008DF8003015F0C4FF0246002851D12A4B9B
:10F1F0002A4CD3F800C093F906E006462046B7B281
:10F20000002101EB0209CC451FFA81F82ED114F937
:10F210000190F1452AD1B8F10F0F1AD1052F06D16F
:10F220004FF0FF321A6000200BB0BDE8F0830136CA
:10F23000019A32F81620310102F001029A80425CF4
:10F2400019609A71144B03CB286069606FF00D0050
:10F25000EAE7013101240A4404FA01F1019C1A6031
:10F2600034F81640825C21409980EAE70131102988
:10F27000C7D10136062E02F1100204F11004BED1EE
:10F2800000221A60019A128802F001029A80027824
:10F29000D7E76FF00600C7E7F82F0010BE77001021
:10F2A00010B58AB088B3FEF72CF80128044609D1BE
:10F2B000FEF729F830B94FF0FF331A4619462046B9
:10F2C000FEF75CFF002017F09DFC0122114904208D
:10F2D00004F074F9024698B941F28831042004F030
:10F2E0006FF94623012468468DF800308DF80440FC
:10F2F00016F08AF82046FEF73EFE00200AB010BD48
:10F300004721054803F0D6FEEBE7042004F05AF944
:10F31000F3E700BFB9F301007BB904002DE9FF4713
:10F32000214D224E224FDFF88C808DF808000123FA
:10F330002B704323337000238DF809308DF80B3088
:10F340004FF0E00957F8042BDCB2B2B11369A3B156
:10F350002046FDF7ADFC80B157F8043CDB689847C8
:10F3600058B198F80AA0D8F80C1052463046F7F772
:10F3700061FF85F800A08DF80890631CDAB2042ABA
:10F380005BB2DFD10023009304AB13E90C002978B2
:10F390000648FEF72DF920B9064B587004B0BDE8B9
:10F3A000F0874FF0FF30F9E7D82802101E780010E0
:10F3B000A82802100CF2001010B5FDF7A2FF0128DA
:10F3C000044609D1FDF79FFF30B94FF0FF331A46CD
:10F3D00019462046FEF7D2FEBDE810400220FFF796
:10F3E0009DBF00002DE9FF414FF4807200213A4893
:10F3F0003A4E3B4CF8F78AFC0023337015F094F832
:10F4000080B2C82884BF143880B2E36806389842B6
:10F41000606146D30021A170237133782E4F22788A
:10F42000FA545A1CD2B26078B8549A1CD2B2A0785E
:10F43000B854DA1CD2B2E078B854581D0433DBB2A9
:10F4400094F8048007F80380A368C5B242461944C3
:10F4500057FA80F0F7F7EEFE05EB0802D2B2002370
:10F460003846D9B28A4230D81E4B1B481B788DF8DB
:10F47000083001238DF80B30A369003B18BF01232E
:10F480008DF80C3000238DF809300093013204AB65
:10F49000D1B213E90C003170FEF7AAF804B0BDE850
:10F4A000F08121695B1AB3FBF0F5EAB200FB153578
:10F4B0004DB9A270A278984202F1FF3228BF1846D7
:10F4C000A2702071A9E70132F3E717F8011B855CF0
:10F4D000294481540133C4E710790010107A0010D8
:10F4E000DC280210117A00100D4A1378BBB10D4BC5
:10F4F00080B9997809B9117070471A78197960F351
:10F5000041021A70DA780132DA701A690A441A6113
:10F51000FFF768BF1A7842F002021A70F8E77047E6
:10F52000187A0010DC2802102DE9F8431C46431E0F
:10F53000DBB2DE2B0E46054611462AD8B4F5806FA5
:10F5400027D8164F164BDFF864904FF0010822467B
:10F55000384683F80080F7F76DFEC9F80040114C7B
:10F56000237823F0030343EA08032370FF2004F009
:10F5700019F800232361D9F80030E3600A4B60706A
:10F5800084F803801D70A760A661BDE8F843FFF70B
:10F5900029BF6FF00200BDE8F88300BFF828021011
:10F5A000187A0010DC280210117A0010147A00106A
:10F5B00084B0F0B58BB010AC84E80F006C4A1198A1
:10F5C00000238DF80330114616464C68A04200F027
:10F5D000CC800133042B01F13401F6D100255168B0
:10F5E000ECB2002940F0B68010AB4FF4807713F8EE
:10F5F000082B8DF87050CDE9020316ABCDE904312C
:10F60000022A4FF6FF7306938DF81C201A9BADF863
:10F6100004708DF8064060D1002B32D008939DF81D
:10F620006C308DF8243001A816F034FA002840F030
:10F630009C809DF806000DF1030207A916F0BCFAA4
:10F640009DF8033023F00303184310F0FF0F40F040
:10F650008C80342404FB056410AD0FCD0FC40FCD96
:10F660000FC40FCD0FC42B684148236002F074FC17
:10F67000002818BF6FF006000BB0BDE8F04004B0E2
:10F680007047FDF75FFD0A286FD8DFE800F0060A33
:10F69000161A1C1E20220A240A00364B0893022345
:10F6A00002E0354B089308238DF82430089B1A9309
:10F6B0009DF824308DF86C30B5E7304B089300236B
:10F6C000F2E72F4BFAE72F4BF8E72F4BF6E72F4BDC
:10F6D000F4E72F4BE2E72F4BF0E74BB108939DF88F
:10F6E0006C308DF82430BDF86E30ADF826309AE7D6
:10F6F000FDF728FD0A2838D8DFE800F0060A161AB8
:10F700001C1E20220A262800234B0893032302E014
:10F71000194B089308238DF82430089B1A939DF801
:10F7200024308DF86C30DEE71C4B08930223F2E79F
:10F730001B4BEAE7134BE8E7134BE6E7194BE4E70B
:10F74000134B08930423E6E7174BDEE70A4B0893B5
:10F750000A23E0E70135042D02F134027FF43FAFC4
:10F76000124834220021F8F7D1FA6FF00F0083E736
:10F77000F82C021000EA0637A070083720441E1E3D
:10F780008068D92E2876E81908E6D333E013F336DB
:10F79000F080A633E069CD3340F7093720937F1D11
:10F7A0004026CA2E6063053710D62D05C82D0210DD
:10F7B000F8B51B4E0023324635465168814229D1A7
:10F7C000342707FB035595F8300016F0C5F90446B9
:10F7D00018B16FF006052846F8BD01463A4628469E
:10F7E000F8F794FA0E4802F0B7FB05460028F0D16E
:10F7F000034672680AB10134E4B20133042B06F106
:10F800003406F6D1002CE6D1FDF733FE2146FEF793
:10F810001FFEE0E70133042B02F13402CDD1D8E71B
:10F82000F82C0210F0B58FB0264C06463422002189
:10F8300001A8F8F76BFA012384F83130022384F829
:10F840006530032384F89930042384F8CD303422C2
:10F850000DEB0301304629F063FD90B9194B324698
:10F8600003F130051C4603CCAC42106051602346C6
:10F8700002F10802F6D1186810606FF00D000FB0A9
:10F88000F0BD2746002534223946304629F048FD90
:10F8900090B9032DF3D0342305FB033323443246C0
:10F8A00003F130051C4603CCAC4210605160234686
:10F8B00002F10802F6D1DEE70135042D07F1340725
:10F8C000E1D1CBE7F82C02102DE9F043BFB002F0F4
:10F8D0003FFBD02201460AA8F7F7ACFC0AAE4FF076
:10F8E00000084FF03409736853B908F10108B8F102
:10F8F000040F06F13406F6D100203FB0BDE8F083D6
:10F900003EAB09FB0834A4F1D007C03C0FCC6D46D8
:10F910000FC50FCC0FC523682B6097E80F00FFF7CA
:10F9200047FE0028E1D06FF00600E6E738B5094C45
:10F930000025606830B90135042D04F13404F8D194
:10F94000002038BDFFF734FF0028F4D06FF0060028
:10F95000F7E700BFF82C0210064B1B6810B50446F1
:10F9600003B19847044B0CB100225A7000225A711F
:10F9700010BD00BFD02D02103F7B001070B5064EA9
:10F9800004464518AC4200D170BD14F8011B304646
:10F9900003F090FBF6E700BF18A3040008B5064B80
:10F9A00000225A7021F055FF28B1BDE808400349F4
:10F9B000034803F07FBB08BD3F7B0010E0BD04009F
:10F9C000E607050038B5114C00236370A37002F000
:10F9D00089F810F0FF0F0CBF0D480E4803F06AFBCA
:10F9E0000D4B02225A720D4A156815B193E80700B3
:10F9F000A847E37843B9237933B9094B1B6B984780
:10FA0000BDE8384003F054BA38BD00BF3F7B00105A
:10FA1000D8BC0400F3BC0400487B0010C82D0210C1
:10FA2000BC040500134B9978002210B55A701A4691
:10FA300019B9D97809B91B7913B10123537010BDD5
:10FA400002F050F810F0FF0F0CBF0B480B4803F00A
:10FA500031FB0B4B01225A720A4A146814B193E825
:10FA60000700A047084B1B6B9847BDE8104003F008
:10FA70001FBA00BF3F7B00100EBD04002BBD040069
:10FA8000487B0010C82D0210BC04050013B5114CB2
:10FA900000236370104B1B6803B1984702F022F8F3
:10FAA00010F0FF0F0CBF0D480D4803F003FB03F0EF
:10FAB000FFF923795BB1012363700A4C236B9847EC
:10FAC000636B0193002002B0BDE81040184702B0FC
:10FAD00010BD00BF3F7B0010CC2D021048BD0400BC
:10FAE0005ABD0400BC04050008B501F0FBFFC0B21C
:10FAF00008BD0000044B587820B9987810B9D87820
:10FB000000B91879704700BF3F7B001002F04ABA75
:10FB1000044B054A034493428CBF6FF0020000205F
:10FB2000704700BF802E0FF7809E473002F04ABA20
:10FB3000053807288CBF6FF002000020704708B519
:10FB400002F050FA7D2806D0FA2806D0B0F5FA7FE8
:10FB500008BF022008BD0020FCE70120FAE70000F2
:10FB600010B5044601F0BEFF10F0FF0F0DD17D2C43
:10FB700001D1002010BDFA2CFBD0B4F5FA7FF8D0EB
:10FB8000092CF6D96FF00200F4E701F0ABFFC0B228
:10FB90000228EED1024BA4F596549C42F1E700BF37
:10FBA000780D070002F03ABA03288CBF6FF002000C
:10FBB0000020704702F042BA042894BF6FF00200A0
:10FBC0000020704702F04ABA053811288CBF6FF048
:10FBD00002000020704702F051BA02F055BA02F05C
:10FBE0005DBA02F06DBA02F085BA02F095BA08B5B6
:10FBF00002F026FB003818BF012008BD02F026BB2A
:10FC00002DE9F04FFF29ADF50D7D0C46164675D850
:10FC10000DF598780A4601464046F7F70BFB14F0BD
:10FC20000F010ABF1022C1F110011146234618BF6F
:10FC3000CAB20C449C425DDC0FAD10212846FFF790
:10FC4000D2FF5FFA84F9AA46C4F303142A460023BC
:10FC500012F8011BC9B90133102BF9D1294B5F6987
:10FC60004FF0040BB847030A8AF80C008AF80D30ED
:10FC7000BBF1010B4FEA10434FEA10608AF80E30D7
:10FC80008AF80F00AAF1040AECD195E80F000DF1F3
:10FC90001C0A8AE80F00102200212846F8F736F8DF
:10FCA00010212846FFF7A1FF9AE80F000BAF87E865
:10FCB0000F00102103A8FFF792FF2A46102103A886
:10FCC00013F058F83146009553462246404613F04B
:10FCD0003BFA4E443B4603CBAB42306071601F465B
:10FCE00006F10806F6D109F11000C0B20DF50D7D40
:10FCF000BDE8F08F08F8032001339BE76FF00200A6
:10FD0000F4E700BFBC0405002DE9F0411446C8B07B
:10FD1000A1F111020646024407A810230746013B41
:10FD200012F8015F00F8015B9BB2002BF7D110398C
:10FD30008DB221F08EFD48B1C54803F0BBF93846BD
:10FD40001021FFF71BFEC34803F0B4F910210DF199
:10FD50002C0803A8FFF743FF4246102103A813F025
:10FD600009F83B462A09CDF800802146304613F0B9
:10FD7000B7FB6219284612F8013C012B04D1681E1A
:10FD8000C0B248B0BDE8F081022B05D112F8023CA8
:10FD9000022BF5D1A81EF3E7032B09D112F8023C80
:10FDA000032BEDD112F8033C032BE9D1E81EE7E762
:10FDB000042B0DD112F8023C042BE1D112F8033CC4
:10FDC000042BDDD112F8043C042BD9D1281FD7E72E
:10FDD000052B11D112F8023C052BD1D112F8033CAE
:10FDE000052BCDD112F8043C052BC9D112F8053CE6
:10FDF000052BC5D1681FC3E7062B15D112F8023CAD
:10FE0000062BBDD112F8033C062BB9D112F8043CE5
:10FE1000062BB5D112F8053C062BB1D112F8063CE1
:10FE2000062BADD1A81FABE7072B19D112F8023C66
:10FE3000072BA5D112F8033C072BA1D112F8043CE3
:10FE4000072B9DD112F8053C072B99D112F8063CDF
:10FE5000072B95D112F8073C072B91D1E81F8FE7AC
:10FE6000082B22D112F8023C082B89D112F8033C4E
:10FE7000082B85D112F8043C082B81D112F8053CDF
:10FE8000082B7FF47DAF12F8063C082B7FF478AF87
:10FE900012F8073C082B7FF473AF12F8083C082BCC
:10FEA0007FF46EAFA5F108006AE7092B2AD112F89A
:10FEB000023C092B7FF464AF12F8033C092B7FF45A
:10FEC0005FAF12F8043C092B7FF45AAF12F8053CDF
:10FED000092B7FF455AF12F8063C092B7FF450AF85
:10FEE00012F8073C092B7FF44BAF12F8083C092BA2
:10FEF0007FF446AF12F8093C092B7FF441AFA5F11E
:10FF000009003DE70A2B2FD112F8023C0A2B7FF49F
:10FF100037AF12F8033C0A2B7FF432AF12F8043CDF
:10FF20000A2B7FF42DAF12F8053C0A2B7FF428AF83
:10FF300012F8063C0A2B7FF423AF12F8073C0A2B79
:10FF40007FF41EAF12F8083C0A2B7FF419AF12F8A9
:10FF5000093C0A2B7FF414AF12F80A3C0A2B7FF4F9
:10FF60000FAFA5F10A000BE70B2B34D112F8023CBE
:10FF70000B2B7FF405AF12F8033C0B2B7FF400AF83
:10FF800012F8043C0B2B7FF4FBAE12F8053C0B2B54
:10FF90007FF4F6AE12F8063C0B2B7FF4F1AE12F8AC
:10FFA000073C0B2B7FF4ECAE12F8083C0B2B7FF4D4
:10FFB000E7AE12F8093C0B2B7FF4E2AE12F80A3CD4
:10FFC0000B2B7FF4DDAE12F80B3C0B2B7FF4D8AE7D
:10FFD000A5F10B00D4E60C2B3ED112F8023C0C2B01
:10FFE0007FF4CEAE12F8033C0C2B7FF4C9AE12F8AE
:10FFF000043C0C2B7FF4C4AE12F8053C0C2B7FF4B0
:020000022000DC
:10000000BFAE12F8063C0C2B7FF4BAAE12F8073CD8
:100010000C2B7FF4B5AE12F8083C0C2B7FF4B0AE7D
:1000200012F8093C0C2B7FF4ABAE12F80A3C0C2BF7
:100030007FF4A6AE12F80B3C0C2B7FF4A1AE12F8A5
:100040000C3C0C2B7FF49CAEA5F10C0098E600BF95
:100050006CBD040035BE04000D2B3ED112F8023CED
:100060000D2B7FF48DAE12F8033C0D2B7FF488AE80
:1000700012F8043C0D2B7FF483AE12F8053C0D2BD7
:100080007FF47EAE12F8063C0D2B7FF479AE12F8A9
:10009000073C0D2B7FF474AE12F8083C0D2B7FF457
:1000A0006FAE12F8093C0D2B7FF46AAE12F80A3CD1
:1000B0000D2B7FF465AE12F80B3C0D2B7FF460AE78
:1000C00012F80C3C0D2B7FF45BAE12F80D3C0D2B9F
:1000D0007FF456AEA5F10D0052E60E2B43D112F877
:1000E000023C0E2B7FF44CAE12F8033C0E2B7FF437
:1000F00047AE12F8043C0E2B7FF442AE12F8053CDA
:100100000E2B7FF43DAE12F8063C0E2B7FF438AE7A
:1001100012F8073C0E2B7FF433AE12F8083C0E2B7E
:100120007FF42EAE12F8093C0E2B7FF429AE12F8A4
:100130000A3C0E2B7FF424AE12F80B3C0E2B7FF4FE
:100140001FAE12F80C3C0E2B7FF41AAE12F80D3CC9
:100150000E2B7FF415AE12F80E3C0E2B7FF410AE72
:10016000A5F10E000CE60F2B48D112F8023C0F2B24
:100170007FF406AE12F8033C0F2B7FF401AE12F8A9
:10018000043C0F2B7FF4FCAD12F8053C0F2B7FF4E1
:10019000F7AD12F8063C0F2B7FF4F2AD12F8073CD6
:1001A0000F2B7FF4EDAD12F8083C0F2B7FF4E8AD78
:1001B00012F8093C0F2B7FF4E3AD12F80A3C0F2B29
:1001C0007FF4DEAD12F80B3C0F2B7FF4D9AD12F8A3
:1001D0000C3C0F2B7FF4D4AD12F80D3C0F2B7FF4A9
:1001E000CFAD12F80E3C0F2B7FF4CAAD12F80F3CC6
:1001F0000F2B7FF4C5ADA5F10F00C1E5102B08BF93
:10020000A5F11000BCE500BF2DE9F0432C4D4FF0E7
:100210000009C1B080460C4617461E4685F801907D
:1002200085F8029001F02AFF002840D04FF4807238
:1002300049466846F7F76AFD23071EBF24F00F04FE
:100240001034A4B221466A464046FFF75DFDC4B2B1
:10025000224669461B48DFF86C80F6F7EBFF01F099
:1002600041FC10F0FF0F0CBF1748184832463946C2
:1002700002F020FF21464046FFF780FB144802F0C1
:1002800019FF144900234B72134BCF801B680E7269
:100290000C71C1F800800BB107C99847EB780BB916
:1002A0002B793BB101236B7041B0BDE8F08322464E
:1002B0004146CFE7094B1B6B984702F0F9FDF3E786
:1002C0003F7B0010407A00107DBD04008FBD04000C
:1002D00035BE0400487B0010C82D0210BC04050088
:1002E00001F048BF01F04CBF01F074BFF82801D8FD
:1002F00001F076BF6FF00200704701F059BF01F0C6
:100300005DBF01F079BF01F07DBF01F087BF000044
:1003100070B5074B5D6C0446010A4FF4E860A847CE
:10032000E1B22B4640F24170BDE87040184700BF73
:10033000BC0405002DE9F04F2DED028B99B001F0C2
:100340005BFF0D9001F034FF0E9001F043FF109021
:1003500001F016FF08EE100A01F00CFF814601F0D3
:100360005DFF08EE900A02F0D3FA002800F0A380A7
:1003700012A802F0D9FA129B9DF85C809DF84CB04F
:10038000BDF85A500C9301F0ADFB10F0FF0F40F098
:100390008A80149C9DF85870013701F0A3FB10F07F
:1003A000FF0242D10B9201F015FF6FF07F430893DB
:1003B0000E9BDFF844A107930D9B0B9A0F90CDE99C
:1003C0000253DAF81C301192FEB20120CDE9052269
:1003D000CDE900B604900B964FFA88F11E462346ED
:1003E000B0470F9B119A0092B3FA83F35B0909930C
:1003F0000E9B08930D9B0393BDF84030CDE901534C
:10040000DAF818300120CDE90420CDE906221E4695
:100410005A460B9B2146B0470120DAF85430FF21A1
:10042000984718EE900AFFF773FF01F05BFBC0B22C
:100430000228314E2ED100206FF07F43CDE9070313
:10044000F369CDF800904FF0010A5FFA87FBCDE920
:100450000500CDE9030ACDE901B518EE102A1F46C3
:100460004FFA88F12346B84700200523CDE9015310
:10047000CDE90700CDE905A0CDE9030000905B467A
:100480002146B569CDF824A04A46A847736DFF21DF
:10049000504698470C98F3689847002019B0BDEC77
:1004A000028BBDE8F08F01F01DFBC0B2022804BF33
:1004B000159C64086EE701F075FD0C9001F0CEFD0F
:1004C000804601F07FFD834601F0B8FD054601F04E
:1004D00009FB10F0FF0F06D1FFF731FB044601F0D6
:1004E0009DFD471C59E701F0FDFAC0B20228F6D184
:1004F000FFF725FB4408F2E7BC0405000A4808B5ED
:100500000A4B03600A4B83600A4B43600A4BC3608B
:100510000A4B03610A4B83610A4B1B689847FFF73C
:1005200009FF002008BD00BF1C7A00108DFA0100F1
:10053000090202009DF9010025FA0100C5F9010038
:1005400059F90100BC040500F8B52C4D6B7806463E
:100550000C46174623B12B7913B96FF00500F8BD8F
:1005600001F08CFD002834D02146254A3046FFF7A3
:1005700047FBC4B2234EFFF7DDFE02F091FC336B64
:10058000984701236B7057BB1D4DB36A214628461F
:10059000984721F05EF90028E1D001F06FFD58B1D5
:1005A000194802F087FDA4F1100028441021FFF73C
:1005B000E5F9164802F07EFD2146154802F07AFD65
:1005C0000F482146FFF7DAF9104802F073FD0020CA
:1005D000C5E7224631460A48F6F72CFECAE76B719A
:1005E000B36B98476B792BB11FF0A7FE8028F9D128
:1005F0001EF0AAFF6B78002BC6D1AEE73F7B001040
:10060000407A0010BC040500A1BD040035BE040002
:10061000B2BD0400B0F5803F70B5044642D2431E1F
:100620000D2B224B4FF0000298BF0F24C3E900228C
:100630009A601F4B5CB19A781AB9DA780AB91A79BC
:100640002AB11C4802F036FD6FF0050070BD012292
:10065000194D5A704CB99C705C70DC701C7102F0C2
:1006600027FC2B6B98470020F0E74FF6FF718C4278
:100670006E6B09D19A70FFF75DFE2B6B98470020D7
:10068000B04702F00DFCEEE74FF6FE718C4201D14F
:10069000DA70F0E74FF6FD718C4201D11A71EAE78A
:1006A0002046EDE76FF00200D0E700BF487B001066
:1006B0003F7B0010CCBD0400BC04050008B5074B0F
:1006C000074A0344934205D801F072FCFFF732FE5B
:1006D000002008BD6FF00200FBE700BF802E0FF77F
:1006E000809E473008B5431F072B05D801F070FCEA
:1006F000FFF720FE002008BD6FF00200FBE70000BE
:1007000010B5044601F0EEF910F0FF000CD17D2C7D
:1007100014D0FA2C1CD0B4F5FA7F1BD0092C0ED9BA
:100720006FF00204204610BD01F0DCF9C0B20228CF
:1007300005D1094BA4F596529A42F0E704462046AB
:1007400001F05AFC04460028ECD1FFF7F3FDE9E77D
:100750000124F4E70224F2E7780D0700032808B526
:1007600005D801F061FCFFF7E5FD002008BD6FF042
:100770000200FBE7042808B505D901F065FCFFF786
:10078000D9FD002008BD6FF00200FBE708B5431F4C
:10079000112B05D801F068FCFFF7CCFD002008BD47
:1007A0006FF00200FBE70000084BA0F516729A42BA
:1007B00010B5044606D8FFF7BDFD2046BDE8104041
:1007C00001F0C4BC6FF0020010BD00BFE80A0300D6
:1007D000084BA0F516729A4210B5044606D8FFF7EA
:1007E000A9FD2046BDE8104001F0BABC6FF0020040
:1007F00010BD00BF8891040010B501F015FD04463E
:10080000F4F732FCFFF796FD204610BD08B502F064
:1008100047FB024A13680133136008BDB07E001025
:10082000094B1B6810B513B1084B1B6D3BB9084C45
:10083000236823B102F03CFB2368013B2360BDE841
:100840001040044802F036BCA87D00100C300010A7
:10085000B07E0010ECBD0400F7B5164C164E2368B0
:10086000164D30682F68013B2360154B21681A68CC
:1008700064234343511A3844B3FBF0F3114802F0A8
:1008800019FC236810493BB14B6B019341F288304E
:1008900003B0BDE8F04018470C48336002782B6085
:1008A0000B6B019322F00802027003B0BDE8F04028
:1008B000184700BFA87D0010787B00107C7B0010DB
:1008C000AC7D0010F7BD0400BC040500807B001067
:1008D000024A136801331360FFF7BEBF787B001034
:1008E000FFF7F6BF10B5064C2068013020601146B6
:1008F00004481A4602F0DEFBBDE81040FFF7ACBF2B
:100900007C7B001015BE0400F8B5284D284F2978CF
:10091000BA6A284C284E00292ED0236D2748013B67
:100920002365E17D9047616C254802F0C3FB326886
:10093000216D2448511A02F0BDFBE36C626C134434
:100940006364626CA36C9A4282BF1F4B1B68636432
:10095000606CFB689847246D24B1BDE8F8401B48E3
:1009600020F0A4B81A4A1948137823F0040313702E
:1009700020F010F92C70F8BD164D10482B68013B83
:100980002B60E17D9047326829680E48511A02F0C9
:1009900091FB2B68002BE0D10D4A0C48137823F013
:1009A00004031370BDE8F84020F0F4B8A47D0010F3
:1009B000BC0405000C300010AC7D0010B07D0010B0
:1009C00038BE04004ABE0400A07D0010847B0010E5
:1009D000807B0010A87D0010F8B5294D294F2B7899
:1009E000BA6A294C294E002B30D0236D2848013B90
:1009F0002365E17D9047616C264802F05BFB216D29
:100A000032682548511A02F055FB226D33689B1A53
:100A1000224A1178B3FBF1F201FB1233204A52F85B
:100A200023306364606CFB689847246D24B1BDE893
:100A3000F8401C4820F03AB81B4A1A48137823F0B3
:100A40000403137020F0A6F82C70F8BD174D104861
:100A50002B68013B2B60E17D9047326829680E4886
:100A6000511A02F027FB2B68002BE0D10E4A0D48EB
:100A7000137823F004031370BDE8F84020F08AB81F
:100A8000A47D0010BC0405000C300010AC7D0010EB
:100A9000B07D001038BE04004ABE04009C7B0010EC
:100AA000A07B0010847B0010807B0010A87D0010CC
:100AB00070B50D4CC00000220221824201D10020FD
:100AC00070BDC1F3001383EA1123D51043EA41033B
:100AD00002F00706C3F3080103F00103B340665DAB
:100AE000334363550132E8E7B07D0010064B10B583
:100AF000064C1B6B9847236823B102F0D9F9236891
:100B0000013B236010BD00BFBC040500B07E001097
:100B100038B50D4D287810F0010411D1FFF776FE9D
:100B20002B7843F001032B70084B186B93F82410BB
:100B3000074B4FF6FF72DB6B49B29847204638BD32
:100B40006FF00500FBE700BF807B00100C30001049
:100B5000BC0405000B4B0C4810B500221A7020F0A5
:100B600019F80A480A4C20F015F80A4BDB6A984736
:100B7000236803B910BD02F09BF92368013B236091
:100B8000F6E700BF807B0010847B0010C0280210B5
:100B9000B07E0010BC0405002DE9F04F284A137800
:100BA00099078DB0834648D4264C274D206B43F0DF
:100BB00002031370EB689847206894F82410A26A27
:100BC000D4ED017AA6680B96277BA68A94F816C006
:100BD00094F818E094F8198094F81A9094F81BA0EF
:100BE000E36AB6B2CDE907A30B9B0093CDE901768A
:100BF00017EE903ACDE90589CDE903CEEE6949B209
:100C0000C0B2B047636BB3B96B6B6FF07F4098476E
:100C1000322001F02EFF2B6C00209847EB6AABF8D6
:100C200000009847064A137823F00203137000204F
:100C30000DB0BDE8F08F6B6EE7E76FF00500F7E7EA
:100C4000807B00100C300010BC04050010B5044679
:100C5000FFF7DCFD226B144B1344144A934220D857
:100C600094F824300933DBB21F2B1AD86368062BA3
:100C700017D8A368053B072B13D8237B013B032B15
:100C80000FD82368022B0CD8A36A094AA3F5965300
:100C9000934206D8074854222146F4F76CFF0020FF
:100CA00010BD6FF00200FBE7802E0FF7809E4730EB
:100CB000780D07000C30001008B503495422F4F7F2
:100CC0005AFF002008BD00BF0C3000102DE9F04F86
:100CD000304C8DB00B90207810F0040857D1FFF7FE
:100CE00095FD23782C482D4D43F00403237002F02A
:100CF000E1F92B482B4B03602B4B83602B4B43605C
:100D00002B4B2C4CC3602C4B03612B689847E07D28
:100D1000FFF7CEFE206BEB689847206894F824100C
:100D2000A26AD4ED017AA76894F80CC0A68A94F858
:100D300016E0237E94F8199094F81AA094F81BB04A
:100D4000E46A0097B6B2CDE903E3CDE901C617EE38
:100D5000903ACDE907B449B2C0B2CDE9059AEC6941
:100D6000A047164B0B9A1A601A68154B154916487E
:100D70001A601FF093FE14484FF4FA711FF036FF0B
:100D800011481FF093FE40460DB0BDE8F08F6FF0A4
:100D90000500F9E7807B001066BE0400BC04050076
:100DA000547B001021080200E5080200ED0A020051
:100DB000D10802000C300010E1080200A87D0010EC
:100DC000AC7D001009090200847B00102DE9F04F72
:100DD0002C4D0446287810F008088DB04FD1002C17
:100DE0004DDDFFF713FD2B78274843F008032B70E8
:100DF000264B0360264B8360264B274D4360274BD1
:100E0000C360274B03612B689847264B1C601A6808
:100E1000254C264B206B1A60EB6898472068616868
:100E2000A268237B26690B9607EE903AA68A276A6A
:100E300094F816C094F817E0237E94F8199094F86B
:100E40001AA094F81BB0247FCDF80CC0CDE904E3C0
:100E5000B6B20B9B0093BFB217EE903ACDE908B43F
:100E6000C0B2CDE9069ACDE90167AC69A04741F26D
:100E700088306B6B984740460DB0BDE8F08F6FF03F
:100E80000500F9E7807B0010547B00102108020068
:100E9000E5080200ED0A0200BC040500D1080200CA
:100EA000E1080200A87D00100C300010AC7D00109D
:100EB0002DE9F04F344C0646207810F004088BB032
:100EC0005FD1FFF7A3FC23783048314D43F0040392
:100ED0002370304B304C01221A70304B0360304B82
:100EE0008360304B4360304BC360304B03612B68F1
:100EF0009847736C6364B36CA364F36CE364336D01
:100F00002365E07DFFF7D4FD294B626C1A60294B05
:100F1000226D1A60606CEB689847206894F8241082
:100F2000A26AD4ED017AA76894F80CC0A68A94F856
:100F300016E0237E94F8199094F81AA094F81BB048
:100F4000E46A0097B6B2CDE903E3CDE901C617EE36
:100F5000903ACDE907B449B2C0B2CDE9059AEC693F
:100F6000A047154915481FF099FD14484FF4FA7130
:100F70001FF03CFE11481FF099FD40460BB0BDE844
:100F8000F08F6FF00500F9E7807B0010547B0010B4
:100F9000BC040500A47D00100C30001021080200E4
:100FA000E5080200ED0A0200D1080200E108020093
:100FB000A07D0010AC7D001009090200847B0010A8
:100FC0002DE9F04F934D297811F004048BB00646BB
:100FD00040F01D81FFF71AFC21464FF400728E4845
:100FE000F6F794FE8D4B21461C7022468A4C98469B
:100FF0008029CBB21FD132BB022001F0AFFF28F015
:101000009DF900276FF0004998F80030BB4222DCC0
:10101000FCF798F8824B0A2800F2F680DFE810F01F
:101020005700BE00C400CA00D000D600DC00E200B9
:10103000E800F400EE00706CF26C02FB0102B06C90
:10104000824203D9013B88F80030D5E744F82120DB
:1010500001310122CCE728F095F998F80020A2EBA5
:10106000070C99FBFCFC0CF1010190FBF1F0C3199A
:101070009F4208BF002354F8271054F82300414032
:1010800044F8271054F8271054F82300414044F83E
:10109000231054F8271054F82300414044F8271037
:1010A00054F8231054F82200414044F8231054F817
:1010B000231054F82200414044F8221054F8231021
:1010C00054F822204A4044F8232001379CE79A68CC
:1010D000544998688F5654491AF0EEF804462B7814
:1010E0005248DFF8BC8143F004032B70504B4C4D49
:1010F00001221A704F4B03604F4B83604F4B43608C
:101100004F4BC3604F4B0361D8F800309847424BB8
:101110001B686B64B36CAB64F36CEB64336D2B6571
:10112000E87DFFF7C5FC484B6A6C1A60474B2A6D97
:101130001A60686CD8F80C309847286895F8241025
:10114000AA6A2E7BAB8A95F816C095F818E095F838
:10115000199095F81AA095F81BB0ED6A00979BB20C
:10116000CDE903CECDE907B5CDE9016349B2234608
:10117000C0B2CDE9059AD8F81C50A8473449354883
:101180001FF08CFC33484FF4FA711FF02FFD3148EB
:101190001FF08CFC00200BB0BDE8F08F9A682E4940
:1011A00098688F562D4997E79A682D4998688F5609
:1011B0002C4991E79A682C4998688F562B498BE700
:1011C0009A682B4998688F562A4985E79A682A4970
:1011D00098688F5629497FE79A68294998688F56F9
:1011E000284979E79A68284998688F56274973E70C
:1011F0009A68274998688F5626496DE79A68264964
:1012000098688F56254967E70024072767E76FF03E
:101210000500C0E7807B0010A07B00109C7B0010C5
:101220000C30001008C0040070BE0400547B001095
:10123000A47D001021080200E5080200ED0A02006A
:10124000D1080200E1080200A07D0010AC7D001072
:10125000D9090200847B001010C0040090BE040075
:1012600008C00400D0BE040008C00400F0BE0400A2
:1012700008C0040010BF040008C0040030BF040010
:1012800020C0040070BF040008C0040050BF040068
:1012900026C00400C8BF040010C0040088BF0400BA
:1012A000BC04050008B503490C22F4F764FC0020D7
:1012B00008BD00BF0030001038B505460B4CFFF7E5
:1012C000A5FAAB68A3602B68094823606B68094DD9
:1012D0006360094B43602B6898472068EB6B228959
:1012E00094F904109847002038BD00BF003000106A
:1012F000547B0010BC040500ED0A02001B2937B521
:10130000434B05460C460FD00CD80A2934D00D2982
:1013100032D008290BD01A78012A5ED15B2C64D117
:10132000022202E07F29F5E701221A7053E03949D1
:1013300000221A700B68002B4DD0013B0B60364920
:101340000824CA54284601220DF107018DF80740F0
:1013500001F054FE202301220DF1070128468DF8EB
:10136000073001F04BFE01220DF1070128468DF8F0
:10137000074001F043FE2EE000221A70264B1B7836
:1013800003B300F007FA88B10A2301220DF1070127
:1013900028468DF8073001F031FE0D2301220DF1B2
:1013A000070128468DF8073001F028FE1A48F2F7A9
:1013B000A7FE19490246284620F0BAFD17491848E9
:1013C00001F078FE40F6010213480021F6F79EFC7A
:1013D000104B00221A6003B030BD022A05D1A4F1DF
:1013E0004102012A01D800229FE70A490020187013
:1013F0000B6840F2FE729342EDD85A1C0A6006490F
:10140000CC54885400F0C6F90028E4D0ABE700BF04
:10141000B47E00100C870010087F00100F0005003C
:1014200036C0040008B50B490B4801F043FE1422F6
:1014300000210A48F6F76AFC40F60102084800213C
:10144000F6F764FC074B00221A60BDE8084021F063
:1014500041B800BF0F00050036C00400B87E001080
:10146000087F00100C8700107047000010B5094C71
:101470000948224640F2DC6101F00AFBE3680133CF
:1014800007D1204640F2DC62BDE810400021F6F7AB
:101490003DBC10BDD42D021000450F00024840F2A3
:1014A000DC620021F6F732BCD42D0210034A4FF45F
:1014B00029714FF4742001F093BB00BFB0340210C7
:1014C000024A034840F2DC6101F08ABBD42D0210CD
:1014D00000450F00024B184490F8CC01704700BF44
:1014E000B0340210044A104480F8CC114FF4297132
:1014F0004FF4742001F074BBB0340210082909D9EC
:10150000064B1A6802605A6842601A7A02721846DC
:10151000F2F7F6BD6FF00800704700BF8936021081
:10152000082908B514D80C4B00221A605A601A72A8
:101530000A4601461846F5F77DFE6FF4EC728218F4
:10154000BDE808404FF429714FF4742001F048BB06
:101550006FF0020008BD00BF89360210014BD3F8BE
:10156000E4017047B0340210044A4FF42971C2F804
:10157000E4014FF4742001F033BB00BFB03402101B
:10158000014B93F880027047B0340210054A08B549
:101590004FF4297182F880024FF4742001F020FB8F
:1015A000C0B208BDB03402101F290AD9064B03F19E
:1015B000200253F8041B40F8041B9342F9D1002089
:1015C0007047F720704700BFBB3602101F290AD9A9
:1015D000064B03F1200253F8041B40F8041B93420E
:1015E000F9D100207047F720704700BFDB360210AA
:1015F0001F290AD9064B03F1200253F8041B40F8B7
:10160000041B9342F9D100207047F720704700BFB8
:10161000FB360210014BD3F8C4017047B0340210FE
:10162000044A4FF42971C2F8C4014FF4742001F048
:10163000D7BA00BFB0340210014BD3F8C8017047CD
:10164000B0340210044A4FF42971C2F8C8014FF4B3
:10165000742001F0C5BA00BFB0340210024B184428
:1016600090F8D001704700BFB0340210044A104413
:1016700080F8D0114FF429714FF4742001F0B0BA02
:10168000B0340210014BD3F8D4017047B0340210CB
:10169000044A4FF42971C2F8D4014FF4742001F0C8
:1016A0009FBA00BFB03402100F290AD9064B03F1CC
:1016B000100253F8041B40F8041B9342F9D1002098
:1016C00070476FF008007047AA360210102938B52D
:1016D00004460D461CD804D00F4810220021F6F70E
:1016E00015FB234629198B420DD12A4621460A486B
:1016F000F5F7A0FDBDE83840084A4FF429714FF4D2
:10170000742001F06DBA13F8012B203A5E2AEAD951
:101710006FF0020038BD00BFAA360210B0340210CC
:10172000112930B510D90A4A034602F110051446B2
:1017300003CCAC4218605960224603F10803F6D18D
:1017400022881A80002030BD6FF00800FBE700BF40
:1017500098360210122938B505460C4613D804D025
:101760000A4812220021F6F7D1FA224629460748F4
:10177000F5F760FDBDE83840054A4FF429714FF494
:10178000742001F02DBA6FF0020038BD98360210B7
:10179000B0340210014B93F8D8017047B0340210F6
:1017A000044A4FF4297182F8D8014FF4742001F0F3
:1017B00017BA00BFB0340210044A4FF4297182F8FE
:1017C0000A024FF4742001F00BBA00BFB0340210CB
:1017D000014B93F80A027047B034021038B5044642
:1017E0000D46F2F78DFC0C2820D122462544AA4252
:1017F00011D10F4A2368C2F832306368C2F836301C
:10180000A368C2F83A304FF429714FF4742001F004
:10181000E7F9C0B238BD12F8013BA3F13001092944
:10182000E5D923F02003413B052BE0D9FD20F1E76A
:10183000B03402100C2908D1054A136803605368BC
:1018400043609368836000207047F720704700BFB3
:10185000E2340210014B93F840007047B03402109C
:10186000044A4FF4297182F840004FF4742001F0CB
:10187000B7B900BFB0340210044A1368036053685C
:101880004360936883600020704700BF6235021098
:10189000064A0368136043685360836893604FF49B
:1018A0002971B23A4FF4742001F09AB962350210EE
:1018B000072981BF044A13680360536886BF4360E9
:1018C00000206FF008007047F934021008290CD18D
:1018D000074A0368C2F849304368C2F84D304FF4F4
:1018E00029714FF4742001F07BB96FF0020070474A
:1018F000B03402100F290AD9064B03F1100253F835
:10190000041B40F8041B9342F9D1002070476FF08C
:10191000080070470135021010290FD1094B00F162
:10192000100250F8041B43F8041B9042F9D1064AF8
:101930004FF429714FF4742001F052B96FF0020096
:10194000704700BF01350210B03402100F290AD9C8
:10195000064B03F1100253F8041B40F8041B93429A
:10196000F9D1002070476FF0080070471135021060
:1019700010290FD1094B00F1100250F8041B43F855
:10198000041B9042F9D1064A4FF429714FF4742098
:1019900001F026B96FF00200704700BF1135021048
:1019A000B0340210032981BF044BD3F871300360B7
:1019B000002098BF6FF00800704700BFB0340210DD
:1019C000042909D1064A0368C2F871304FF429711D
:1019D0004FF4742001F004B96FF00200704700BFAB
:1019E000B0340210072981BF044A136803605368AA
:1019F00086BF436000206FF008007047F13402108A
:101A000008290CD1074A0368C2F841304368C2F87C
:101A100045304FF429714FF4742001F0E1B86FF0B4
:101A200002007047B0340210032981BF044BD3F881
:101A300075300360002098BF6FF00800704700BF4A
:101A4000B03402100F290AD9064B03F1100253F8E3
:101A5000041B40F8041B9342F9D1002070476FF03B
:101A6000080070472935021010290FD1094B00F1E9
:101A7000100250F8041B43F8041B9042F9D1064AA7
:101A80004FF429714FF4742001F0AAB86FF00200EE
:101A9000704700BF29350210B0340210014B93F893
:101AA000C1007047B0340210044A4FF4297182F823
:101AB000C1004FF4742001F093B800BFB03402109D
:101AC000014B93F8C0007047B0340210044A4FF441
:101AD000297182F8C0004FF4742001F081B800BF72
:101AE000B0340210014B187A704700BFB0340210B6
:101AF000034A4FF4297110724FF4742001F070B84A
:101B0000B0340210014B93F8BE007047B03402109D
:101B1000044A4FF4297182F8BE004FF4742001F09A
:101B20005FB800BFB0340210014B93F8C400704797
:101B3000B0340210044A4FF4297182F8C4004FF403
:101B4000742001F04DB800BFB0340210014B93F87F
:101B5000BF007047B0340210044A4FF4297182F874
:101B6000BF004FF4742001F03BB800BFB034021046
:101B7000014B93F8C2007047B0340210044A4FF48E
:101B8000297182F8C2004FF4742001F029B800BF17
:101B9000B0340210014B93F8C3007047B034021008
:101BA000044A4FF4297182F8C3004FF4742001F005
:101BB00017B800BFB0340210014BD3F8C80070470B
:101BC000B0340210044A4FF42971C2F8C8004FF42F
:101BD000742001F005B800BFB0340210014BD3F8F7
:101BE000CC007047B0340210044A4FF42971C2F897
:101BF000CC004FF4742000F0F3BF00BFB0340210EB
:101C0000044A4FF42971C2F8D8004FF4742000F050
:101C1000E7BF00BFB0340210014BD3F8D8007047C3
:101C2000B0340210014B93F8DC007047B03402105E
:101C3000044A4FF4297182F8DC004FF4742000F05C
:101C4000CFBF00BFB0340210014BD3F8D0007047B3
:101C5000B0340210044A4FF42971C2F8D0004FF496
:101C6000742000F0BDBF00BFB0340210014BD3F8A8
:101C7000D4007047B0340210044A4FF42971C2F8FE
:101C8000D4004FF4742000F0ABBF00BFB03402109A
:101C9000014B93F8C5007047B0340210044A4FF46A
:101CA000297182F8C5004FF4742000F099BF00BF7D
:101CB000B0340210014B93F8DD007047B0340210CD
:101CC000044A4FF4297182F8DD004FF4742000F0CB
:101CD00087BF00BFB0340210014B93F8DE0070479D
:101CE000B0340210044A4FF4297182F8DE004FF438
:101CF000742000F075BF00BFB0340210014B93F8A0
:101D0000DF007047B0340210044A4FF4297182F8A2
:101D1000DF004FF4742000F063BF00BFB034021046
:101D2000014B93F8E0007047B0340210044A4FF4BE
:101D3000297182F8E0004FF4742000F051BF00BF19
:101D4000B0340210014BD3F8E4007047B0340210F5
:101D5000044A4FF42971C2F8E4004FF4742000F0F3
:101D60003FBF00BFB0340210014BD3F8E80070470A
:101D7000B0340210044A4FF42971C2F8E8004FF45D
:101D8000742000F02DBF00BFB0340210014B93F857
:101D900078027047B0340210044A4FF4297182F877
:101DA00078024FF4742000F01BBF00BFB034021063
:101DB000014BB3F97A027047B0340210044A4FF471
:101DC0002971A2F87A024FF4742000F009BF00BF15
:101DD000B0340210014BD3F87C027047B0340210CB
:101DE000044A4FF42971C2F87C024FF4742000F0C9
:101DF000F7BE00BFB0340210014B9888704700BF97
:101E0000D42D0210034A40F2DC619080024800F0B9
:101E1000E7BE00BFD42D021000450F00044A4FF466
:101E2000297182F8A3024FF4742000F0D9BE00BFDC
:101E3000B0340210014B93F8A3027047B034021083
:101E400030B4094C034600F1380518685968224639
:101E500003C20833AB421446F7D130BC024A0348F0
:101E600040F2DC6100F0BCBED42D021000450F0032
:101E700000487047D42D021030B4094C034600F1DD
:101E8000200518685968224603C20833AB4214463D
:101E9000F7D130BC034A044840F2DC6100F0A0BE38
:101EA0000C2E0210D42D021000450F000048704780
:101EB0000C2E021008B5084B01464FF4C2721846AA
:101EC000F5F7B8F9BDE80840A0F1580240F2DC612E
:101ED000024800F085BE00BF2C2E021000450F0006
:101EE000004870472C2E021008B5084B01464FF4ED
:101EF000D0721846F5F79EF9BDE80840A0F5EE72DD
:101F000040F2DC61024800F06BBE00BFB02F02104F
:101F100000450F0000487047B02F021008B5084B6D
:101F200001464FF458721846F5F784F9BDE80840A9
:101F3000A0F55F7240F2DC61024800F051BE00BFC4
:101F40005031021000450F00004870475031021018
:101F5000004870479C35021008B5084B0146D02256
:101F60001846F5F767F9BDE80840A0F1EC024FF418
:101F700029714FF4742000F033BE00BF9C3502106D
:101F8000014BD3F8BC017047B0340210044A4FF43F
:101F90002971C2F8BC014FF4742000F021BE00BFCB
:101FA000B0340210014BD868704700BFB034021043
:101FB000034A4FF42971D0604FF4742000F010BE32
:101FC000B0340210014B187C704700BFB0340210CF
:101FD000034A4FF4297110744FF4742000F000BECE
:101FE000B0340210034B1A7A0AB9588A7047D86A7B
:101FF000704700BFB0340210074B1A7A3AB95882C2
:10200000054A4FF429714FF4742000F0E9BD022A0B
:1020100008BFD862F4E700BFB0340210014B187D4E
:10202000704700BFB0340210034A4FF42971107595
:102030004FF4742000F0D4BDB0340210014BD88AA4
:10204000704700BFB0340210034A4FF42971D082A8
:102050004FF4742000F0C4BDB0340210014B187E60
:10206000704700BFB0340210034A4FF42971107654
:102070004FF4742000F0B4BDB0340210014B987ED0
:10208000704700BFB0340210034A4FF429719076B4
:102090004FF4742000F0A4BDB03402100F290AD907
:1020A000064B03F1100253F8041B40F8041B934243
:1020B000F9D1002070476FF00800704731370210E7
:1020C00010290FD1094B00F1100250F8041B43F8FE
:1020D000041B9042F9D1064A4FF429714FF4742041
:1020E00000F07EBD6FF00200704700BF3137021074
:1020F000B03402100F290AD9064B03F1100253F82D
:10210000041B40F8041B9342F9D1002070476FF084
:10211000080070474137021010290FD1094B00F118
:10212000100250F8041B43F8041B9042F9D1064AF0
:102130004FF429714FF4742000F052BD6FF002008B
:10214000704700BF41370210B0340210034A4FF409
:10215000297190624FF4742000F042BDB034021037
:10216000034A4FF4297150624FF4742000F038BDD7
:10217000B0340210014B586A704700BFB0340210EF
:10218000014B986A704700BFB0340210044A4FF404
:10219000297182F8C6004FF4742000F021BD00BF01
:1021A000B0340210014B93F8C6007047B0340210EF
:1021B000014B93F86C027047B0340210044A4FF49C
:1021C000297182F86C024FF4742000F009BD00BF41
:1021D000B0340210014BD3F870027047B0340210D3
:1021E000044A4FF42971C2F870024FF4742000F0D1
:1021F000F7BC00BFB0340210014B93F87702704770
:10220000B0340210044A4FF4297182F877024FF477
:10221000742000F0E5BC00BFB0340210014BB3F8ED
:1022200074027047B0340210044A4FF42971A2F8C6
:1022300074024FF4742000F0D3BC00BFB03402101D
:10224000014B93F8A1027047B0340210044A4FF4D6
:10225000297182F8A1024FF4742000F0C1BC00BFC4
:10226000B0340210014B93F8A2027047B034021050
:10227000044A4FF4297182F8A2024FF4742000F04E
:10228000AFBC00BFB0340210F7B50025202600F225
:102290000B270446324680F80A5229463846F5F79D
:1022A00035FD294B196801910846F1F729FF01997D
:1022B0000246384604F22B27F4F7BCFF3246294683
:1022C0003846F5F723FD214B196801910846F1F7CF
:1022D00017FF01990246384604F24B27F4F7AAFF8C
:1022E000324629463846F5F711FD194B1968019118
:1022F0000846F1F705FF019902463846F4F79AFFC0
:1023000041F22443C4F874324FF6B073A4F87A3221
:102310000523C4F87C32012384F88032294684F8EE
:102320006C52C4F8705284F87852102204F2812062
:10233000F5F7ECFC1022294604F29120F5F7E6FCB3
:1023400084F8A15203B0F0BD6C2C0010642C001076
:10235000602C0010F0B50C46ADF54B7D02AA4FF491
:10236000487100F095FBBD4F2368869ABC48029ED9
:10237000BB4208BF6568BB4B18BF00254FF4037113
:102380009A4208BF0325F3F711FC4FF4027186420D
:1023900008BF0225B248029EF3F708FC4FF42972E9
:1023A000864208BF012500212046F5F7AFFC002D2D
:1023B00056D0012D57D19DF80C30237204AE0FCEAC
:1023C00004F10C050FC50FCE0FC533682B600DABA4
:1023D0000FCB04F1300585E80F004FF4C27211A94C
:1023E00004F14000F4F726FF73AA92E8030004F515
:1023F000E27383E80300759BC4F8CC31779BC4F883
:10240000D4319DF8E03184F8D831DDF8E131C4F8F9
:10241000D931DDF8E531C4F8DD319DF8E93184F8D2
:10242000E1317CAE7B9BC4F8E4310FCE04F5F4754A
:102430000FC533682B8004F5FD720DF202230DF2F7
:10244000122153F8040B42F8040B8B42F9D10023FC
:10245000C4F8D0312046FFF717FF042327606360DC
:102460000DF54B7DF0BDAB1E012B50D89DF80C3007
:10247000237204AE0FCE04F10C050FC50FCE0FC5AD
:1024800033682B600DAB0FCB04F1300585E80F00EE
:102490004FF4C27211A904F14000F4F7CBFE73AA05
:1024A00092E8030004F5E27383E80300759BC4F827
:1024B000CC31DDF8DA31C4F8D031789BC4F8D431AE
:1024C0009DF8E43184F8D831DDF8E531C4F8D9312C
:1024D000DDF8E931C4F8DD319DF8ED3184F8E13102
:1024E0007DAE7C9BC4F8E4310FCE04F5F4750FC5C6
:1024F00033682B8004F5FD720DF206230DF21621D0
:1025000053F8040B42F8040B8B42F9D1A2E7042DD7
:10251000A6D14FF4297202A92046F4F78BFE94F855
:102520000A32FF2B04BF002384F80A3294F80B32DE
:10253000FF2B11D104F20B25202200212846F5F7AC
:10254000E5FB494B196801910846F1F7D9FD01995E
:1025500002462846F4F76EFE94F82B32FF2B11D179
:1025600004F22B25202200212846F5F7CFFB3F4B14
:10257000196801910846F1F7C3FD01990246284602
:10258000F4F758FE94F84B32FF2B11D104F24B258F
:10259000202200212846F5F7B9FB354B1968019137
:1025A0000846F1F7ADFD019902462846F4F742FED0
:1025B00094F88032FF2B04BF012384F8803294F812
:1025C0006C32FF2B04BF002384F86C32D4F87032D5
:1025D000F82B84BF0023C4F8703294F87632FF2BB6
:1025E00001BF41F22443A4F87432002384F8763208
:1025F00094F87732FF2B04BF002384F8773294F8E5
:102600007832FF2B04BF002384F8783294F87A32B2
:10261000FF2B04BF4FF6B073A4F87A3294F87C32E3
:10262000FF2B04BF0523C4F87C3294F8A332FF2BA0
:1026300004BF012384F8A33294F89132FF2B05D113
:102640001022002104F29120F5F760FB94F8A132EA
:10265000FF2B04BF002384F8A132FEE6DDCCBBAA29
:10266000B43402101EDD0E006C2C0010642C00101F
:10267000602C0010F0B58C4A8C4E10685168ADF596
:102680002D7D01AB03C303AA4FF429714FF47620CB
:1026900000F0FEF9039BB34202D1049B042B1DD032
:1026A00003A94FF47620FFF755FE039BB34217D1E1
:1026B000049D2C1F654265417D4C4FF42972002119
:1026C0002046F5F723FB6DB14FF4297203A920468C
:1026D000F4F7B0FD00200DF52D7DF0BD0125EBE7F1
:1026E0000025E9E704236360724BC4F8CC314FF452
:1026F000E133C4F8D43101AB03CB2660C4F8DD115B
:1027000041F2883641F27071C4E93261C4F8D901EE
:102710004FF4FA614FF47A700123C4E934010522C1
:1027200008274FF6B0712372A4F8BE30A4F8C43065
:1027300084F8C63084F8DC3084F84020A4F87A129B
:10274000C4E9397529465C48C4F83250C4F836509B
:10275000C4F83A50C4F8E45184F8D85184F80A52C5
:10276000A4F8C05084F8C25084F8DF5084F8E050D8
:1027700084F87852C4F87C2240F2DC6284F880321B
:1027800084F8A332F5F7C2FAD022294604F1EC000E
:10279000F5F7BCFA494BE360072323740E23237635
:1027A00041F23333C4E9093644F62063E362102270
:1027B00041F224432946C4F81B50C4F81F5004F2C8
:1027C0008120A4F8743265822575E782A57684F8A5
:1027D0006C52C4F8705284F87752F5F797FA1022C9
:1027E000294604F29120F5F791FA354B84F8A1526D
:1027F0001E683046F1F784FC1F2835D82022294670
:1028000004F20B20F5F782FA3046F1F779FC3146F5
:10281000024604F20B20F4F70DFD2A4B1C682046FB
:10282000F1F76EFC1F282AD8202200212648F5F750
:102830006DFA2046F1F764FC214602462248F4F77F
:10284000F9FC224B1C682046F1F75AFC1F2820D8BF
:10285000202200211E48F5F759FA2046F1F750FCD6
:10286000214602461A4833E704F20B2406F12003FE
:1028700056F8042B44F8042B9E42F9D1CDE7124BB5
:1028800004F1200254F8041B43F8041B9442F9D1CC
:10289000D7E70F4B04F1200254F8041B43F8041B44
:1028A0009442F9D116E700BF3BC00400DDCCBBAABF
:1028B000B034021000010100D42D021000A1BC337D
:1028C0006C2C0010642C0010DB360210602C001001
:1028D000FB36021010B50C4C4FF4297122464FF410
:1028E000742000F0D5F821464FF47420FFF732FD34
:1028F0002268064B9A4202D16368042B03D0BDE8DC
:102900001040FFF7B7BE10BDB0340210DDCCBBAA3B
:10291000014B1878704700BF28870010014B1870D2
:10292000704700BF2887001030B5074C034604F1FC
:102930001805224603CAAA4218605960144603F1DA
:102940000803F6D1012030BD1087001030B5074CC8
:10295000034600F1180518685968224603C2083377
:10296000AB421446F7D1012030BD00BF10870010E4
:102970001EF082B91EF094B91EF02ABA1EF096B964
:102980001EF0B6BA08B5F6F7D1F9024B00221A705C
:1029900008BD00BF29870010F6F700BC10B504463B
:1029A000F1F7AEFB0C2817D1621E04F10B018A422D
:1029B00007D12046F6F758FC10F0FF030FD058421D
:1029C00010BD12F8013FA3F130000928EFD923F020
:1029D0002003413B052BEAD96FF00200F0E7062106
:1029E0002046FEF7FBFE0028EAD04042E8E7000060
:1029F0001FB5144C0C2101A8FEF71CFF207888B9E4
:102A0000F6F7CCFCF6F78DF9F6F78CF9F6F78BF9BB
:102A1000F6F786F9F6F788F9F6F73EFA0123237000
:102A200004B010BD0020F6F7B9FCF6F77AF901A85A
:102A3000FFF7B4FFF6F776F9F6F775F9F6F72CFA23
:102A4000EEE700BF2987001070B50646022000F0AF
:102A500085FA841941F1000500F0A6FD022000F07E
:102A60007DFAA94208BFA04200D370BDF2F7AAFDCB
:102A7000F4E7F6F7CDBD000010B5044C23781BB980
:102A80001EF037FA0123237010BD00BF30A70010DD
:102A90002DE9F04F87B083460D4691461EF0AAFA05
:102AA000B0F5005F044657D8BBFBF0F800FB08F810
:102AB000ABEB08035A19B2FBF0F100FB11200193B4
:102AC00008B101FB0442B2FBF4F3CDE90283A4EBAD
:102AD0000B03DFF88CA00493019B2E46002703EB29
:102AE0000A0B039BBB4203D1002007B0BDE8F08F67
:102AF0001B49029822461EF029FADFB9049B03EB1A
:102B00000802AA420ED2484659460592F4F792FBB3
:102B1000059A019B91441A1B1644029B23440137DA
:102B20000293DEE748462A465946F4F783FBA94458
:102B3000761BF2E7039B7A1C934205D83246514636
:102B40004846F4F777FBE8E7484622465146F4F753
:102B500071FBA144361BE0E76FF00800C5E700BF3A
:102B6000308700102DE9F84F00AF81460C469246A1
:102B70001EF040FAADF5806D6E464FEA90284FF09A
:102B8000000B5FFA8BF1414501D3012021E0B4F540
:102B9000806F09EB81200AEB812532460ED34FF47A
:102BA0008061FFF775FF4FF480622946304626F0BA
:102BB000B7FB0BF1010B78B100200AE02146FFF7CB
:102BC00067FF22462946304626F0AAFBB0FA80F07D
:102BD0004009BD46BDE8F88FA4F58064D1E7000048
:102BE0002DE9F04F87B083460D4614461EF002FAD9
:102BF000B0F5005F074670D8224629465846FFF7D1
:102C0000B1FF18B1002007B0BDE8F08FBBFBF7F8AB
:102C100007FB08F8ABEB08035A19B2FBF7F107FB07
:102C20001120029308B101FB0772B2FBF7F3039383
:102C300000230193A7EB0B03DFF8A4A00493029BEE
:102C4000C1462E4603EB0A0B039B019A9342D9D04F
:102C500023493A4648461EF079F9019BF3B9049B93
:102C600003EB0802AA4211D2214658460592F4F716
:102C7000E1FA059A029B1444DA1B16443946484689
:102C80001EF07CF9E8B16FF00600BCE721462A4649
:102C90005846F4F7CFFA2C44761BEFE7019B5A1CF9
:102CA000039B9A4205D3324621465046F4F7C2FAB6
:102CB000E4E721463A465046F4F7BCFA3C44F61B9A
:102CC000DCE748463A4651461EF014F9B94400285C
:102CD000D9D1019B01330193B6E76FF0080092E769
:102CE0003087001038B505460C461EF083F9AB0757
:102CF0000AD1B4FBF0F300FB134040B9214628464B
:102D0000BDE838401EF03AB96FF0090038BD6FF0E9
:102D10000A00FBE71EF03CBA1EF0C8B91EF0F8B975
:102D20001EF01CBA1EF04ABA1EF0B2BA1EF0E6BA85
:102D30001EF0E0BB1EF052BC1EF0B0B9014B0022E9
:102D40001A7070475C3702102DE9F0414D4D02209A
:102D500000F004F9D5E90032C61A4B4B61EB0207CB
:102D60001A6800239F4208BF964203D26FF0050005
:102D7000BDE8F0811EF0FCFC8028F7D1FEF700FCD6
:102D8000DFF814810746002658F8043B03B1984742
:102D90000136102EF8D13D4B5B68C3F30803002BBE
:102DA0005FD0EFF311844FF0800383F31188BFF3FA
:102DB0006F8FBFF34F8F00F0DBFBFFF7DFFD00F0FD
:102DC000BBF800F0FDFA00F031FCFFF7B1FF00F0B6
:102DD000CDF82E4B5B68C3F30803002B44D084F37B
:102DE00011882B4EDFF8B480F368984798F80030CC
:102DF000002B3CD1B3689847244B5B68C3F30803AE
:102E0000002B38D0EFF311844FF0800383F3118847
:102E1000BFF36F8FBFF34F8F00F0AAF8FFF78AFF61
:102E200000F0A8FB00F008FC00F0CCFA00F086F8F7
:102E3000FFF7A6FD154B5B68C3F30803F3B184F3FA
:102E40001188144E002456F8043B03B1984701340E
:102E5000102CF8D1022000F081F8C5E90001002013
:102E600086E705F0E7FAA6E705F0FEFAB9E733686A
:102E700038469847BAE705F0DDFACDE705F0F4FAF1
:102E8000DFE700BF38A700107030001000ED00E051
:102E90006030001060370210A43702105C37021057
:102EA000024A136801331360704700BF583702109D
:102EB000024A13680BB1013B136070475837021088
:102EC000174B1B6813B5044623BB164B1B7823BB5B
:102ED000154B1B7803F0FF010191F3B9FCF760F982
:102EE000124B01991870124B01221A7044B111480B
:102EF000F6F786FCF6F740FD01992046F6F7A4FCAC
:102F0000FCF72CF9FFF720FF0446FCF737F92046C1
:102F100002B010BD6FF00704F9E76FF00504F6E7A3
:102F2000583702104860001035600010A0370210BA
:102F30005C3702103D2D0200F7F788B9F7F79CB90E
:102F4000F7F7E8B9F7F72CBA4FF40042F7F76EBA83
:102F5000F7F7B2BAF7F7D4BAF7F7E2BAF7F7F0BA79
:102F600008B51146F7F7FAFA002108BDF7F703BBD9
:102F7000F7F702BBF7F72ABA2DE9FF4102289DF8BF
:102F800028509DF82C6004461AD8194F57F820C0D5
:102F9000BCF1000F08D0DCF804800191CDE90223D8
:102FA000C047DDE902230199124847F82400CDE922
:102FB0000A5605682046AC4604B0BDE8F0416047BB
:102FC000032812D10A4CE7683FB17F680191CDE92F
:102FD0000223B847DDE9022301990748E060CDE903
:102FE0000A5604680320A446E6E704B0BDE8F08171
:102FF00040A700109C3000107C30001037B503282B
:10300000CDE90021044611D8FEF728FB90B90C4BFE
:1030100053F824308BB19D680A4BDDE900211B6811
:103020002046AC4603B0BDE8304060476FF0020078
:1030300003B030BD6FF00700FAE74FF0FF30F7E75D
:1030400040A70010BC3000100EB430B50446ADF5FA
:10305000027DFEF73FFA032C1FD82046FEF7FEFA4A
:10306000F0B9124D55F82430EBB186AA859901923A
:1030700002A826F075FB02A8F1F742F855F82430B3
:103080009D680B4B02461B6802A92046A8470DF518
:10309000027DBDE8304003B070476FF00200F6E7F4
:1030A0006FF00700F3E74FF0FF30F0E740A70010A4
:1030B000BC3000100FB42DE9F047ADF5027D8AAFAA
:1030C000002457F8049B174EDFF85CA025465FFAF2
:1030D00084F84046FEF7FEF9B8B94046FEF7BEFA5E
:1030E00098B933688BB13A46494602A8019726F051
:1030F00037FB02A8F1F704F8336802469D68DAF856
:10310000003002A94046A84705460134042C06F1C8
:103110000406DCD128460DF5027DBDE8F04704B079
:10312000704700BF40A70010BC300010032810B447
:103130000AD8094C54F820305BB1DC68074BA44630
:103140001B685DF8044B60476FF002005DF8044BAC
:1031500070474FF0FF30F9E740A70010BC30001077
:10316000032805D8054A52F8203023B11B691847B7
:103170006FF0020070474FF0FF30704740A700101B
:10318000022807D8044A52F820301BB1034A5B6971
:1031900011681847704700BF40A70010BC300010EE
:1031A0002DE9F843DFF83880DFF838900B4E002522
:1031B000EFB23846FEF752FA044650B901213846BC
:1031C000FEF754FAC8F80040C9F800403460746053
:1031D00034720135042DEBD1BDE8F8835CA70010F3
:1031E00058A7001054A7001038B50024E5B22846AF
:1031F000FEF734FA012803D100212846FEF736FAFB
:103200000134042CF2D138BD2DE9F04F87B00446CB
:103210008DF8071003A80921FEF770F99DF8073013
:10322000374D0D2B074629D019D8082B19D00A2B5A
:1032300024D02A68082A0ED8511C296031498B54A1
:10324000314B53F824309D68304B01221B680DF13F
:1032500007012046A8472E4A136801330CE07F2B54
:10326000E7D12B68002B40D0013B264A2B60002180
:10327000D154274A1368013B136036E0244E33686B
:1032800063B3DFF88490DFF8848059F82430214953
:10329000D3F808A0D8F8003002222046D047326880
:1032A000092AC246CB4610D11B491648009226F087
:1032B000F7F8009A48B959F8243018499F68D8F8A7
:1032C000003015222046B84708E0BA4210D10D4818
:1032D00003A926F025F858B9FFF786FF094A00230D
:1032E0002B60336013605360137207B0BDE8F08F3A
:1032F0005BF824300A499F68DAF800301122E1E7D0
:1033000058A700105CA7001040A70010BC300010A8
:1033100054A7001035BE040044C004004EC0040091
:1033200063C00400082901D9FEF7E8B86FF0020075
:103330007047082910B40CD803460C18A34203D1D7
:103340005DF8044BFEF7ECB813F8012B203A5E2A27
:10335000F4D96FF002005DF8044B7047032801D8E0
:10336000FEF77CB900207047032810B5044610D83A
:10337000FEF774F9012803D000212046FEF776F904
:10338000044A00231360044A1360044A1360536024
:10339000137210BD58A7001054A700105CA70010AE
:1033A000032805D8054A52F8203023B19B691847F5
:1033B0006FF0020070474FF0FF30704740A70010D9
:1033C000F9F72AB9F9F73AB9F8B52A4E0546375C44
:1033D0000C46FEF77FF8324600284AD04F2C705D2D
:1033E0003BD020D82B2C2ED014D80A2C2DD00D2C2D
:1033F00014BF07230623204901EBC001CB5C5355C2
:103400000B2B36D1072F2AD100235355BDE8F840A6
:1034100022F08ABF422C1ED04D2C18D0412C14BF54
:1034200007230023E7E76D2C11D008D8612C10D0BA
:10343000622C10D0542C14BF07230123DBE76F2C20
:103440000BD0742CF7E70223D5E70623D3E7052337
:10345000D1E70023CFE70323CDE70423CBE70A2FEF
:1034600007D10023535505484560BDE8F84000F0FA
:103470008BB8F8BD50A7001074C004007430001061
:10348000032870B504460DD8074D55F820200AB121
:1034900013699847054B45F8243020461B68BDE862
:1034A0007040184770BD00BF68A70010C030001002
:1034B000032810B40CD8084B53F8204014B9074C1B
:1034C00043F8204053F820305DF8044B5B68184700
:1034D0005DF8044B704700BF68A70010C0300010B3
:1034E00003280AD8054B53F8202012B9044A43F8A0
:1034F000202053F820309B681847704768A70010B9
:10350000C030001003280AD8054B53F8202012B908
:10351000044A43F8202053F82030DB6818477047EE
:1035200068A70010C0300010032838B5044608D83A
:10353000044D55F8203023B11B699847002345F806
:10354000243038BD68A70010032830B407D8074DD1
:1035500055F820403CB16469A44630BC60476FF028
:10356000020030BC70474FF0FF30FAE768A7001048
:10357000F7F7EEBBF7F7FCBB024A802108201EF0EC
:103580003FB800BF78A70010014A08211EF094B888
:10359000195301001EF05AB8F7F7FABBF7F70ABC47
:1035A000F7F70DBCF7F70FBCF7F70EBC7047704785
:1035B000014B1B68184700BFE0300010F7F724BE2E
:1035C000F7F762BEF7F7FABEF7F702BD032870B54A
:1035D00004460DD8074D55F820200AB15368984786
:1035E000054B45F8243020461B68BDE8704018475D
:1035F00070BD00BF88AF0010F030001070B4032819
:103600009DF80C5008D8084E56F8204044B1039558
:10361000E468A44670BC60476FF0020070BC70475D
:103620004FF0FF30FAE700BF88AF0010014B5B6935
:10363000184700BFF0300010014B9B69184700BFCE
:10364000F03000100648032302780AB1427832B9FC
:10365000013B13F0FF0300F10200F5D1184670475B
:1036600098AF00102DE9F0414FF0000886B00746F2
:103670000E461C4615464146102202A8F4F746FBAA
:10368000631C8DF804308DF805808DF806708DF878
:10369000076024B12246294602A8F3F7CBFDFFF7C5
:1036A000D1FF38B1221D007801AB92B240F624015F
:1036B0000AF016F806B0BDE8F081000070B5084EBB
:1036C00005460C4604B970BD336828461B6A984706
:1036D00033685B68A342F6D2E41A1D44F2E700BFE8
:1036E0000C31001008B5FFF7ADFF10B100780DF0F8
:1036F00076FCBDE808400248C8210FF0A3B900BF1E
:10370000F8B1001008B50A200FF00CFF0021BDE849
:103710000840084604F00CB92DE9F04F9FB0002393
:1037200001380D4614460993032800F2CB80DFE8E8
:1037300010F00400FD00C80122022B2906D8002346
:103740001A4602210120FFF78DFFBBE0954A136066
:10375000A2786178944B120402EB012221780A448A
:10376000E17802EB01621A61A2796179120402EB3D
:10377000012221790A44E17902EB01625A61A27ABD
:10378000617A120402EB0122217A0A44E17A02EB07
:1037900001629A61A17B607B090401EB0021207B1F
:1037A0000144E07B01EB0061D961A17C607C0904EC
:1037B00001EB0021207C0144E07C01EB00611962F7
:1037C00094F8221094F82100090401EB002194F8E8
:1037D0002000014494F8230001EB0061196394F880
:1037E000250094F82610090401EB002194F8240028
:1037F000014494F8270001EB0061596394F82A1002
:1038000094F82900090401EB002194F828000144F0
:1038100094F82B0001EB0061996364490A60510A36
:10382000C2F308021C46624B002A4ED1614A19605D
:1038300000231360604A1360604B13AA03F1200752
:10384000164618685968154603C50833BB422A4610
:10385000F7D1186828603046F0F752FC0023024682
:1038600031461846F8F7BCFD554B01221A70554AEF
:103870000023C4E996331380A36BDBB9A369B3F5C6
:10388000F82F24D9504B0AAA03F1200716461868CE
:103890005968154603C50833BB422A46F7D11B8831
:1038A0002B803046F0F72CFC0023024631461846A8
:1038B000F8F796FD00231A4605210120FFF7D2FEF6
:1038C000002323731FB0BDE8F08F0131AEE73F4BFB
:1038D0003F4E33609B684FF40422C4F85822BBB9B2
:1038E00033681B69C3B90125A169D4F85802FFF7F1
:1038F000E5FE33685B6903B19847002DDAD0D4F850
:103900005C32099301202073042309AA00211AE7DD
:1039100098470028E4D0CDE798470028E3D03368E3
:10392000DD68002DE0D0A8470025DDE71E4ED6F863
:103930005C7267B9234606F5207C04F1200E1868F6
:103940005968624603C2083373459446F7D11D4A4D
:10395000D6F858321288F9188A1A9342019207D978
:10396000D6F85C32099309AA042307210220EAE66B
:10397000174B01991A681368013B0B42F0D1B369E8
:103980000593136903B198477B19DFF848A00295A6
:103990000493A1464FF0000B0D4B1868E5B90125C3
:1039A0003CE000BF50D2001098AF001044D200108D
:1039B0004CD200103CD2001040D20010D4C0040001
:1039C00048D2001038D20010F8C004002431001092
:1039D0000C31001038B20010794B02681B88D31AE2
:1039E0009BB2AB4228BF2B46494603EB090E7145FB
:1039F0002BD1ED1A9944DDE904318B42ADB203D0ED
:103A00006F4B1B889A42C7D1019B02FB0B33039378
:103A10005146C3690398984718B30025694B1B6842
:103A20005B6903B19847002D9AD0674A02992046F6
:103A300000F012FAD6F85C32029A1A44C6F85C22F8
:103A40000992042309AA002190E75D4FB7F800C04E
:103A50000CF10108A7F8008011F8018B0AF80C801E
:103A6000C5E7574B0090B3F80080564B1B68B8F180
:103A7000000F07D10BF101035FFA83FB504BA3F852
:103A8000008089E7009803999F690793B8F5047F40
:103A90004246014428BF4FF404724C480692B8478E
:103AA000009B069A49480AEB030125F039FC0028DF
:103AB000B3D1069A009B13440093A8EB0208079B1E
:103AC000D5E7434C404EE26933689A4233D1414BCB
:103AD00000221A70404B13AA03F1100718685968A6
:103AE000154603C50833BB422A46F7D118689B88A0
:103AF0002860AB8013A8F0F703FB0023024613A94C
:103B00001846F8F76DFC00231A4619460320FFF704
:103B1000A9FDD4F8582294F88312304803F05AFFD4
:103B2000284D2A68D26802B190470023237333607E
:103B30002B4B2B60C6E62B4B13AA03F1100718681A
:103B40005968154603C50833BB422A46F7D11868A1
:103B50001B7928602B7113A8F0F7D2FA00230246D4
:103B600013A91846F8F73CFC00231A46012103204C
:103B7000FFF778FDD4E71C4B13AA03F1280615467E
:103B800018685968144603C40833B3422246F7D173
:103B9000186820602846F0F7B3FA00230246294649
:103BA0001846F8F71DFC002319461A460420FFF7B3
:103BB00059FD0E484FF4FA710EF044FF82E600BF43
:103BC00038D200100C31001050D20010E43702102F
:103BD00098AF001048D200101AC1040021433412DB
:103BE0002431001030C1040045C1040008B20010A7
:103BF0000D4B10B54FF42872044600211846F4F717
:103C000085F80022C4718271027380F86C4280F8DA
:103C10007C42027082700271BDE8104003484FF48C
:103C2000782103F0ABBE00BF98AF001021433412DF
:103C3000144A013870B5002322F81030136482F85A
:103C40004430114A11788AB0D1B113700F4B6A46D3
:103C500003F12006154618685968144603C4083352
:103C6000B3422246F7D118689B882060A38028467B
:103C7000F0F746FA0023024629461846F8F7B0FB4B
:103C80000AB070BD98AF001048D2001071C1040096
:103C9000F0B54B4CA1B0B4F84030BDF8985027991E
:103CA000B3B9022D05D81A4603210120FFF7DAFC2B
:103CB0000BE048780A7802EB002292B2A4F8422086
:103CC000887884F84400022A0ED8002021B0F0BD84
:103CD00000275A19D21BB2F5047F07DD002394F8A0
:103CE00044001A460421E1E70327F2E7354EEA1BB8
:103CF0003944F018F3F79EFAB4F84030B4F84210A3
:103D00001D44ED1BADB28D42A4F84050DDD36318C5
:103D10004FF0FF3093F8465093F845202D0405EB03
:103D2000022593F8442093F847301544043932466D
:103D300005EB03650EF04CFF85420BD0002394F891
:103D400044001A460121FFF78DFC0023236484F808
:103D50004430BAE71C4A1D4BD2ED007A93ED007A4D
:103D600013681B4EB8EE477AF8EE676A0133C6EE69
:103D7000877A136033689FED177A67EE877AFDEED6
:103D8000E77A17EE905AAB420FD017EE902A1249FD
:103D90006846F2F7AFFB6846F0F7B2F90023024637
:103DA00069461846F8F71CFB3560B4F84210054A1E
:103DB00094F84400043989B2FFF7AEFCC5E700BFB0
:103DC00098AF0010E0AF00103CD200104CD20010B1
:103DD00040D200100000C84297C1040010B5064B45
:103DE000441E83F86A1203F8140003EB4404012014
:103DF000607083F87A2210BD98AF0010024B013832
:103E0000002223F81020704798AF00108378272BEA
:103E100003D10A4B01229A717047292B0CD0074A13
:103E200092F86A12994201D1FFF76CBC92F87A229B
:103E30009A4201D1FFF756BC704700BF98AF0010FF
:103E4000014809F035BE00BF10310010014BC3E935
:103E5000020170471031001030B51368074D01445E
:103E6000884201D1136030BD10F8014B84EA13641D
:103E700055F8244084EA0323F2E700BF64C204003B
:103E800038B5044602F0F2F8C4F345320546C4F3EF
:103E9000C041044801F09CFE2846BDE8384002F0CD
:103EA000E9B800BF2143341273B5144606460191A8
:103EB000FFF7E6FF02F0DAF8E31C05460199054832
:103EC0009B08324601F088FE284602B0BDE87040EB
:103ED00002F0D0B82143341270B50D4D2B688EB06E
:103EE00006460C462BB901A9012003F051FB089BA3
:103EF0002B60B6F5804F08D3013CA0192C68844292
:103F000094BF002001200EB070BD0020FBE700BF71
:103F100058D2001010B504210446FFF7DDFF20B190
:103F20002046FFF7ADFF002010BD4FF0FF30FBE74C
:103F300037B50D46114604460192FFF7CDFF38B163
:103F40002046019A2946FFF7AFFF002003B030BD9D
:103F50004FF0FF30FAE737B50C46054611462046CC
:103F60000192FFF7B9FF38B1019A21462846F3F7CD
:103F700061F9002003B030BD4FF0FF30FAE70000D8
:103F800010B5084C0246014400208A4200D110BD01
:103F900012F8013B83EA102334F8133083EA00233C
:103FA00098B2F2E764C6040030B5002831D0036847
:103FB0001A4A23F07E4393422BD1CC79032C2AD882
:103FC000DFE804F024021A1E0B7900201B060D7B8B
:103FD0008A7A640104F0600442EAC51222430C8923
:103FE0000F4901EA04210A4313430E4AC2F814029E
:103FF000C2F80C32002030BD4B7908791B06E6E789
:1040000088888B7940BA1B0680B2E0E7002003461F
:10401000DDE70220EFE70620EDE700BF3052770131
:1040200000FF0F0000C0005010B5431E01390430DE
:1040300013F8014F11F8012F944203D18342F7D1B5
:10404000012010BD0020FCE7B0B103680B4A23F04B
:104050007E43934210D10A4BD3F8042331B142F08E
:104060000C02C3F80423002108467047022060F3C5
:104070008302C3F80423F7E70221F5E73052770102
:1040800000C0005070B50E46044608BB11B3134D76
:10409000EB78DB0720D40146182205F10C00F3F77A
:1040A00035FE1822214605F12400F3F72FFE2B6878
:1040B000EC6303F07E420A4BA5F840401343C5E988
:1040C000003485F843406C642C723560204670BD26
:1040D0000524FBE70624F9E70724F7E7783A0210FE
:1040E0003052770110B50446B8B103680C4A23F08A
:1040F0007E43934211D1182200210C30F3F706FEC3
:104100002368002003F07E4323606060E063A4F82E
:10411000400084F84300606410BD0220FCE700BF4B
:104120003052770170B50C46002866D00368344AD7
:1041300023F07E43934260D1324B45680322C3F89B
:104140000023D3F800236FF35142C3F80023D3F8C0
:1041500000236FF31042C3F80023D3F8002342F486
:104160000012C3F80023D3F80421896861F30D22FB
:10417000C3F80421D3F80421616861F30502C3F890
:104180000421D3F8102142F00102C3F81021226863
:10419000E168120202F4E062022908BF42F4006200
:1041A00042F00102C3F80022174BDB68DBB2122B8E
:1041B0001BD1164EF06880F82F10236980F821304B
:1041C000236971681B0A80F82230636980F8263001
:1041D00063691B0A80F82730637E80F85830237E9D
:1041E00080F88030FFF7CCFEB060094B482202FB1C
:1041F0000535A37E2B72002070BD0220FCE700BFB6
:104200003052770100C00050000002401832001008
:10421000783A021070B50C46002800F083800368DD
:10422000464A23F07E4393427CD100294DD1444B32
:104230009B69DB053BD4434D434EAB6943F001031F
:10424000AB61AB6903F00703072B32D10E2003F0FB
:1042500033FA00286AD13D4E3D484FF40062C6F85B
:104260000022D6F810244FF4804161F3DF02C6F833
:104270001024EA68D2B2112A8BBFD5F89831354B99
:1042800043F0200304228CBFC5F898311A6001F076
:10429000CDFCD6F80433304D43F00103C6F80433A7
:1042A0002A4ED6F80C33C3F30223032B07D1204642
:1042B00070BD013E38D0102001F0B8FCC1E7013DCF
:1042C00036D0102001F0B2FCEBE7012932D11F4BB0
:1042D0000021C3F80012D3F8102461F3DF02C3F801
:1042E0001024184AD068C0B2112895BF1949D2F8D5
:1042F00098010A6861F3451096BF22F00402C2F8E3
:1043000098010A60D3F804236FF30002C3F8042372
:104310000E2003F005FA044670B94FF4C86001F0AE
:1043200085FCC4E70224C2E70C4CC0E70C4CBEE796
:104330000C4CBCE70724BAE70B4CB8E730527701C6
:104340000010024000000240A186010000C00050A1
:10435000803801009801024041420F00050000082A
:104360000700000808000008060000080E4BDB6884
:10437000DBB2212B0CBF0D4B0D4BD9680D4B1B68CD
:104380001ABA01330C4B18BF8A601A68531C18BF45
:1043900002F1804210BA01321FBFCB6823F4F873D8
:1043A0000343CB6000207047000002404C340010F3
:1043B00038320010003802500438025010B54170F5
:1043C000090A01248170111FC1700470013B04218E
:1043D000914201D3002010BD13F8014F4454013124
:1043E000F6E700002DE9F04F0D4685B004460028A1
:1043F00000F0AD810368C94A23F07E4393429046A2
:1044000040F0A5810889002800F0E180C44BD3F872
:104410002072D3F820226FF3C712C3F82022D3F8FA
:1044200020226FF30822C3F82022D3F820226FF352
:104430000002C3F82022D3F820226FF34102C3F810
:104440002022D3F8282242F00102C3F82822D3F810
:10445000282242F48072C3F828228A7A012A40F086
:10446000C68094F842304BB194F840301BB94BF6FB
:10447000803001F0DBFB002384F8423094F84030B8
:10448000002B73D1A64ED6F8103443F00203C6F8C1
:104490001034502001F0CAFB01212046FFF7D4FD63
:1044A0004FF000094FF0010A94F84130002B75D00D
:1044B000002384F8413001F0D9FD94F84430029093
:1044C000002B40F08780C4F844A04FF0010B029805
:1044D00001F0D0FDBBF1000F00F08380904BD3F8CA
:1044E00010246FF34102C3F810242B7B13B1012376
:1044F00084F8413004F10C092B464A4605F11801B5
:1045000053F8040B42F8040B8B42F9D101F0AEFDD5
:10451000294601902046FFF747FDAB7AA68A012B7A
:1045200000F085807E484FF0000CE26BB24280F0D4
:104530009A80236823F07E434345F7D1D0F80031B9
:10454000C3F30743032BF1D9E1689E4298BFB31A26
:1045500022F003020A4488BF23F00303002199429A
:10456000C0F0E680E26B1344E363DEE7DFF8B0916E
:1045700040F22D164FF0000A09E0D9F80C33190764
:1045800080D5A02001F052FB013E3FF47BAF94F8B0
:104590004130002BF1D084F841A0F2E7D6F80C337B
:1045A0001A0788D4B9F5967F17D300212046FFF764
:1045B0004BFD5B4BD3F810246FF34102C3F810247A
:1045C0000021C3F820722046FFF73EFD554805B094
:1045D000BDE8F08F4FF0000B79E7D6F80C331B06DF
:1045E000E3D4A02009F1010901F020FB5CE7D3F836
:1045F0000C231006C2F3C01603D44B48C3F8207234
:10460000E5E701F033FD94F8443003906BB90123E2
:104610006364039801F02EFD002E7FF466AF404BDB
:104620004FF00060C3F82072D1E70026F1E7294679
:104630002046D4F80C80DFF8E8A0FFF7B5FC36B1CF
:10464000DFF8E8B04AE0DAF82432D90740D5DFF8DD
:10465000D08040F2D176D8F82432DA0757D500213D
:104660002046FFF7F1FC01982D4E01F003FD42F2C8
:104670001178D6F82432DB0762D5D6F8283243F019
:104680000103C6F82832D6F8283243F00203C6F8F0
:104690002832002118224846F3F738FB0021E16355
:1046A000AE7A012E04D12046FFF7CEFC84F842609A
:1046B000AB7A022B05D194F8403013B1002384F873
:1046C0004230174B0020C3F8207284F844007EE784
:1046D000BBF1010BBBD0102001F0A8FADAF80021E1
:1046E000C2F30722032AAED9434653F8041BCAF883
:1046F0000C11A8EB0301032E11448CBF043E0026CD
:10470000032902D9002EF0D1A1E7984697E7013E90
:10471000A5D0102001F08AFA9DE700BF3052770142
:1047200000C00050020000080100000821A107009D
:10473000D0F808E142F804EB0431C0F808C10EE7F4
:10474000B8F1010805D0102001F070FA91E70220BD
:104750003DE701483BE700BF0900000830B587B0DE
:10476000012400920022CDE904228DF804108DF876
:104770000520ADF80620ADF80830ADF80A408DF8F8
:104780000C2058B10368074D23F07E43AB4207D19C
:1047900009B18DF807406946FFF724FE07B030BD28
:1047A0001046FBE7305277012DE9F04F0C4695B0EB
:1047B0000546002800F0188103688C4A23F07E43E8
:1047C000934240F0118101238DF808300B688DF879
:1047D000093040F2F123ADF80A308B88ADF80C3087
:1047E00041F28836062302AA00212846FFF7B6FFC9
:1047F0000346002839D0013EF4D1184615B0BDE873
:10480000F08F013E01D17A4BF7E7102001F00EFA4C
:10481000D7F80C331906F4D51422002107A8F3F7B2
:1048200075FA02238DF8223002AB069306A9052300
:104830002846ADF82030FFF7D5FD03460028DCD12F
:1048400004228DF8302022688DF831208DF8340054
:1048500040F2F11201900CA902A8ADF83220FFF746
:10486000E3FB019B20B90123C7E7624E624FCFE70C
:10487000624E6768DFF880B1994606F1040A002F9E
:1048800043D101238DF8083023688DF8093040F2B8
:10489000F323ADF80A302389ADF80C3002AA0623C1
:1048A00039462846FFF75AFF0028DCD1514E524FB7
:1048B000D7F80C331B0640F190801422002107A882
:1048C000F3F724FA02238DF8223002AB069306A9EF
:1048D00005232846ADF82030FFF784FD0346002865
:1048E0008BD104228DF8302022688DF831208DF88C
:1048F000340040F2F3120CA902A8ADF83220FFF701
:1049000093FB80F00100C3B277E7802F4FF01402D1
:104910004FF0000107A8B84628BF4FF08008F3F712
:10492000F5F901238DF82230337023687370F22378
:1049300008F10402B370E368ADF8202029F0030108
:10494000002219448DF8242050464246069686F8E7
:104950000380F2F76FFC06A92846FFF743FD0346E4
:1049600000287FF44AAF234BDBF80C2312062BD52B
:104970001422002107A8F3F7C9F902238DF8223089
:1049800002AB069306A905232846ADF82030FFF7B1
:1049900029FD034600287FF430AF04228DF8302033
:1049A00022688DF831208DF834004FF4F9720CA98B
:1049B00002A8ADF83220FFF737FB00283FF453AFD1
:1049C000A7EB0807C1445AE7013B01933FF41BAF33
:1049D000102001F02BF9019BC6E7013E3FF413AF15
:1049E000102001F023F963E7022306E73052770134
:1049F0000400000841420F0000C00050F4390210CA
:104A0000144AD368DBB2112B2DE9F041064603D0DE
:104A1000D368DBB2122B0AD10F4B1F680F4BD3F8B0
:104A200000800024BC4206D10020BDE8F0810C4B80
:104A30001F680C4BF3E758F824506968E868FFF7E3
:104A40009FFA2946A8603046FFF7AEFE0028ECD159
:104A50000134E7E700000240B0DE040060330010DC
:104A6000D4E504001C47001070B5044692B000283D
:104A700043D00368234A23F07E4393423DD1224B27
:104A800000930023ADF8043041F2883506236A46CE
:104A900000212046FFF762FE60B3013DF6D112B05F
:104AA00070BD013D2BD0102001F0C0F8D6F80C33BA
:104AB0001B06F6D5142200210DEB0200F3F726F9B0
:104AC00002238DF81A3004A905232046CDF810D012
:104AD000ADF81830FFF786FC0028E0D10B4B8DF8BD
:104AE0002C000AA968460A93FFF79EFA80F001009D
:104AF000C0B2D4E7064D074ED8E70220CFE70648FC
:104B0000CDE700BF3052770101EEF10204EEF10172
:104B100041420F0000C000500400000838B50A4BA5
:104B20001B681D6804466968E868FFF729FA29468A
:104B3000A8602046FFF738FE20B92046BDE838407F
:104B4000FFF792BF38BD00BF5033001070B588B07A
:104B500001AB0293224B14461A889B78ADF80C20C7
:104B60008DF80E304FF002120023CDE906330E46C9
:104B70008DF80F3004928DF81430054610B90020DE
:104B800008B070BD0368174A23F07E439342F6D104
:104B9000154BD3F80C23C2F3C013120619D502A982
:104BA000FFF720FC0028EBD19DF805209DF804308C
:104BB000029603EB02239BB2ADF81030013BFF2BB2
:104BC0000BD802A92846FFF70DFC0028D8D1BDF864
:104BD0001030002CD3D02360D1E70520D0E700BFF0
:104BE000C89F04003052770100C0005013B50C4636
:104BF000A0B103680A4A23F07E4393420ED101F02C
:104C000035FA084A0190D2F820322343C2F8203204
:104C1000019801F02FFA002002B010BD0220FBE73E
:104C20003052770100C00050054B29B1D3F8202243
:104C3000D3F8240210407047D3F82402704700BF15
:104C400000C0005050B10368054A23F07E439342F0
:104C500004D1044B0020C3F828127047022070478B
:104C60003052770100C000502DE9F0418CB017465A
:104C7000082200251E4C0191064601AB4FF6025159
:104C80000DEB0200CDE904550695FFF797FB0823CD
:104C9000D4F82082C4F820520DEB03022946304696
:104CA000FFF75CFDD4F81034124D43F00203C4F852
:104CB0001034D4F80C331B0612D5002204A9304658
:104CC000FFF744FF9DF81730069A43EA02233B6042
:104CD0000020C4F82882C4F820820CB0BDE8F0811E
:104CE000013D03D0102000F0A1FFE2E70248F4E705
:104CF00000C0005021A107000400000807B54FF0D4
:104D0000FF3301930A4BDB68DBB2212B0CBF09494F
:104D1000094901AAFFF7A8FF0198A0F5F640B0F5F0
:104D2000E06F94BF0020012003B05DF804FB00BFDA
:104D3000000002405868002054600020F0B58BB09D
:104D4000CDE901120C221A4C054601AB4FF6035176
:104D50000DEB0200FFF732FB0C230021D4F8207288
:104D6000C4F820120DEB03022846FFF7F7FCD4F835
:104D7000103443F00203C4F810344CF25136D4F826
:104D80000C331B060BD5002206A92846FFF7DEFED2
:104D9000C4F828720020C4F820720BB0F0BD013EA8
:104DA00003D0102000F042FFE9E70248F5E700BF1A
:104DB00000C000500400000830B585B00446002350
:104DC00001F07F056A4626490393FFF74DFF24490A
:104DD0004FF0FF322046FFF7B1FF03AA21492046DA
:104DE000FFF742FF039B02AA43F008034FF0A441E0
:104DF00020460393FFF738FF029A4FF0A44142F494
:104E0000806220460292FFF799FF01AA16492046C8
:104E1000FFF72AFF019A144942F008022046FFF7E3
:104E20008DFF6A00114942F001022046FFF786FF1C
:104E30000C49039A2046FFF781FF0D4BDB68DBB27C
:104E4000212B0CBF0B490C492A462046FFF776FF61
:104E5000009A03492046FFF771FF002005B030BDDE
:104E60000400004308000052700080451400005206
:104E7000000002407468002070600020F0B5054614
:104E80008DB0002800F0B2800368594A23F07E43B9
:104E9000934240F0AB801422002107A8F2F736FFBE
:104EA00001238DF822300623ADF82030514B0093BA
:104EB0000023CDF818D0ADF8043041F2883406A9AB
:104EC0002846FFF78FFA08B1013CF8D14A4C4B4E07
:104ED00008E0013C03D14A4C20460DB0F0BD102043
:104EE00000F0A4FED6F80C331A06F2D5022303AE66
:104EF00006A928468DF822300696ADF82030FFF737
:104F000071FA04460028E7D19DF80D20EE2A26D13B
:104F1000032306A92846ADF82030FFF763FA0446BC
:104F20000028D9D11422014607A8F2F7EFFE052286
:104F30000123ADF82020334A8DF82230CDF818D067
:104F400000928DF8043041F2883706A92846FFF711
:104F500049FA0446002846D0013FF6D1BCE79DF847
:104F60000C3006A903EB02232846ADF82030FFF7EA
:104F700039FA04460028AFD1012385F84030ABE769
:104F8000013CA8D0102000F051FED7F80C331B06CE
:104F9000F6D502238DF8223006A909232846069665
:104FA000ADF82030FFF71EFA0446002894D10146E0
:104FB0002846FFF749F8012385F84030124800F0F1
:104FC00035FE124B1968124B21F0FF029A4218BFAE
:104FD0000021C9B2A1F12003302B3FF67DAF284656
:104FE000FFF7EAFE78E7044C044FCEE7022473E7AC
:104FF0003052770101EEF102A186010000C000509D
:10500000040000080104FD0100127A000838025073
:105010000006241810B5044600282ED00368184A4C
:1050200023F07E43934228D1037A3BB92046FFF711
:1050300065FE0128134818BF002010BD124AD3682E
:10504000DBB2112B13D0D368DBB2122B0FD020466A
:10505000FFF78CF90028F0D12046FFF7D1FC00289B
:10506000EBD12046FFF70AFF0028DFD0E5E7204616
:10507000FFF754FD0028EAD0DFE70220DDE700BF9C
:10508000305277010B0000080000024037B50023C2
:105090000193134BDB68DBB2212B0D4601AA0CBF39
:1050A000104911490446FFF7DFFD019B23F47E43BD
:1050B00023F0FF0375B90193094B019ADB68DBB25A
:1050C000212B0CBF074908492046FFF737FE002077
:1050D00003B030BD43F4807343F00103EBE700BF3E
:1050E00000000240186E0020C467002037B500237E
:1050F00004460D466A461B490193FFF7B5FD194961
:105100004FF0FF322046FFF719FE2A0402F4702206
:10511000154942F008022046FFF710FE1149009A97
:105120002046FFF70BFE114BDB68DBB2212B0CBFD7
:105130000F49104901AA2046FFF796FD019B23F075
:10514000FF0343EA0502094B0192DB68DBB2212B26
:105150000CBF074907492046FFF7F0FD002003B0C8
:1051600030BD00BF04000043180040520000024060
:10517000386800203860002037B5044600F076FF1C
:10518000094D0190284600F07BFD20F47C5141EA56
:10519000043141F4E061284600F076FD019800F00A
:1051A00069FF012003B030BD0480014037B50446DB
:1051B00000F05CFF094D0190284600F061FD20F4ED
:1051C000776141EA041141F4E061284600F05CFD9A
:1051D000019800F04FFF012003B030BD0480014072
:1051E00037B5044600F042FF0A4D0190284600F012
:1051F00047FD20F4706121F00F01214341F4E0618B
:10520000284600F041FD019800F034FF012003B072
:1052100030BD00BF0480014037B5044600F026FFD2
:105220000D4D01902B6823F440732B60019800F022
:1052300021FF6378A2781B0203F4407343EA420320
:1052400022781201D2B2134343F4801343F48063F3
:1052500000202B6003B030BD00800140034A13687A
:1052600043F0010313600020704700BF008001403D
:1052700013B50138102800F29880DFE800F0090D1E
:10528000918E8C8A878414222C3E4A515961670082
:105290000123474A936011E0454B1B68DB0140F155
:1052A00082800223F5E700F0E1FE414A0090136896
:1052B00043F080731360009800F0DCFE002002B021
:1052C00010BD00F0D3FE3A4A0190136823F08073BA
:1052D00013600198F0E70020FFF74EFF08B90120A6
:1052E000EDE70720FFF762FF0028F8D00320FFF763
:1052F00077FF80F00100C0B2E1E70120FFF73CFF3B
:105300000028ECD00520FFF751FF0028E7D001204E
:10531000EDE70120FFF730FF0028E0D00620F2E79C
:10532000002942D008680328D9D8FFF725FFE0E715
:1053300000293AD008680728D1D8FFF737FFD8E707
:10534000002932D008680F28C9D8D0E769B34C6863
:105350001848044229D18A68104026D10B7843B9F5
:10536000134B49781C615A611A6861F382021A6012
:10537000A5E7012B19D10E4B49789C61DA611A68B7
:1053800061F3C302F3E74FF4007382E74FF48063E5
:105390007FE720237DE740237BE74FF4087378E71E
:1053A0004FF4886375E7072089E7062087E700BF89
:1053B000008001400F0000F83A4B1A6810B50C4607
:1053C00012B9394A12681A60092869D8DFE800F072
:1053D000051C152A220D423C48614FF0402347220C
:1053E00000205A619861586110BD4FF04023472258
:1053F0005A6101229A610020F5E74FF04023DA68F4
:105400006FF34102DA600BE04FF04023DA686FF38C
:105410000002F7E74FF04022D36843F00203D36065
:105420000020E1E7214BDA68D2B2212A01BFD3F88C
:105430002021012161F30922C3F820214FF04022ED
:10544000D36843F00103EAE74FF04022D36843F00A
:105450008003E4E74FF04023DA686FF3C712D1E727
:10546000124BDA68D2B2212A09D1D3F8202142F4B2
:105470004072C3F820214FF47A5000F0D7FB34B1CA
:1054800023684FF0402243F001031362C8E7084B42
:10549000F7E74FF040231A6A6FF300021A62BFE782
:1054A0000620A1E7DCD2001000F0FF4F0000024010
:1054B00001B8250090B14FF040220949936913F0DB
:1054C000010F084B08BF0B460360D36903F00102CC
:1054D000C3F3400342600372002070470620704708
:1054E000006CDC0200366E0170B50A4E04464FF0C7
:1054F000004504B970BDB4FA84F325FA03F2C3F190
:105500001F0324EA020456F82330002BF1D09847F9
:10551000EFE700BF5CD20010B0F5803F10B50C463D
:105520007BD03ED8B0F5807F79D020D8102878D0B5
:105530000FD80138072812D8072810D8DFE800F064
:1055400015040F690F0F0F6B01234A4A42F82340DD
:1055500010BD402867D0802867D0202867D0464AF1
:1055600046484FF4E97100F031FB0023EDE7B0F558
:10557000805F5ED00AD8B0F5806F5CD0B0F5006F68
:105580005BD0B0F5007FEAD10923DEE7B0F5804FAC
:1055900055D0B0F5004F54D0B0F5005FDFD10D23EA
:1055A000D3E7B0F1807F4ED019D8B0F5801F4CD032
:1055B0000AD8B0F5802F4AD0B0F5002F49D0B0F509
:1055C000003FCCD11123C0E7B0F5800F43D0B0F538
:1055D000000F42D0B0F5001FC1D11523B5E7B0F1DF
:1055E000805F3CD00AD8B0F1806F3AD0B0F1006F44
:1055F00039D0B0F1007FB2D11923A6E7B0F1804FC6
:1056000033D0B0F1004F32D0B0F1005FA7D11D23ED
:105610009BE7022399E7032397E7102395E70823E5
:1056200093E7042391E706238FE707238DE70523FC
:105630008BE70C2389E70A2387E70B2385E70E23F3
:1056400083E70F2381E718237FE714237DE71223E5
:105650007BE7132379E7162377E7172375E71C23E6
:1056600073E71A2371E71B236FE71E236DE71F23E0
:105670006BE700BF5CD20010DBE5040001E604002C
:10568000F7B50C464701054600F0F0FC0F4E0190BF
:10569000BB590F4804F0082223EA020204F0011368
:1056A000134314F5803FBB5100EB45050CBF0122AD
:1056B000002201980CBFC3F34441C3F34401A95431
:1056C00003B0BDE8F04000F0D5BC00BF0C80004046
:1056D0002047001073B545010C4600F0C7FC074E8B
:1056E0000190A95904F0011421EA0404AC51019875
:1056F00002B0BDE8704000F0BDBC00BF0C800040AF
:1057000073B545010C4600F0B1FC064E0190A95955
:1057100004F008240C43AC51019802B0BDE870407D
:1057200000F0A8BC0C800040F7B50C464FF0FF31EC
:105730000646FFF7E5FFD4E9013543EA054523684E
:10574000002B18BF4FF000431D4300F08FFC770182
:105750000C4B0190FD50019800F08CFC63680BB974
:10576000226842B1C3F344030022074800EB460617
:10577000B35403B0F0BDA368002BFAD0C3F34403C5
:105780000122F2E70C800040204700102DE9F34190
:105790000D4614460646FFF7B3FF00F067FC154FB1
:1057A00001904FEA461815F5803F58F8073008BFBA
:1057B000240423EA050323436A1C08BF43F0004383
:1057C00048F80730019800F055FC15F5803F07D0E8
:1057D0006B1C03D04FF6FF739D4208D1002300E0FD
:1057E0000123054800EB4606C4F34404F45402B018
:1057F000BDE8F0810C800040204700107FB51D4BB4
:105800001D4A53F8206011F5803F0C4602EB40031F
:1058100014BF0021012145005B5CFF2B09D1F36817
:1058200014F5803F2A440CBFC3F34443C3F344033D
:105830005354124A03F01F03D55CCDB14FF04023FF
:1058400030465B6B5B0748BF6D0001A948BF45F060
:10585000010500F01FFADDE901304340AB4300D001
:105860000398204014F5803F08BF000C04B070BDC1
:105870003068F6E754E604002047001074E60400A0
:10588000322A2DE9F7434FF0000800F2A5800728DF
:1058900000F2A280032B00F29F804FF6FF74A1421A
:1058A00005D011F5803F02D04C1C40F095804B4C48
:1058B000002534F8026B06F03F07BA4204D00135E8
:1058C000202DF6D105206BE0322FFBD0052805D91D
:1058D0004FF6FF72914201D1012B02D0012B3AD930
:1058E000981E0A22B5FBF2F302FB135303EB4309A4
:1058F000042B88BF09F1010900FA09F400F0B6FB96
:10590000072202FA09F2092D354B01906FEA0202D3
:1059100049D8D3F8040110402043C3F804013149A9
:105920000122D1F8183102FA05F523EA0505C1F87C
:105930001851019800F09EFB0A9BC6F3022603F063
:10594000030346EA032666F30F084146384600F093
:10595000AFF9002024E0244A002402EB850C03F078
:1059600001034FF6FF791CF8012B02F0070E864564
:1059700012D1494502F0080EC2F3001206D1BEF161
:10598000000F09D19A4207D1A01CAAE711F5803F68
:1059900002D1BEF1000FF5D10134042CE3D1072070
:1059A00003B0BDE8F083132D06D8D3F808011040EA
:1059B0002043C3F80801B2E71D2D95BFD3F80C01B1
:1059C000D3F814011040104095BF20432043C3F882
:1059D0000C01C3F81401A2E70620E1E714E6040075
:1059E000008000400000014094E604002DE9F347E8
:1059F0001C464B1C4FEA401592460CBF260CA6B223
:105A00000F4600F033FBDFF85490DFF8548001902C
:105A1000BAF1010F55F8093055F808000BD19BB2C7
:105A200080B243EA044440EA064617F5803F09D1B4
:105A300045F808600AE0084AA4B2134010401C432D
:105A40000643F2E7013745F80940F1D0019802B06A
:105A5000BDE8F04700F00EBB0000FFFF04800040EF
:105A6000088000402DE9F74316460F469846450149
:105A700000F0FCFA164B0190EA58DFF85C9017F53D
:105A8000803F08BF120C02F4C072802A08BF34465F
:105A90004FF6FF720CBFA6EB08060024B3B2974284
:105AA00043EA044307D145F80930019803B0BDE843
:105AB000F04300F0DFBA17F5803F1EBF45F809300C
:105AC000230C1B04034A18BF43EA1643AB50ECE710
:105AD0000C80004008800040048000402DE9F7431E
:105AE00016460F469846450100F0C0FA164B019045
:105AF000EA58DFF85C9017F5803F08BF120C02F4FB
:105B0000C072802A08BF34464FF6FF720CBFA6EB66
:105B100008060024B3B2974243EA044307D145F88C
:105B20000930019803B0BDE8F04300F0A3BA17F5BF
:105B3000803F1EBF45F80930230C1B04034A18BFE1
:105B400043EA1643AB50ECE70C800040188000405D
:105B50001480004013B5044600F088FA064A01900C
:105B6000D2F800322343C2F80032019802B0BDE8F7
:105B7000104000F07FBA00BF0080004013B504461B
:105B800000F074FA044B0190C3F80842019802B087
:105B9000BDE8104000F06EBA0080004013B5044626
:105BA00000F064FA084B019054B1D3F80442D3F8E2
:105BB00000321C40019800F05DFA204602B010BD92
:105BC000D3F80442F6E700BF00800040FEE7000083
:105BD000004B184751000008DFF84CC0F7B501EB47
:105BE0008307674505460E4F16461C4615D1012B07
:105BF0000ED80C4B04F180441B680193013C06EB6A
:105C000084020123064C01A92846A04703B0F0BD39
:105C1000013BB8470028ECD0F8E7B847F6E700BFEB
:105C200055000008FCFF0510000006104FF040234F
:105C30005B6B5B0746BF40000E230B23984202D9E3
:105C4000C01A014B184770479D0000082DE9F0412C
:105C50009DF8184005460E461746984633683B4067
:105C600024B1434504D10020BDE8F0814345FAD179
:105C700025B11020FFF7DAFF013DEFE70420F3E73D
:105C8000004B184775000008014B43F0010318470B
:105C90003047001012B4EFF3108472B60168026846
:105CA000036884F3108811BC016042608360704710
:105CB0002DE9F04F312885B0044600F2E78001F06D
:105CC000070011F0E007C1F3C1054FEAC0031BD084
:105CD000C1F34212961D06F00706032E43F001039E
:105CE00008D8023A43EA82136F4A125DD7070BD4F1
:105CF0006E4835E0C02F03D1142C05D06C482FE03E
:105D0000202F01D1142CF3D045B1012D2BD1664A9F
:105D1000125D960740F1BC8043F04003654A155D73
:105D200005416D0005F002051D43634B1B5D834279
:105D300024D1C1F30243072B00F0AC805F4A184620
:105D4000C1F3C14343EA001002EB8402002312F8BE
:105D5000016B864200F0A0800133042BF7D1584834
:105D600005B0BDE8F08F022D40F092804E4A125DE2
:105D7000550740F18D8043F08003CFE7C1F3003336
:105D800045EA4305C1F38126C1F3803343EA460661
:105D90008B0A03F008031E43C1F3072303F00C0230
:105DA000042A1AD0474A12688A1AD2F1000848EB2E
:105DB000020813F0600F04BFC1F3C03363F30006A1
:105DC000C1F3012102290DD0032909D0012901D1F4
:105DD00045F004054FF0000E06E04FF00108E8E73B
:105DE00045F004054FF0010EE00000F0180024F02B
:105DF00003034FEA840C0CF01C0C03F1804B01935D
:105E00004FF00F090EFA00F3FF2709FA0CF987404B
:105E10000093854006FA0CF600F028F94FEA540A80
:105E2000294A019B294903902AF0030A0BF5803B7C
:105E30006FEA0909FF43B8F1000F0AD004F01F0010
:105E40004FEAD40C012484400CF0040C20484CF898
:105E50000040204873240466DBF800403C402543A2
:105E6000CBF800505AF8014004EA090949EA06064D
:105E70004AF8016099580F40009900240F439F5041
:105E80000466039800F0F6F8204669E7062067E705
:105E9000114865E7114863E7C1F340565B0043EAE8
:105EA000C6064FF000088BE718E704000001000861
:105EB000010100084AE7040044E804007CE704000C
:105EC0000401000814E70400E00001404000014024
:105ED000B400014000000140020100080301000875
:105EE000312873B50D4628D8052928D800F01F039E
:105EF0000126C0089E4000F0040400F0B7F8013D00
:105F00000190042D0CD8DFE805F0030D14121600E3
:105F10000C4BE650019800F0ADF8002002B070BDC7
:105F2000094BF6E7094AA3585E40A650F2E7084B32
:105F3000EFE7084BEDE7074AF5E70520EEE7062017
:105F4000ECE700BF9000014098000140880001404C
:105F5000A8000140B400014073B58B0C0024224618
:105F60009B04134306460D4613D100F07FF80A4BFD
:105F70000190D3F800223243C3F80022D3F8101264
:105F80000D43C3F81052019800F074F8204602B097
:105F900070BD0520FBE700BF0000014073B58B0C0E
:105FA000002422469B04134306460D4615D100F0FB
:105FB0005DF80B4B0190D3F8002222EA0602C3F8E9
:105FC0000022D3F8101221EA0505C3F810520198F7
:105FD00000F050F8204602B070BD0520FBE700BF7E
:105FE0000000014073B58B0C002422469B04134330
:105FF00006460D460DD100F039F8074B0190C3F865
:106000000862C3F81852019800F034F8204602B034
:1060100070BD0520FBE700BF0000014073B50546D9
:106020000C46D1B100F022F80D490190D1F81402CC
:10603000D1F804626DB1D1F81032D1F800220340DA
:1060400032400198C4E9002300F014F8002002B0A7
:1060500070BD4FF0FF321346F1E70620F7E700BFAF
:1060600000000140EFF3108062B67047EFF310803C
:1060700072B6704780F310887047D0F83838012B1B
:1060800006D0022B0DD041F4004141F0800106E022
:1060900041F40041022341F0A001C0F8383808461D
:1060A00070474FF40041FAE77047D0F830380133B9
:1060B00043620023C361012380F83438436803F549
:1060C000A02304331B034FF48002C3F8A4227047BB
:1060D000D0F85028D0F84818531CB3FBF1F201FB5C
:1060E00012324368D0F8541803F5A02310B50433D6
:1060F00054011B0301EB42120959C3F820125168E5
:10610000C3F804140021C3F880129168C3F8881200
:10611000D168C3F88C1211695269C3F88012C3F8B0
:10612000182210BD70B54468D0F8642804F5A02486
:106130000434240300230E05D4F80052C4F80032BE
:106140000DD5D4F88032980752D5D4F88832354E20
:10615000D3BBD4F8B43203F00603042BF9D111F405
:10616000047F2AD0D4F81064D4F8B43203F00603C4
:10617000042BF9D1D4F814326FF30413C4F8143299
:10618000D4F810316FF34103C4F81031D4F810344F
:1061900043F00203C4F810345000FFF747FDC4F881
:1061A0001064D4F8103143F00203C4F81031D4F86D
:1061B000143243F01003C4F814324FF0FF33C4F824
:1061C0000832C4F8005270BDD4F80001C0F30720B3
:1061D0000328BDD9042BC4F80C61BAD9043BB7E736
:1061E000D4F80831D4F80031C3F30743032BF7D8B0
:1061F000D4F8B4329B07F5D4D4F8B43203F00603D4
:10620000042BF9D1D4F8003113F47F0F02D1A6E7A3
:10621000D4F80831D4F80031C3F30743032BF7D87F
:10622000F0E700BFEFBEADDE436803F5A023043303
:106230001B0337B58022134DC3F8A42204466168BE
:1062400001F5A02104310903D1F89432DB0707D509
:10625000D1F89C3298070DD5D1F8A8321A0609D585
:10626000012209480092002301F52471FFF7EEFC9A
:1062700003B030BD013D03D01020FFF7D7FCDEE7AF
:106280000420F5E7A1860100A086010030B50D4687
:106290000A4C03995B0104EA012403F0600344F40F
:1062A0004014012843EA02620CBF44F0020444F0A7
:1062B000010442EAC51242EA040030BD00FF0F00AB
:1062C00073B504460D46FFF7D1FED4F8406801903F
:1062D00035440198C4F84058FFF7CCFEE6B9204693
:1062E000FFF7A2FF0546A0B96368A06103F5A023EC
:1062F00004331B0340F20141C3F80812D3F8002213
:106300000A43C3F80022012384F83C382046FFF7F3
:10631000DFFE284602B070BD0025FAE700F5A02098
:1063200004300003D0F80432194311F06C0F09D186
:106330008A050AD4CB060AD411F4904F14BF012069
:10634000002070474FF000607047024870470248D5
:10635000704700BF01000008020000081FB50023BD
:106360004908C0F828380362C0F85C380446029235
:106370000191012300F6280201A900798DF80C3063
:1063800020F0F4F910B94FF48073236204B010BD0B
:1063900010B50446D0F8280828B1012120F030FBC0
:1063A0000023C4F82838002010BD436A4BB9436865
:1063B00003F5A02304331B0303F526731A68C2E90F
:1063C0000032D0F8280820F027BAD0F8280820F0AA
:1063D0003FBA70B54C68032C054615D88868E400B0
:1063E0004FF0FF33A34018400ED1CB683BB10C7C7B
:1063F0001CB18E6946B1012C01D04C6924B12C7AB4
:10640000012C03D1FF2B05D9062010E014B9B3F5F8
:10641000805FF9D25AB90B6A13F0E00FF4D1486AE1
:1064200000F0E03020F06040002818BF062070BD6A
:106430000528F0B513D8A1B10C4D4FF40A624243C0
:10644000AC18E37813F001030DD1AE5806F07C4789
:10645000074E3E43AE5060600C601846F0BD05200C
:10646000FCE70620FAE70720F8E700BFC03A021071
:106470005634120110B50446002848D00368254A56
:1064800023F07E43934242D1C3789B0718D44368DC
:10649000017A03F5A02304331B030039D3F8142237
:1064A00018BF0121C2F3420291420CBF0122102207
:1064B000C3F81422C2682AB9E37843F00203E370F8
:1064C000002023E000214162C1611348C3F8A40207
:1064D0004FF48073C4F8541884F83C18C4F8381882
:1064E000C4F84418C4F84018C4F83018A4F82C387C
:1064F00021692046FFF732FF636803F5A0230433C8
:106500001B030222C3F840220028D5D010BD022070
:10651000FCE700BF563412014000800038B5054644
:1065200020B30368134A23F07E4393421ED1C478FC
:1065300014F0020418D0446AD4B9436803F5A023C8
:1065400004331B03D3F8142264F30002C3F81422AB
:10655000D3F8142264F30412C3F81422FFF718FFCF
:10656000EB7864F34103EB70204638BD0224FBE76F
:106570000324F9E75634120110B5044680B10368CC
:10658000084A23F07E4393420AD1C3789B0701D582
:10659000FFF7C4FFE3786FF30003E370002010BD42
:1065A0000220FCE756341201A0B103680B4A23F025
:1065B0007E4393420ED111F002020DD1436803F5E0
:1065C000A02304331B03D3F800020143C3F80012D5
:1065D000104670470222FBE70622F9E75634120103
:1065E00010B5A0B103680C4C23F07E43A3420ED13A
:1065F0007AB1436803F5A02304331B03D3F80402E4
:1066000011B1D3F8003218401060002010BD0220F4
:10661000FCE70620FAE700BF5634120170B10368A8
:10662000074A23F07E43934208D1436803F5A02331
:1066300004331B030020C3F8081270470220704780
:10664000563412012DE9F04F0F4685B0044600285C
:1066500000F005810368834A23F07E43934240F0B3
:10666000FE8090F83C384668002B65D0816940F682
:10667000010339431942816104D10025284605B040
:10668000BDE8F08F06F5A02704373F03D7F8803226
:10669000DB0703D544F67C631942EED0D4F84028DA
:1066A000D4F85038013AC4F84028D4F848280133C7
:1066B000C4F85038B3FBF2F502FB1533D4F8545844
:1066C00005EB4315D5F81880B8F1000F09D0304616
:1066D000D5F81C90FFF722FE01464846C04700232C
:1066E000AB61A36944F67C2119400BD0D7F8803206
:1066F0006FF30003C7F880320023C7F890322046BA
:10670000FFF710FDD4F840583DB10025C7F890526E
:106710002046A561FFF7DCFCB0E784F83C58D7F8C9
:10672000003223F4806323F00103C7F800324FF4F2
:106730000003C7F8A432A1E7436A002B9DD0D0F82C
:10674000280888B90025636A002B97D106F5A02692
:1067500004363603C6F800324FF0FF33C6F808326D
:106760006369C6F8003289E7694620F013F90546E7
:106770000028E8D184F83408009DE369AB4266D173
:1067800094F8343803F0FF09002B40D144F67C28FC
:1067900017EA08083BD0636A0135E561EDB2013BB9
:1067A00004EB85056362D5F828A0BAF1000F0ED07E
:1067B00039463046D5F828B4FFF7B0FD01465846B3
:1067C000D04794F82C38022B18BFC5F8289006F54E
:1067D000A02304331B034146D3F894226FF3000235
:1067E000C3F89422D3F880226FF30002C3F880220A
:1067F0000022C3F890222046FFF794FCD4F8280822
:1068000020F028F9636A13B12046FFF7CEFD656AD0
:10681000002D97D12046FFF7D8FD94E70133626A37
:10682000E361DBB203F10A09013A626254F82920FC
:10683000002AA2D003F58573414654F823009047FF
:1068400094F82C38022B18BF44F8298094E794F868
:10685000342802F0FF08002AE0D01D4690E7022508
:106860000CE700BF5634120170B5164604460028E6
:1068700000F0C3800368644A23F07E43934240F0F3
:10688000BC8021B10139012958D906250DE026B176
:1068900090F86838002B00F0B28060680230C0B217
:1068A00000F00AFF054610B10925284670BD002EEC
:1068B00000F0A1806368D4F86C2803F5A0230433AA
:1068C0001B03C3F80421D4F87428C3F81022D4F8A9
:1068D0007828C3F81422D4F88028C3F89822D4F872
:1068E0008828C3F8A822D4F88C28C3F8AC22D4F89E
:1068F0009028C3F8B022D4F89428C3F80023D4F821
:106900009828C3F80024D4F89C28C3F80022D4F8AF
:106910007028C3F8402294F88428C3F8A422D4F83D
:106920007C2822F00101C3F89412D10702D5204639
:10693000FFF73BFD002384F86838B6E7C278436868
:1069400092070CD503F5A02104310903D1F8B42234
:1069500002F00602042A54D1426A002A51D1002EC4
:1069600041D003F5A02304331B03D3F80421C4F85A
:106970006C28D3F81022C4F87428D3F81422C4F871
:106980007828D3F89422C4F87C28D3F89822C4F845
:106990008028D3F8A022C4F88428D3F8A822C4F809
:1069A0008828D3F8AC22C4F88C28D3F8B022C4F8D5
:1069B0009028D3F80023C4F89428D3F80024C4F80E
:1069C0009828D3F80022C4F89C28D3F84022D3F8A2
:1069D0009432C4F87028DB0702D52046FFF7F5FC97
:1069E000012384F8683860680230C0B200F098FE75
:1069F00000287FF459AF002557E7022555E7072502
:106A000053E7032551E700BF563412012DE9F04F3B
:106A1000002800F006810368854A23F07E439342F4
:106A200040F0FF8009B90620D6E04668052EFAD866
:106A3000C3789B0700F1F78006F5A02604360B7893
:106A40000372360341F21002C6F80421002B40F015
:106A5000CC800F7A032FE6D84B68764A9342E2D86F
:106A6000002B00F09580B2FBF3F803FB1822002AFC
:106A70000CBFC14608F10109C9F1000404EA090488
:106A8000B4FA84F4C4F11F04062CA8BF0624B3F59D
:106A9000376F40F2A380684AA3F57405A5F5105539
:106AA00095422CBF002501254FEA450E0EF1010E3F
:106AB0000EFA04FCB9FBFCF20CFB129CBCF1000FBB
:106AC00018BF0132B2FA82FCCCF11F0CBCF1070FE7
:106AD00084BF073C644404F1010ABAF1070F00F2D5
:106AE0008280BCF1070F10D9ACF1070C4FF0010BFD
:106AF00022FA0CF80BFA0CFC0CF1FF3C0CEA020237
:106B0000002A0CBF424608F10102DFF858C1634574
:106B100066D24FF0010808FA04F8B8EB090818BF6C
:106B20004FF001087B10012B4FEAC52502F1FF3918
:106B300045EA0A2506BF023A52084FEA590245EAD9
:106B4000096343EA0835130403F47F030EFA04F4DF
:106B50002B4309FB08F8374DDFF80CE108FB044430
:106B6000B5FBF4F204FB12556408AC422CBF14468A
:106B7000541C324AB4FBF2F574454FEA0A2C02FB6E
:106B8000154205D96C1E2C40224301D14CF4006300
:106B9000C6F8007343F001034A68C6F81032254B6B
:106BA000B3FBF2F3C0F864384FF47A73C0F860387E
:106BB000CB68C3600B69036146F25F01083BB1EB30
:106BC000830F4FEA83022ABF60234FF48073B2FB26
:106BD000F3F3C0F858380020BDE8F08F012563E7D3
:106BE0004FF000089EE70023D2E7012B1DD14B6830
:106BF000134A93420BD0134A93420DD0124A934248
:106C00007FF411AF114BC6F80034114BC2E7114BA2
:106C1000C6F80034104BBDE7104BC6F80034104BDB
:106C2000B8E70220D8E70720D6E70520D4E700BF61
:106C300056341201006CDC0200127A0090D003007E
:106C4000801A060040420F00A086010070F0030089
:106C500001123B7770F2030001120E1D403021003B
:106C600001130306001BB7008FD003002DE9F04F7E
:106C70002DED028B0F4687B08046002800F00E8174
:106C80000368884A23F07E43934240F0078100293D
:106C900000F006810B7C012B06D90724204607B0A3
:106CA000BDEC028BBDE8F08FCB68039303B90B7486
:106CB000012239464046FFF78CFB04460028EDD1FF
:106CC00098F82C38022BE8D0D8F804300493BB682D
:106CD00005937B6897F810B008EE903A3B7F08EE7A
:106CE000103AD7E905364FF0010ACDF800A0BBF104
:106CF000000F08BF1E464FF0FF32034608F1240183
:106D0000D8F86008FEF7A2FF04460028C6D1049B0D
:106D1000CDF800A003F5A02504352D0305F52D7948
:106D2000D8F86008042306224946FEF78FFF044680
:106D30000028B3D1D5F800A2C5F80002D5F88032FA
:106D400060F30003C5F880324FF0FF33C5F8083216
:106D50003B68C5F80434039B0093059A18EE903AFB
:106D600018EE101A5846FFF791FA059BFF68C3F317
:106D70000F23BBF1010FC5F8203253D1C5F818021B
:106D8000002F42D1002701264748009604230622FF
:106D90004946FEF75BFF044638B901460498FFF701
:106DA000BDFA044608B937B13446D5F80412404656
:106DB000FFF7B8F927464FF0FF33C5F808323C46D5
:106DC000C5F800A26AE7BBF1010BDCD00CB19F4211
:106DD000D9D81020FEF72AFFD5F8044204F00104A8
:106DE000D5F80031C3F30743032BECD9032FD5F8B3
:106DF0000821A3F104030BD9032B46F8042BA7F1B8
:106E00000407BDD9002FF1D10AE0DFF8A0B0E7E711
:106E10003744314601F8012B8F424FEA1222F9D153
:106E20000027ADE7BBF1000FADD1D5F80031C3F3BA
:106E30000723032B00D92FB9C5F81802002FA1D0C2
:106E40001A4C13E0032F56F8042BC5F80C21A3F1BC
:106E500004038CBF043F0027EBE7D5F80432DB07BF
:106E600091D4013C8FD01020FEF7E0FED5F8002130
:106E7000C2F30722032AF0D9334653F8041BC5F89E
:106E80000C11F11A032F11448CBF043F0027032972
:106E900002D9002FF1D175E71E46CFE70224FDE6A7
:106EA0000624FBE65634120120A1070021A10700A9
:106EB0002DE9F04F2DED028B0D4687B006460028D8
:106EC00000F0EC8003687B4A23F07E43934240F05D
:106ED000E580002900F0E48091F810A0BAF1020FDB
:106EE00040F0E0800122FFF774FA00287CD173683B
:106EF0000493D1E9013B08EE903ACB6805930B7FF0
:106F000008EE103AD1E905374FF00109CDF80090AD
:106F100003934FF0FF32034606F12401D6F86008D0
:106F2000FEF794FE00285FD1049BCDF8009003F596
:106F3000A0240434240304F52D78D6F86008042333
:106F400006224146FEF782FE00284DD14FF0FF3366
:106F5000D4F80092C4F80002C4F808322B68C4F8D0
:106F60000434059B0093504618EE903A18EE101A20
:106F70005A46FFF78BF9CBF30F23C4F82032D4F82D
:106F80000033ED6843F00403C4F80033AA46C4F8A4
:106F9000180255EA0A032CD11D464FF0010A464853
:106FA000CDF800A0042306224146FEF74FFE074617
:106FB00038B901460498FFF7B1F9074608B935B169
:106FC0005746D4F804123046FFF7ACF83D46D4F8E3
:106FD000003323F00403C4F800334FF0FF33C4F848
:106FE00008322846C4F8009207B0BDEC028BBDE819
:106FF000F08FD4F80021D4F80031DFF8C0B0C2F32C
:107000000722C3F307430021032A4DD8032B03D9DA
:107010000029C2D1039923E0BBF1010BBDD009B116
:107020005345BAD31020FEF701FED4F80412D4F869
:107030000021D4F8003101F00101C2F30722C3F3AB
:107040000743E1E751F8040BC4F80C01032DA2EB50
:1070500001008CBF043D0025032801D9002DF1D18A
:10706000032B02D9BAF1000F01D1039191E7BAF1D4
:10707000030FD4F80821A3F1040304D947F8042B23
:10708000AAF1040AECE7BA44384600F8012B82451D
:107090004FEA1222F9D14FF0000AE1E70220A3E7FC
:1070A0000620A1E707209FE700297FF476AF039928
:1070B0000A44D3E75634120120A1070021A107009A
:1070C0002DE9F74317460646002800F0578203686B
:1070D000BC4A23F07E43934240F050820D2900F2D7
:1070E0004F82013945680C290ED8DFE811F02200E3
:1070F0008100320041004E0052005B0083004901D4
:107100005C01710188019301002F00F039823B6816
:1071100003F0E03424F06044002C40F0318205F5A7
:10712000A02504352D03C5F8A432204603B0BDE8E0
:10713000F083002F00F0248205F5A02504352D03EF
:107140003A68D5F8003362F3D753C5F8003300240A
:10715000EBE7002F00F0148205F5A02504352D0380
:107160003A68D5F8043162F30503C5F80431EEE757
:10717000002F00F0058205F5A02504352D033A689F
:10718000D5F8043162F30D23EFE7FFF74DF804461D
:10719000CBE705F5A02504352D034FF40003C5F812
:1071A000A432D4E7002F00F0EB81C36803B33D782D
:1071B00090F82C38AB42CAD0BBB1022B04D1FFF7F8
:1071C00033F804460028B0D1D6F828081FF070FC28
:1071D00000240123F461C6F830487462C6F85C48A4
:1071E00086F82C5886F82D389FE7436A002BEBD0A1
:1071F00007249AE7002F00F0C3817B6813F0E00FAB
:1072000040F0BE81BB6803F0E03828F06048B8F178
:10721000000F40F0B58190F82C38012BE8D1D0F860
:1072200038384BB105F5A02304331B034FF400128B
:10723000C0F83888C3F8A4223B787BB396F82D3881
:1072400063BBD6F8280801AB6A4601211FF01CFB7E
:10725000044600287FF469AF9DF804305A4A00992B
:1072600006EB83039A62C3F8286473681A03574BCA
:107270001344C1E90030FEF7F9FE01210446D6F8B7
:1072800028081FF067FB002840D0D6F828081FF018
:1072900049FB2046FEF7EEFE4FF04008D6F82808DE
:1072A00001AB6A4603211FF0EFFA044600287FF481
:1072B0003CAF05F5A0250435009A79682D0305F546
:1072C0002A739360136005F5297348EA010113617D
:1072D0003046FEF7D2FE4FF40043D360BB685060E7
:1072E00043EA08035361FEF7C1FE3B78804621461E
:1072F000D6F8280823B31FF007FC20B3D6F82808D7
:107300001FF010FB4046FEF7B5FE0EE7726A531CF5
:107310007362002ABDD105F5A02304331B03304658
:10732000D3F800127161C3F800224FF0FF32C3F8A6
:10733000082246F67C22C3F80022FFF736F8A8E7B9
:107340001FF008FBD9E7736A5A1C72623A78002A68
:1073500014BF0222002286F82C28002BD2D1D5F8A7
:10736000003273614FF0FF33C5F80002C5F80832F0
:1073700046F67C23C5F800323046FFF716F8C1E721
:10738000002F00F0FD800123C0F84C383B68C0F8A6
:1073900054387B6800245B09C0F85048C0F8404866
:1073A000C0F84838C1E605F5A02504352D03202393
:1073B000C5F8A4320123C0F838380024C6F8444880
:1073C000B3E600BF56341201AB600200A442005085
:1073D00005F5A02504352D034FF40013D0F844180B
:1073E000C5F8A4320023C0F8383800293FF4AFAE06
:1073F000FEF766FF044600287FF497AEDEE7002F15
:1074000000F0BE805F4BDB68DBB2202B8CBF00241A
:1074100007248AE6002F00F0B380D0F8280800285F
:107420003FF4E6AE736AB3F5807F01D105247CE6B4
:10743000F9686A4601AB03311FF026FA02460028BC
:10744000F4D17368009C19034F4B0B4423603968D7
:107450003046FEF712FE009B606003F10801FC68F5
:10746000009110331046944203F108036AD101EBF6
:10747000C40100B10091BB69009A03B11A6073683E
:10748000D7F8108003F5A02304331B0303F52A71FA
:1074900011604FF40041516003F5297302F10801B6
:1074A000009193607B68D360B8F1000F0ED1D6F8DD
:1074B00038385BB996F82C3843B9D6F85C38D6F82A
:1074C0005828B3EB520F314B28BF98469DF8043033
:1074D0007A6906EB8303C3F82880C3F82824FEF7F3
:1074E000C5FDB8F10001814618BF0121D6F8280872
:1074F0001FF030FA044600283BD1736A5A1C7262AE
:10750000D6F830280132C6F830283A6942B386F8F6
:107510002D08C6F85C489BB905F5A02504352D0358
:107520003046D5F800227261C5F800324FF0FF33C3
:10753000C5F8083246F67C23C5F80032FEF735FF61
:107540004846E0E6B86800EBC20C50F8320043F859
:10755000100CDCF8040043F80C0C0132012082E727
:10756000B8F1000FD5D1D6F85C280132C6F85C28F6
:10757000D1E7D6F828081FF0D5F9E1E70224D4E5D1
:107580000624D2E500000240A8420050A960020093
:1075900010B5002900F08580012818D0022866D097
:1075A00000287ED1404A9369C3F38014C3F380035B
:1075B0004B70D2F8A0310C70C3F381630B71536927
:1075C000C3F3400203F001038A70CB7010BD364A4A
:1075D00013680B605068486090688860D068C86025
:1075E0001069086152694A6103F001028A61C3F3BC
:1075F00003502E4A52F82020CA61C3F303432C4A99
:1076000052F823302B4A0B62D2F8E030D2F8E40073
:10761000DBB200F00F0043EA00234B62D2F8E43003
:10762000D2F8E800C3F3031300F00F0043EA00139D
:107630008B62D2F8E830D2F8EC0003F0F003C0F32C
:1076400003100343CB62D2F8FC40D2F8F830D2F8F2
:10765000F400D2F8F020DBB21B04D2B243EA046398
:10766000C0B2134343EA00230B630020AEE70E4A87
:10767000D2F8CC3103F001000870C3F34000C3F32B
:1076800080030B74D2F8C431CB6008724B68D2F817
:10769000C00103434B60D2F8C8214B6913434B61CF
:1076A000E3E7062092E700BF0000024078E804000C
:1076B000B8E80400000F00F073B50546FEF7D6FCED
:1076C0000C2300901449154C03FB05F0A2680D58DB
:1076D0002A43A2600E180098FEF7CCFCA020FEF70B
:1076E000A5FAA3697668334203D1A020FEF79EFA7B
:1076F000A369A36933420CD1FEF7B8FC0190A368DB
:1077000023EA0503A3600198FEF7B4FC012002B050
:1077100070BD0020FBE700BFF8E804000010024045
:1077200073B50546FEF7A2FC0C23019019491A4CCB
:1077300003FB05F0A2680E5822EA0602A2600D18AB
:107740000198FEF797FCA020FEF770FAA3696D6818
:107750002B4203D0A020FEF769FAA369A069284054
:107760000ED0082DA3680DD0102D0ED0042D0FD1F2
:1077700040F2815213420BD01E4214BF0120002060
:1077800002B070BD13F00E0FF5E713F0700FF2E7C3
:107790000120F5E7F8E804000010024013B5124C90
:1077A000E368DBB2112B1CD9FEF760FC0190D4F822
:1077B0006833192262F38B13C4F86833D4F8683342
:1077C0000C2262F30503C4F868334FF04023DA6BF0
:1077D0006FF39652DA63019802B0BDE81040FEF7ED
:1077E00049BC02B010BD00BF000002404B4B37B592
:1077F0001A6812B94A4A12681A604A4C4A4DE3683C
:10780000DBB2122B17D0E368DBB2202B1DD8454B1F
:10781000DA68D2B2112A82BFD3F85C236FF3186200
:10782000C3F85C2300210C20FDF722FDAB69DB05CA
:1078300041D5002007E06B68DA07E4D50D20FFF79B
:107840003BFF0028DFD003B030BDD4F85433022111
:1078500061F31343C4F85433D4F85423032363F37C
:107860001752C4F85423D4F85823052060F30302B8
:10787000C4F85823D4F8582361F30712C4F85823E6
:10788000D4F85823062161F30B22C4F85823D4F806
:107890005823012161F30F32C4F85823D4F8582338
:1078A00063F3DE62C4F85823D4F85C2363F3030265
:1078B000C4F85C23ABE71B4CFFF770FFA3691B49BF
:1078C00043F00103A3610123009307231A4642F208
:1078D0001070FEF7BBF9F8B92B6843F001032B6079
:1078E0006B6A43F040036B62E368DBB2112BA0D1FB
:1078F000D4F85C3360F35653C4F85C33D4F868337F
:107900000F2262F38B13C4F86833D4F8683362F340
:107910000503C4F8683396E7042094E7DCD200102E
:1079200000F0FF4F0000024000100240180002402B
:10793000032817D8DFE800F002080D114FF080434C
:10794000D4229A60002070474FF080431B225A6077
:10795000F8E7054B0020186070474FF08043012284
:107960005A61EFE70620704700F0FF4F024A136D9F
:1079700043F010031365704700420040F0B58FB02C
:107980000C46074601A90120FFF702FE089B0F4E97
:10799000A342336017D9C4F30C05A5B9FEF766FB03
:1079A000C4F345320090C4F3C0413846FEF710F9E5
:1079B0000098FEF75FFB064BC3F86442C6E9014539
:1079C00028460FB0F0BD0625FAE700BFE0D2001050
:1079D00000000240164B37B50D4619688A4223D283
:1079E000C2F30C0404BB996808291FD042F00302BB
:1079F00001924A1C9A605A68012302EB810201A994
:107A0000FEF7EAF80B4BD3F86422A32D42F00102F3
:107A1000C3F8642205D1D3F8642242F00202C3F80D
:107A20006422204603B030BD0624FAE70524F8E7B7
:107A3000E0D200100000024030B500248C4208D093
:107A400050F82430B3F1FF3F154602F1080202D18D
:107A50002B60002030BD23F0030503F0030342F840
:107A6000085C02F8043C0134E8E70000034A0346DE
:107A7000D2F84001C2F84031704700BF008000409A
:107A80001FB5064801A9FEF705F9DDE9013083427B
:107A900018BF039805B05DF804FB00BF44810040A7
:107AA0000728F7B505460E462FD8FEF7DFFA184C23
:107AB0000190D4F84071D4F840214FF48073AB406A
:107AC00022EA0302C4F84021124A2A449200052502
:107AD000013D0DD0D4F84401166011683044A1EB8B
:107AE000000CBCF1000FF3DB0A30081A0028EFDCB1
:107AF000074AD2F840113B400B43C2F8403101988D
:107B000003B0BDE8F040FEF7B5BA03B0F0BD00BF6A
:107B10000080004054200010034AD2F8003318437C
:107B2000C2F80003704700BF00800040014BC3F85B
:107B30000803704700800040044AD2F8043310B1B3
:107B4000D2F8002313401846704700BF0080004061
:107B500037B50446FEF78AFA254A019013680133C7
:107B60001360002C3FD0234BD3F85032DB073AD4BC
:107B7000214B1A6812B9214A12681A601D4DD5F8B6
:107B80005043C4F3054303F109011D4BC4F309023B
:107B9000234040F2FF301832824294BF1A4343EA36
:107BA00000023F290B4628BF3F2342EA0343C5F8A2
:107BB00050334FF4A070FEF739F8124AC5F850431D
:107BC000136943F004031361BFF34F8F0E4B1A6820
:107BD0000E4B1A6030BFBFF36F8F019803B0BDE842
:107BE0003040FEF747BA074A136923F00403EAE777
:107BF000ECD2001000000240DCD2001000F0FF4F79
:107C000000FCC0FF00ED00E00000FF5FF0D20010BC
:107C1000024B4FF47002C3F88820704700ED00E07B
:107C200013B50446FEF722FA094901904A68002C70
:107C300022F0404214BF4FF040434FF00043134343
:107C40004B60019802B0BDE81040FEF713BA00BFC8
:107C500030EF00E0406A00F580201C3030B50003B2
:107C60000024A24203D1002003B11C6030BD85690D
:107C7000ED06F8D4056815F4706F02D10D55013486
:107C8000EFE74FF00060EFE7406A00F580201C301E
:107C900030B500030024A24202D08569AD0602D5AA
:107CA0002BB9002030BD0D5D05600134F3E71C6089
:107CB000F7E7000030B58BB00546FEF7D7F96B4605
:107CC0000190202202A92846FFF7C4FF044648B9C4
:107CD000009A02A905F148001EF045FF044B002858
:107CE00008BF1C460198FEF7C5F920460BB030BD11
:107CF00001000008F0B5446A85B00646FEF7B6F903
:107D000004F580231C3303901C0306F12C07A369A0
:107D10009B0606D401220DF1070138461EF04EFFE6
:107D200030B900250398FEF7A5F9284605B0F0BD47
:107D300002AB01220DF107013046FFF7A5FF054612
:107D40000028E4D0EEE773B51D4690F828300446CD
:107D5000164683B1D0E90D20821AB24228BF3246BE
:107D600004F12C0001921EF0FEFE2046FFF7C2FF38
:107D700020B102B070BD01ABFFF786FF1DB1019BC2
:107D80002B600020F5E72846F3E72DE9F3411F4675
:107D900090F84430064688461546A3B1FFF78AFF9F
:107DA000044660B9326DAA4228BF2A46414606F110
:107DB000480001921EF002FF0FB1019B3B6020467C
:107DC00002B0BDE8F08101ABFFF744FF0446F3E7E2
:107DD0000128F0B516D8B9B10D4D682444432A19CD
:107DE000D378C3F3000713F001030FD15062285971
:107DF00000F07E4607483043285117711366184635
:107E00000A60F0BD0520FCE70620FAE70720F8E746
:107E1000F4D20010069EEA0108B558B10368064A7C
:107E200023F07E43934205D168220021EFF76EFFD5
:107E3000002008BD0220FCE7069EEA012DE9F74F6D
:107E40000D680446002D51D1D1E90376D1E9019A9C
:107E500067BB002800F09A8003684E4923F07E43F8
:107E60008B4240F0938006B13760BAF1000F01D128
:107E7000002005E03346524649462046FFF763FF9F
:107E800003B0BDE8F08F022026E0BAF1000F09D060
:107E90001020FDF7CBFE7A1C01D008F10108BAF1E1
:107EA000000F07D1002EE3D03560E1E7DFF8E4B042
:107EB000A846F4E74745F5D900230193002CE2D00A
:107EC000236823F07E435B45DDD101AB524609EBCD
:107ED00005012046FFF737FF019B1D44AAEB030A6B
:107EE0000028D2D0002ECBD03560C9E7012D4FD16C
:107EF000D1E90375D1E9019A37BB002846D0036860
:107F0000244923F07E438B4240D105B12F60BAF162
:107F1000000FADD02B46524649462046FFF735FFAD
:107F2000AEE7022027E0BAF1000F09D01020FDF7DC
:107F30007DFE7B1C01D008F10108BAF1000F08D1C9
:107F4000002D95D02E6093E70026DFF848B0B046AC
:107F5000F3E74745F4D900230193002CE1D02368CF
:107F600023F07E435B45DCD101AB524609EB0601B1
:107F70002046FFF70AFF019B1E44AAEB030A0028D4
:107F8000D1D0002D3FF47CAF2E6079E7022077E757
:107F9000072075E7069EEA01F8B503681646204AF1
:107FA00023F07E43934205460F462AD111F0500F2D
:107FB000446A04D1B9060BD49EB9002007E090F8BA
:107FC0004430002BF6D0FFF775FE0028F2D0F8BD44
:107FD00095F82830BBB12846FFF78CFE0028EBD07F
:107FE000F5E795F8283083B16B6B002BE5D104F5EC
:107FF00080231C331B039B691A07DED401233360E3
:10800000DBE70220E3E7002ED7D004F580231C3302
:108010001B039B691B07F1D500203060D7E700BF29
:10802000069EEA010368084A23F07E43934209D181
:10803000436A03F580231C331B0300209A6B114312
:108040009963704702207047069EEA010368094A57
:1080500023F07E4393420AD1436A03F580231C3305
:108060001B0300209A6B22EA0101996370470220EA
:10807000704700BF069EEA012DE9FF4103686D4F7E
:1080800023F07E43BB4205460E4640F0CF80446A53
:1080900004F580241C3424030023236390F8643007
:1080A000052B00F2C580002B4BD0013B5FFA83F813
:1080B000FDF7DCFF0190236B43F008032363236B80
:1080C00068F3061323630198FDF7D4FFFDF7CEFF95
:1080D0000290236B6FF300032363236B6FF3492339
:1080E0002363236B6FF3082323630298FDF7C2FF1A
:1080F000514B3268D968C9B2122902D1B2F5612F49
:108100001DD8DB68DBB2202B02D94C4B9A4216D823
:10811000236BC3F30213013BDBB2032B14D8484992
:1081200051F82310120191424FEA8113B1FBF2F092
:10813000B3FBF2F3A3EB80130CD200232B66414870
:1081400005E04FF00108B3E700233F482B6604B079
:10815000BDE8F08160626062A3629B0803EB0013DC
:10816000B1FBF3F32B66236B6FF38E332363236B27
:108170006FF3CF3323633269236B13432363736934
:10818000F268636373681343B268134343F01003E8
:10819000E362FDF76BFF0390236B43F0010323635E
:1081A000236B43F400732363236B43F480732363D3
:1081B0000398FDF75FFF2B6823F07E43BB4201D09D
:1081C0000020C4E7B169D6E90847B9B1F369ABB19A
:1081D000012205F12C0085F828201EF0BBFC20218F
:1081E0002846FFF71FFF0028EAD17CB9002485F854
:1081F000444050212846FFF729FFE1E7002385F896
:10820000283020212846FFF721FFECE7002FEDD092
:108210000122214605F1480085F844203B461EF026
:1082200099FC50212846FFF7FDFEC9E702208EE7A2
:1082300006208CE7069EEA010000024060E316007B
:10824000ACE9040003000008020000080368074AC4
:1082500023F07E43934201BF436A03F580231C331E
:108260001B0306BF0020596402207047069EEA01E6
:108270000368F7B51646314A23F07E43934205461C
:1082800056D1446A04F10807FFB221B1013901292E
:1082900027D9062023E016B10379002B4AD03846AF
:1082A000FFF70AFA002E47D004F58024FDF7DEFE22
:1082B0001C342403AB6800902362EB6863622B6973
:1082C000A3626B69E362AB692363EB6963632B6A47
:1082D000A363002400982C71FDF7CCFE204603B068
:1082E000F0BD04F580241C342403AEB1FDF7BEFEBE
:1082F0000190236AAB60636AEB60A36A2B61E36A57
:108300006B61236BAB61636BEB61A36B2B6201232E
:1083100001982B71FDF7AEFE4FF0FF312846002586
:10832000FFF794FF25633846FFF7FAF92846D6E7AA
:108330000220D4E70720D2E73046D0E7069EEA01C4
:10834000036810B5094C23F07E43A3420BD1436A66
:1083500003F580231C331B031AB11B6C0B60002038
:1083600010BDDB6BFAE70220FAE700BF069EEA01C8
:1083700082B000230193094B1B68013300D0FEE754
:108380004FF0800383F31188BFF36F8FBFF34F8FDC
:10839000019B002BFCD002B0704700BF3C4700108F
:1083A00008480068006880F308884FF0000080F3F8
:1083B000148862B661B6BFF34F8FBFF36F8F00DFD3
:1083C00000BF000008ED00E0DFF80C00016841F498
:1083D000700101607047000088ED00E04FF080738D
:1083E00040F8043C074B40F80C3C21F001016FF0D1
:1083F000020340F8081C40F8202C40F8243C443884
:10840000704700BF71830200000000000000000000
:10841000074B19680868B0E8F04F80F30988BFF38C
:108420006F8F4FF0000080F311887047AFF300802A
:10843000DCD300104FF0800383F31188BFF36F8FFC
:10844000BFF34F8F064A13680133012B136005D128
:10845000044B1B6813F0FF0F00D0FEE7704700BF0E
:108460003C47001004ED00E0044A136803B9FEE73E
:10847000013B13600BB983F3118870473C47001030
:10848000EFF30980BFF36F8F154B1A681EF0100FC2
:1084900008BF20ED108A20E9F04F10602DE9090097
:1084A0004FF0800080F31188BFF34F8FBFF36F8FC1
:1084B00001F090F84FF0000080F3118809BC1968B2
:1084C0000868B0E8F04F1EF0100F08BFB0EC108A3B
:1084D00080F30988BFF36F8F704700BFAFF3008050
:1084E000DCD3001008B54FF0800383F31188BFF38D
:1084F0006F8FBFF34F8F00F033FF18B1034B4FF076
:1085000080521A60002383F3118808BD04ED00E057
:10851000EFF305830F2B06D9084A9B5C084A1278B3
:108520009A4200D9FEE7074B074A1B68126803F41A
:10853000E063934200D9FEE7704700BFF0E300E03C
:10854000CCD300100CED00E0D0D300102DE9F047A3
:10855000294B2A4CD3F800A0D4F80090804672B67C
:10856000BFF34F8FBFF36F8FFFF78AFA244F054693
:108570003E6801F075F958B1D045236828BFD04650
:1085800008F1FF319B1B09FB01F12B448B4202D9FF
:1085900062B6BDE8F0870E44751B29460020FFF740
:1085A0007FFA0120691CFFF77BFA4046ECF76FFE6B
:1085B00020B1BFF34F8F30BFBFF36F8F4046ECF752
:1085C0006CFEFFF75DFA3B68C21A2368B2FBF3F159
:1085D00003FB1123C31A08463B6000F0B1FE0320E1
:1085E000FFF7A4FA21680020FFF75AFA216801205A
:1085F0000131FFF755FACBE7D8D30010D4D30010E0
:10860000C8D3001070B51B4E0546FFF739FA316824
:108610000446491B0020FFF743FA31680131491B2A
:108620000120FFF73DFA144A1068231A3068B3FBA3
:10863000F0F500FB1530241A1460EFF311834FF0AE
:10864000800282F31188BFF36F8FBFF34F8F002436
:10865000013D08D21CB1094B4FF080521A60002333
:1086600083F3118870BD00F07BFE002818BF012441
:10867000EEE700BFD4D30010C8D3001004ED00E033
:1086800008B50020FFF758FAC30707D50120FFF708
:108690004DFABDE808400020FFF7B4BF08BD000058
:1086A00008B50020FFF748FA83070BD50220FFF733
:1086B0003DFA054A1368013313600120BDE8084004
:1086C000FFF7A0BF08BD00BFC4D3001038B51D4DD3
:1086D0001D4A1E4C20232B601D4B03201A60FFF700
:1086E0001BFAE02384F817334FF40002226084F869
:1086F00018334FF0807323604FF48070FFF70CFA4B
:108700004FF4800323604FF04040FFF7AFF9044679
:10871000FFF7B6F90F4B296818600020FFF7C0F982
:10872000296801200131FFF7BBF924F0004020F057
:108730000F0040F44070BDE8384040F00300FFF700
:1087400095B900BFD4D30010FEFFFF0700E100E0A1
:10875000D8D30010C8D300102D4B2E4A13B519687A
:10876000914200D1FEE71A682B4B9A4200D1FEE7F6
:108770002A4B1A78D2B20192FF221A701B78284A2B
:10878000DBB28DF803309DF8033003F080031370E3
:10879000244B07221A6000219DF80300000602F115
:1087A000FF3405D401B11A601A68042A09D0FEE723
:1087B0009DF803205200D2B28DF8032001212246F9
:1087C000EAE74FF480621A60019B02F1E022DBB21B
:1087D0001370154B1A6842F460021A601A6842F06E
:1087E00060421A60FFF772FF104B00241C60FFF715
:1087F000EBFD0F4A136843F040431360FFF7D0FDD1
:1088000000F0E8FEFFF7B4FD204602B010BD00BF47
:1088100000ED00E071C20F4170C20F4100E400E0C2
:10882000CCD30010D0D3001020ED00E03C47001066
:1088300034EF00E010B50446FFF7FCFDA46BFFF732
:1088400013FEB4FA84F0400910BDF8B51546026C69
:10885000866B044652B9076847BB806801F06CF824
:10886000A76005460136A6632846F8BD65B940688D
:10887000EEF7E0FC6368226C1344A26863609342E5
:10888000F0D323686360EDE7C068EEF7D3FC226C99
:10889000E36851429B1A2268E36093423EBFA3689B
:1088A0005B18E360022D01D116B1013E0025D9E726
:1088B0003546D7E7034610B41A6C08466AB1DC683F
:1088C000996814448C4228BF1968DC6028BFD960BD
:1088D000D9685DF8044BEEF7ADBC5DF8044B70470A
:1088E00070B50446FFF7A6FD94F8455004F1240640
:1088F0006DB2002D14DCFF2384F84530FFF7B4FD82
:10890000FFF798FD94F8445004F110066DB2002D65
:1089100012DCFF2384F84430BDE87040FFF7A4BDAB
:10892000636A002BE7D0304600F0EAFE08B100F0A1
:1089300091FF013D6DB2DCE72369002BE9D03046A1
:1089400000F0DEFE08B100F085FF013D6DB2DEE70C
:1089500038B50D46044600B9FEE7FFF76BFDD4E9D4
:108960000F31226862604B43D0185B1A1344A06039
:10897000E3600020FF23A06384F8443084F845308E
:1089800095B9236963B104F1100000F0B9FE38B164
:108990000A4B4FF080521A60BFF34F8FBFF36F8FB7
:1089A000FFF762FD012038BD04F110001EF0D9F977
:1089B00004F124001EF0D5F9F2E700BF04ED00E059
:1089C00070B50D46064600B9FEE7484348301EF034
:1089D00009FA044648B155B100F14803C4E90F65EE
:1089E000236001212046FFF7B3FF204670BD0346F8
:1089F000F4E710B50C4600B9FEE7884200D2FEE766
:108A000002220021FFF7DCFF00B1846310BD0000EB
:108A10002DE9FF47884601921F46044600B9FEE74C
:108A200011B9036C03B1FEE7022F03D1E36B012BF5
:108A300000D0FEE700F02EFF064610B9019B0BB1F7
:108A4000FEE70026DFF8E8A04FF0000937E0019DBF
:108A50001DB9FFF709FD002050E016B902A800F08B
:108A6000C1FEFFF701FD00F055FCFFF7E3FC94F8B1
:108A70004430FF2B08BF84F8449094F84530FF2B16
:108A800008BF84F84590FFF7EFFC01A902A800F0A9
:108A9000B5FE002846D1FFF7CDFCA26BE36B9A42EE
:108AA0002FD1FFF7E1FC019904F1100000F0E4FD83
:108AB0002046FFF715FF00F0CDFC50B30126FFF76D
:108AC000B9FCA26BE36B9A4201D3022FBFD13A46A5
:108AD00041462046FFF7B9FE636A1BB104F124004A
:108AE00000F00EFE38B1124B4FF080521A60BFF307
:108AF0004F8FBFF36F8FFFF7B7FC012004B0BDE8C5
:108B0000F087FFF7B1FC2046FFF7EAFE00F0A2FC79
:108B1000D4E74FF08053CAF80030BFF34F8FBFF354
:108B20006F8FCBE72046FFF7DBFE00F093FC92E768
:108B300004ED00E038B548201EF054F9044678B141
:108B400000250121C0E90F150060FFF701FFA560B6
:108B50002560E5602B462A4629462046FFF758FF48
:108B6000204638BD2DE9F843894690461F46044605
:108B700000B9FEE711B9036C03B1FEE7022F03D180
:108B8000E36B012B00D0FEE7FFF7C2FCEFF3118689
:108B90004FF0800383F31188BFF36F8FBFF34F8FC4
:108BA000A26BE36B9A4201D3022F22D194F8455075
:108BB0003A466DB249462046FFF747FE6B1C13D17B
:108BC000636A0BB901200BE004F1240000F098FD6A
:108BD0000028F7D0B8F1000FF4D00120C8F8000049
:108BE00086F31188BDE8F88301356DB284F84550ED
:108BF000E8E70020F4E770B50D46044600B9FEE74B
:108C0000036C03B1FEE7036813B9836803B1FEE7A1
:108C1000FFF77EFCEFF311864FF0800383F311889A
:108C2000BFF36F8FBFF34F8FA26BE36B93421CD9DF
:108C300094F845100132FF294BB2A26310D1636A48
:108C40000BB9012009E004F1240000F059FD0028CF
:108C5000F7D0002DF5D00120286086F3118870BD73
:108C600001335BB284F84530EBE70020F5E7000004
:108C70002DE9F04385B00F460192044600B9FEE7A6
:108C800011B9036C03B1FEE700F004FE064610B90B
:108C9000019B0BB1FEE70026DFF8E0904FF00008E3
:108CA0003BE0019D1DB9FFF7DFFB002052E016B944
:108CB00002A800F097FDFFF7D7FB00F02BFBFFF7B2
:108CC000B9FB94F84430FF2B08BF84F8448094F833
:108CD0004530FF2B08BF84F84580FFF7C5FB01A98D
:108CE00002A800F08BFD00283DD12046FFF7A2FD31
:108CF00098B3019904F1240000F0BEFC2046FFF770
:108D0000EFFD00F0A7FB38B94FF08053C9F80030F1
:108D1000BFF34F8FBFF36F8F0126FFF78BFBA56B60
:108D2000002DBED039462046013DFFF7C3FDA563A7
:108D3000236963B104F1100000F0E2FC38B10F4B7D
:108D40004FF080521A60BFF34F8FBFF36F8FFFF762
:108D50008BFB012005B0BDE8F0832046FFF7C0FD86
:108D600000F078FBD8E72046FFF7BAFD00F072FB71
:108D70002046FFF75FFD0028CED096E704ED00E027
:108D80002DE9FF410446019100B9FEE7056C05B1EC
:108D9000FEE700F07FFD064610B9019B2BB1FEE710
:108DA0002E46DFF82081002749E00546F9E7019BC0
:108DB00023B905B1FEE7FFF757FB5EE016B902A83D
:108DC00000F010FDFFF750FB00F0A4FAFFF732FBB4
:108DD00094F84430FF2B08BF84F8447094F8453071
:108DE000FF2B08BF84F84570FFF73EFB01A902A8DE
:108DF00000F004FD00284AD12046FFF71BFD0028A3
:108E00003FD023683BB9FFF715FBA06800F052FD87
:108E10000546FFF729FB019904F1240000F02CFC22
:108E20002046FFF75DFD00F015FB38B94FF0805389
:108E3000C8F80030BFF34F8FBFF36F8F0126FFF7E5
:108E4000F9FAA36B002BB2D0013BA363236813B9DB
:108E500000F0F4FDA060236963B104F1100000F09C
:108E60004FFC38B1174B4FF080521A60BFF34F8F51
:108E7000BFF36F8FFFF7F8FA0125284604B0BDE86D
:108E8000F0812046FFF72CFD00F0E4FAD6E72046FB
:108E9000FFF726FD00F0DEFA2046FFF7CBFC0028A6
:108EA000CCD0002DE9D0FFF7C5FA616A19B1236B68
:108EB0001968C1F10501A06800F072FD0025FFF7F7
:108EC000D3FADAE704ED00E02DE9F843894690464D
:108ED000054600B9FEE711B9036C03B1FEE7FFF7E1
:108EE00017FBEFF311874FF0800383F31188BFF373
:108EF0006F8FBFF34F8FAC6B1CB395F8446049463E
:108F000076B22846FFF7D6FC013C731CAC6313D144
:108F10002B690BB901200BE005F1100000F0F0FB0C
:108F20000028F7D0B8F1000FF4D00120C8F80000F5
:108F300087F31188BDE8F883013676B285F844607E
:108F4000E8E72046F4E713B5044600B9FEE7FFF76B
:108F500071FAA06B0190FFF787FA019802B010BD7B
:108F600070B504460D461646FFF764FA94F844308F
:108F7000FF2B04BF002384F8443094F84530FF2BC6
:108F800004BF002384F84530FFF76EFAA36B2BB9BA
:108F90003246294604F1240000F09CFB2046BDE83F
:108FA0007040FFF79DBC0000094B0A4A1B6812681D
:108FB000D06A50B9084A1268012A07D833B9074B5A
:108FC0001868074B1B68C01A70470020704700BF25
:108FD00060D40010DCD30010E8D3001090D400104F
:108FE000D8D40010064A13681968064B19B94FF017
:108FF000FF321A6070471268D268D2685268F8E788
:10900000E0D3001090D40010F8B5164B164E1D6832
:109010000446306804300F461DF0D4FE631C33460E
:1090200007D137B131681148BDE8F84004311DF06F
:10903000A6BE1A682C19546007D30D4A1068196827
:10904000BDE8F84004311DF0A6BE0A4A1068196850
:1090500004311DF0A0FE084B1A68A24288BF1C60B4
:10906000F8BD00BFD8D40010DCD30010B0D400107D
:10907000E4D30010E0D3001090D400102DE9F84F95
:109080004FEA820A06465046DDF82C900D461F46F0
:109090001DF0A8FE804660B14FF490601DF0A2FE66
:1090A000044618B1C0F830803DB9FEE740461DF0D7
:1090B000F7FE4FF0FF30BDE8F88F5246A52140463D
:1090C000EEF724FE226BAAF1040A92446B1E2AF0EA
:1090D000070A04F134020F3513F8011F02F8011BCF
:1090E000197809B1AB42F7D10A9D042D28BF042598
:1090F0004FF0000B04F10408C4E9115BE56240463F
:1091000084F843B01DF038FEC5F1050504F11800E0
:109110001DF032FEC4F878B44FF4856259462461DC
:10912000A561646284F87CB404F15000EEF7EEFDB2
:1091300004F54F73636504F56973A36504F20C438A
:10914000E36501220023C4E93E233C4A3C4BC4E9C9
:1091500040233C4BC4F808310B23A4F80C313A46A9
:1091600031465046FFF73AF92060B9F1000F01D0BF
:10917000C9F80040FFF75EF9334B344D1A68344E9E
:1091800001321A602A68002A4DD12C601B68012B1D
:1091900025D13048DFF8F4902F4F1DF0E2FD2F4825
:1091A0001DF0DFFD2E481DF0DCFD2E481DF0D9FD21
:1091B0002D481DF0D6FD48461DF0D3FD38461DF064
:1091C000D0FD2A481DF0CDFD29481DF0CAFD2948D3
:1091D0001DF0C7FD284BC3F80090284B1F60284A9C
:1091E000136801331360274AE36A11688B4288BF12
:1091F0001360184A142000FB032041461DF0BFFDF8
:10920000FFF732F9336863B12B68DA6AE36A9A428E
:1092100007D21D4B4FF080521A60BFF34F8FBFF340
:109220006F8F012047E73368002BD8D12B68DA6AAB
:10923000E36A9A4298BF2C60D1E700BF0E33CDABF2
:1092400034126DE6ECDE05004CD40010DCD30010C7
:10925000ACD40010E8D3001078D40010FCD3001078
:1092600010D4001024D4001038D4001098D400106A
:10927000C4D40010B0D40010E0D30010E4D3001028
:109280005CD4001060D4001004ED00E064D4001041
:1092900013B5184B0193002417491848009423462E
:1092A0004FF48072FFF7EAFE01281DD100F016FC92
:1092B000012819D14FF0800383F31188BFF36F8F1A
:1092C000BFF34F8F0E4B0F4A1B68503313600E4B8A
:1092D0004FF0FF321A600D4B18600D4B1C6002B04E
:1092E000BDE81040FFF738BA013000D1FEE702B008
:1092F00010BD00BF8CD40010BCE904002D95020005
:10930000DCD30010702C001090D40010ACD40010EE
:10931000D8D40010024A136801331360704700BFAD
:1093200058D40010014B1868704700BFD8D4001003
:1093300008B5FFF7EDF8014B186808BDD8D4001048
:10934000054B06491A68096802448A4200D9FEE7BB
:109350001A68104418607047D8D4001090D40010D8
:109360002DE9F84F304B1B68002B57D12F4B1D6850
:1093700001351D607DB92E4B1A68126802B1FEE7F7
:109380002C4A19681068186011602B4A1368013361
:109390001360FFF727FE294F3B68AB424FF00006F2
:1093A00007D9274B1B68002B0CBF30460120BDE8B6
:1093B000F88FDFF87C80DFF89490DFF894A0D8F87D
:1093C00000301B681BB94FF0FF333B60E9E7D8F86A
:1093D0000030DB68DC6863689D42F6D304F1040B5F
:1093E00058461DF0EFFCA36A1BB104F118001DF0F4
:1093F000E9FCE36AD9F800201420934200FB03A0A3
:10940000594688BFC9F800301DF0B9FC0D4BE26A1F
:109410001B68DB6A9A4228BF0126D0E70A4A136814
:10942000013313600026BCE758D40010D8D40010D4
:10943000E0D30010E4D3001094D4001090D40010B6
:10944000DCD40010DCD3001054D4001060D4001021
:10945000E8D30010F7B52C4C236803B9FEE7FEF7FC
:10946000E9FF2368013B236024682CB10024FEF748
:10947000FBFF204603B0F0BD244B1B68002BF5D04A
:10948000234D244E244F1EE0EB68DC6804F11800E5
:109490001DF098FC211D084601911DF093FCE36A24
:1094A000326801991420934200FB037088BF336037
:1094B0001DF065FC194BE26A1B68DB6A9A4202D315
:1094C000174B01221A602B68002BDDD10CB1FFF77E
:1094D00089FD144D2C6844B1114E0127FFF740FF60
:1094E00000B13760013CF9D12C600D4B1B68002B9B
:1094F000BCD00D4B4FF080521A60BFF34F8FBFF3BB
:109500006F8F0124B3E700BF58D400104CD4001073
:1095100098D4001060D40010E8D30010DCD3001001
:10952000DCD4001054D4001004ED00E02DE9F0412B
:10953000214FDFF89C80214D214E2B68C3B9214B70
:109540001B68012B07D94FF08053C8F80030BFF3D8
:109550004F8FBFF36F8FFFF727FD0128EBD9FFF780
:10956000D9FE194B1A68194B1B689A421AD2FEE7AA
:10957000FEF760FFFB68DC68201D1DF023FC3368EC
:10958000013B33602B68013B2B60FEF76DFF04F15C
:109590005000EEF703FC206B1DF082FC20461DF00E
:1095A0007FFCCAE7FFF700FD012801D9FEF7CEFFD7
:1095B000FFF750FFBFE700BFC4D4001050D4001025
:1095C0004CD40010E8D3001090D40010D8D4001070
:1095D00004ED00E0F8B5224B1A68224B12B10122CB
:1095E0001A60F8BD204C1A6023681B6B1A68B2F130
:1095F000A53F0BD15A68B2F1A53F07D19A68B2F1E5
:10960000A53F03D1DB68B3F1A53F04D020682168F2
:109610003431EBF743FE154E154A33684FF0140C06
:1096200017460CFB03F150185558A5B14568083191
:109630006D6845600A44954204BF6A68426014221E
:1096400002FB03725268D268226033602368094AC1
:1096500050331360C5E703B9FEE7013BE1E700BF04
:1096600058D40010DCD40010DCD3001060D40010FB
:10967000E8D30010702C001010B50C4600B9FEE7BE
:10968000054B196818311DF086FB20460121BDE805
:109690001040FFF7B9BC00BFDCD3001010B5144672
:1096A00000B9FEE7094B1B6803B9FEE7084B1A68CF
:1096B00041F000419161196818311DF060FB2046AE
:1096C0000121BDE81040FFF79FBC00BF58D4001037
:1096D000DCD3001038B50D46144600B9FEE7074B41
:1096E000196818311DF04BFB002C21460CBF284691
:1096F0004FF0FF30BDE83840FFF786BCDCD30010E8
:10970000C36813B5DC6804B9FEE704F11801084624
:1097100001911DF057FB134B01991B68FBB9211DEB
:10972000084601911DF04EFB0F4AE36A106801994B
:10973000834288BF13600D4A142000FB03201DF0F4
:109740001EFB0B4BE26A1B68DB6A9A4285BF094B22
:10975000012000201860FFF745FC02B010BD06484C
:10976000EDE700BF58D4001060D40010E8D300101B
:10977000DCD30010DCD4001098D40010144A126816
:1097800013B502B9FEE7C46841F00041016004B9B5
:10979000FEE71DF017FB211D084601911DF012FB8D
:1097A0000C4AE36A10680199834288BF13600A4A31
:1097B000142000FB03201DF0E2FA084BE26A1B684C
:1097C000DB6A9A4282BF064B01221A6002B010BDCA
:1097D00058D4001060D40010E8D30010DCD300107F
:1097E000DCD40010034B1B680360034B1B68436011
:1097F000704700BF94D40010D8D4001070B50C4648
:10980000054600B9FEE701B9FEE7FEF713FE0F4B70
:10981000196823685A1C10D00D482E6800686A68C1
:10982000864201D08A420FD9881A83420AD95B1A2C
:10983000134423602846FFF7D5FF0024FEF714FEEB
:10984000204670BD002323600124F7E7D8D4001020
:1098500094D40010014B01221A607047DCD4001030
:10986000084B186860B9084B1B6853B9074B186858
:10987000074B1B68013B984214BF01200220704730
:109880000020704798D40010DCD40010B0D4001031
:109890004CD40010054B1B6833B1054B1B68002BE3
:1098A0000CBF02200020704701207047ACD400108C
:1098B00058D4001073B5044650B31C4AC36A1168EB
:1098C000C96A8B42164629D28269194D002AA1BF66
:1098D0003268D26AC2F105028261142202FB03538C
:1098E00042699A4216D1011D084601911DF06AFA9B
:1098F0003368104ADB6A10680199E36283424FF0D3
:10990000140000FB035088BF13601DF038FA0120DB
:1099100002B070BD3368DB6AC362F8E71368406C5D
:10992000DC6AA0422CBF00200120F1E7DCD300104C
:10993000E8D3001060D4001013B510B9002002B0B5
:1099400010BD144B1C68844200D0FEE7A36C03B921
:10995000FEE7E16A626C013B9142A364EED0002B0A
:10996000ECD1211D084601911DF02CFA636C019980
:10997000E362C3F10502A261074A1068834288BF0F
:109980001360064A142000FB03201DF0F8F90120A3
:10999000D5E700BFDCD3001060D40010E8D300107E
:1099A00037B50446002834D0826C02B9FEE7436C18
:1099B000994238BF1946C36A8B422AD0012A28D15E
:1099C000154A1268824200D1FEE78269134DC162D6
:1099D000002A4FF0140202FB03534269A4BFC1F1F5
:1099E000050181619A4214D1011D084601911DF0C3
:1099F000E9F90B4AE36A1068019983424FF01400B9
:109A000000FB035088BF136003B0BDE830401DF079
:109A1000B6B903B030BD00BFDCD30010E8D30010EE
:109A200060D40010044B1A68196890691A68CB6AF0
:109A3000C3F1050393617047DCD30010044B1A682F
:109A40001AB119688A6C01328A641868704700BFBD
:109A5000DCD30010F8B50D4CFEF7ECFC25688DB991
:109A60000B4F0C4E38461DF07CF930461DF079F94D
:109A7000094B1F60094B2A4610210F201E60FEF77C
:109A80009FFF2060BDE8F840FEF7EEBC14D5001043
:109A9000E8D40010FCD40010E0D40010E4D400108E
:109AA000914208B5416000610AD8D21A83699A428E
:109AB0000DD2084B011D18681DF06DF9002008BD7E
:109AC0009A4201D2994202D2034B011DF3E70120D1
:109AD000F5E700BFE4D40010E0D4001007B5FFF7AD
:109AE000B9FF094B1B685BB1084B0193032300933B
:109AF0000749084800234FF40062FFF7BFFA00B996
:109B0000FEE703B05DF804FB14D5001018D5001073
:109B1000C1E90400019C02002DE9F04180462820A3
:109B20000D4617461E461DF05DF9044668B105B99D
:109B3000FEE7FFF78FFF069BC4F80080C4E90657D5
:109B400026626362201D1DF017F92046BDE8F081F2
:109B50007FB5164604461A4600B9FEE70D4D286843
:109B600080B10529CDE9001602940DDCFFF792FEC5
:109B70000023022808BF089A286818BF1A466946B9
:109B8000FEF746FF04B070BD00236946FEF7EAFF0A
:109B9000F8E700BF14D50010F0B5174D85B00027C9
:109BA0002B681A682AB9154A11682960136005B034
:109BB000F0BDDB68DC681E68211D084603911DF0BE
:109BC00001F9636A20469847E3690399012BE7D1BD
:109BD000A36933449E4205D22868636024611DF066
:109BE000DAF8DDE700230097324619462046FFF7F2
:109BF000AFFF0028D4D1FEE7E0D40010E4D4001079
:109C00002DE9F04F674FDFF8A8A187B0B9463B6850
:109C10001E684EB3DB681E680024DFF898B1FFF7BA
:109C200079FBFFF77FFBDBF8003098420546D8460A
:109C30001CD3CBF800001CB35B4B1B681C68B4FA48
:109C400084F46409594B22461868711BFFF788F9A0
:109C5000FFF700FC80B94FF08053CAF80030BFF323
:109C60004F8FBFF36F8F07E00124D6E7FFF794FF14
:109C7000CBF80050FFF7EEFB4C4E4FF0000B2DE001
:109C80008642DFD8FFF7E6FBD9F80030DB68D3F86F
:109C90000CB00BF104001DF095F8DBF81C30012B23
:109CA00011D1DBF8181033462A4631445846FFF7E5
:109CB000F7FE40B100942346324621465846FFF74E
:109CC00047FF00B9FEE7DBF8243058469847D3E752
:109CD000039B05999847029B002B0ADA3068002203
:109CE00002A9FEF7C5FF002891D0029B0498002B23
:109CF000EEDB049C63692BBBFFF714FBD8F8003044
:109D00009842054601D2FFF747FF029BC8F8005072
:109D1000092BE3D801A252F823F000BF4D9D0200A9
:109D20004D9D02004D9D0200DD9C0200859D0200BC
:109D30009B9D02004D9D02004D9D0200DD9C020096
:109D4000859D0200201D1DF03DF8D5E7A169039B0C
:109D50002A4619442046FFF7A3FE0028BED0636AB6
:109D600020469847E369012BB8D1A2690399CDF841
:109D700000B000230A4420461946FFF7E9FE0028F8
:109D8000ACD1FEE70399A16101B9FEE72B462A4653
:109D900029442046FFF784FEA0E720461DF080F806
:109DA0009CE700BFE0D40010E4D4001014D50010EC
:109DB00004ED00E010D500101FB514461A466FF0F0
:109DC0000103CDE900300548CDE9021400236946BE
:109DD0000068FEF7C7FE04B010BD00BF14D5001028
:109DE000024B1B6803B11847704700BF28D500100D
:109DF00008B1FFF7F5BF70472DE9F043404A414CE9
:109E0000DFF82091002313603F4A8FB007461360AC
:109E10004FF00B083B490020FAF734F9014618B916
:109E20002068FAF7F7F930B1FFF7E2FF012528467D
:109E30000FB0BDE8F083354E0FCE01AD0FC596E8EB
:109E4000070085E80700206801A9FAF76BF90028E8
:109E5000EAD11FB14FF47A7009F064FB2068FBF778
:109E6000D9F8054600B34D4520684FF0010110D1E7
:109E7000FAF7D0F90028D7D12068FAF733F900288B
:109E8000D2D1B8F10108D1D04FF47A7009F04AFB71
:109E9000C0E7FAF7BFF90028C6D12068FAF722F91F
:109EA0000028C1D12846BFE720680821FBF71EF92A
:109EB000206840F28121FAF7C5FE206840F2812136
:109EC000FAF794FE124B4FF480521A604FF402637B
:109ED000104911484FF482721CF03CFE0F4B1D607C
:109EE000002FA4D001A90120FDF752FB0C4A039BCF
:109EF0001360029B190A1B0C1171537197E700BF85
:109F000030D50010906F021024D50010CC9F0400B3
:109F100000E100E0AC6F0210946F02102CD500102D
:109F20001CD500100B00000870B5124808F08FFD1A
:109F3000114B4FF48052C3F88020BFF34F8FBFF313
:109F40006F8F0E4C0E4D20680E4E0121FAF762F90C
:109F5000B3689B0408D42068FAF7C4F80A4A0023BF
:109F600013600A4A136070BD013DF4D01020FBF766
:109F70005DFEEDE7CC77021000E100E0906F02108B
:109F800041420F000010024030D5001024D50010CF
:109F900038B50C461449D1E902539D4205D14FF022
:109FA0001060FFF71DFF204638BDFF2C01D90F4878
:109FB000F7E74B690968651C5D500B44002103F805
:109FC000040F8C420AD80122002107481CF0CBFD67
:109FD000074B0121187808F0A3FBE4E7505C03F875
:109FE000010F0131EDE700BF946F0210010000097D
:109FF00022D50010054B1870054B02229A72187377
:10A00000044B032218739A72704700BF22D50010C8
:10A01000CC770210806F021010B50A4C0121206825
:10A02000FAF702FE01462068FAF70CFE064A1368AA
:10A0300001331360054BBDE810401878012108F08A
:10A040006FBB00BF906F02102CD5001022D50010FE
:10A050000F2808B5014605D8034B1868FBF746F8EA
:10A06000012008BD0020FCE7906F021013B500230B
:10A070000093ADF80430044658B101460622684604
:10A080001FF04EF928B1044B22681A60A2889A800A
:10A09000012002B010BD00BF1CD50010024A0621ED
:10A0A0004FF6324000F0ECBD1CD5001003490448C7
:10A0B0004FF402634FF482721CF04CBDAC6F02107F
:10A0C000946F02102DE9F84F8B78022B08D100F025
:10A0D000D2FCBDE8F84F5B4842F2107108F0B2BC08
:10A0E000594E5A4D31682B6899423446A94616D9C3
:10A0F000574A1068C91A184489B201F0D7FF2B6873
:10A10000184433682860984206D0524B01211878D1
:10A11000BDE8F84F08F004BB002333602B60002536
:10A12000DFF84CB12B462E46B3F57A7F03F10108D8
:10A1300043D2494BD3F80C331A06C3F3C01159D597
:10A140004048DBF8007008F082FC3E4842F2107193
:10A1500008F078FC00232360404B3B4A40491868D4
:10A16000FAF7F4FC2268B2F5807F824602D93D48B6
:10A17000FFF736FEBAF1000F2ED14FF4FA6A364BD4
:10A18000D3F80C23130609D5DBF80020BA4205D119
:10A19000012009F0D7F9BAF1010AF0D12C4B21883E
:10A1A000186801F083FF2368C9F8000098420BD0BB
:10A1B000284B0121187808F0B3FAB8F57A7F3ED120
:10A1C0002948FFF70DFE0AE0002301352360C9F896
:10A1D0000030032D2CD9EBE75046FFF709FEFFF7BF
:10A1E000A3FE0020FFF708FEFFF760FFBDE8F84F71
:10A1F00005F038BA1D4FBB68002BDED078697B684C
:10A20000C218C358154804320068FAF7A7FA824604
:10A2100080B90C4808F01BFC0A4842F2107108F0A3
:10A2200011FC0122514638461CF0C8FC5646D04667
:10A23000434679E7013642F210739E42CAE7BDE811
:10A24000F88F00BFCC77021030D5001024D5001055
:10A250004047001022D5001000C00050906F02103F
:10A26000806E02100200000906000009946F0210BF
:10A270002CD50010054BDB6F9A0605D5044B1B68E7
:10A280009B0601D500F05ABA00F0B2BAF877021076
:10A290004447001008B500F01FFCBDE80840FFF778
:10A2A000FDBE000013B503780E2B1DD10379C178D4
:10A2B00001EB032189B242F20303994200F1060443
:10A2C00000F0938025D841F2010399424FD00DD878
:10A2D00040F60343994255D040F66343994260D01B
:10A2E00040F60143994254D002B010BD42F201033E
:10A2F000994252D042F20203994255D041F20903E9
:10A300009942F1D15A48214608F024FC00F07CFA29
:10A31000EAE742F22403994200F0898013D842F21E
:10A320001803994200F0918042F21C03994255D0E3
:10A3300042F20F039942D7D14E4B827983F87820AD
:10A3400000F06EFAD0E742F22F03994262D006D8AD
:10A3500042F22A039942C7D18279464B55E042F234
:10A360003B03994209D842F239039942BCD9414B87
:10A37000D3F89030002B5ED1B6E742F24A039942FF
:10A38000F5D0B1E73C4B3D4800221A7000F0BCFB11
:10A39000AAE73B4800F0DDFAA6E73A4800F0C7FB21
:10A3A000A2E700F05CFB9FE7C1798279314B02EBB9
:10A3B0000122A3F87220027A334983F87720C96812
:10A3C000C9B220299CBF02F1FF3283F8772093F8AD
:10A3D000772083F8762000F03FFA85E720686168EF
:10A3E0002A4B03C300F044FA7EE7C379827902EB7B
:10A3F0000322204B5106DA6706D5254A1268520619
:10A4000002D500F00CFC6FE7002283F88120FFF7F3
:10A4100031FF69E7437A017A01EB0321C37980793F
:10A4200000EB032089B280B200F045F95CE7114AE5
:10A43000D2F8903013B12046984755E7A2F8823001
:10A44000A2F8843000F0D4F94EE70B4A1378022BBF
:10A4500002D801331370F5E70E4A00235376ADF8A6
:10A4600004308DF8063001A8936898473CE700BF98
:10A4700054780210F877021034D50010C9E90400AE
:10A48000D9E90400D1E90400000002404C78021030
:10A4900044470010A87B021012207047704738B55F
:10A4A0000446C81C80B20D4608F0C2F818B104700A
:10A4B000240A4470857038BD73B5024618B1174838
:10A4C000002108F0C4F8164DAC7E44B10DF107012F
:10A4D00005F1100008F0DAF8064618B90024204605
:10A4E00002B070BD01F0D5FD01280446F6D10DF192
:10A4F000070105F1100008F0C0F8AB7E013BAB7618
:10A5000072783378304603EB02232B8308F09CF8F3
:10A510000A21284608F092FAE1E700BFEC77021022
:10A52000DC770210054B0022C3E9042201229A764F
:10A530009A72034A127E1A73704700BFDC770210CA
:10A54000A87B021008B5FFF7EFFC0020FFF754FCD2
:10A55000BDE8084005F086B810B5054C204608F067
:10A5600076FA0123A3760020BDE81040FFF7A4BFD0
:10A57000DC77021038B504460D4640F20640032150
:10A58000FFF78DFF38B1C470240A04714571BDE82E
:10A590003840FFF791BF38BD38B505460C4642F24A
:10A5A00013000E21FFF77BFF20B3C5702D0A057144
:10A5B000228842712288120A82716288C27162887E
:10A5C000120A0272A2884272A288120A8272E28879
:10A5D000C272E288120A0273228942732289120A25
:10A5E00082736289C2736289120A0274BDE83840BC
:10A5F000FFF762BF38BD2DE9F84F0646884642F2A4
:10A6000020000E21BDF828B0BDF82CA0BDF8309078
:10A6100017461D46FFF743FF08B3C67080F8058054
:10A62000360A4FEA1828C77145723F0A2D0A4FEAC9
:10A630001B214FEA1A224FEA1923067180F806807F
:10A640000772857280F80BB0017380F80DA08273D9
:10A6500080F80F900374BDE8F84FFFF72DBFBDE8F9
:10A66000F88F38B504460D4642F221000321FFF76A
:10A6700016FF38B1C470240A04714571BDE8384032
:10A68000FFF71ABF38BD70B506460D4642F22200EC
:10A6900006211446FFF703FF60B1C6704571360A04
:10A6A0002D0AC471240A067185710472BDE87040D8
:10A6B000FFF702BF70BD38B505460C4642F22400D4
:10A6C0000421FFF7ECFE48B1C57044712D0A240A3D
:10A6D00005718471BDE83840FFF7EEBE38BD08B59E
:10A6E000002142F22500FFF7DAFE18B1BDE808406C
:10A6F000FFF7E2BE08BD38B505460C4642F226001B
:10A700004021FFF7CCFEC0B12B46C21C05F1200151
:10A7100053F8045B42F8045B8B42F9D1214600F107
:10A72000230304F1200251F8044B43F8044B9142F7
:10A73000F9D1BDE83840FFF7BFBE38BD08B50021EC
:10A7400042F22F00FFF7ABFE18B1BDE80840FFF75B
:10A75000B3BE08BD38B505460C4642F217002021AD
:10A76000FFF79DFEC0B12B46C21C05F1100153F846
:10A77000045B42F8045B8B42F9D1214600F11303DC
:10A7800004F1100251F8044B43F8044B9142F9D103
:10A79000BDE83840FFF790BE38BD10B50221044631
:10A7A00042F21B00FFF77BFE30B1C470240A047133
:10A7B000BDE81040FFF780BE10BD38B505460C4619
:10A7C00042F21A001221FFF76AFE80B1C5702D0A0D
:10A7D00005712146431D04F1100251F8044B43F862
:10A7E000044B9142F9D1BDE83840FFF765BE38BD52
:10A7F00008B5002142F21800FFF751FE18B1BDE87C
:10A800000840FFF759BE08BD08B5002142F202001A
:10A81000FFF745FE18B1BDE80840FFF74DBE08BD83
:10A8200008B5002142F20300FFF739FE18B1BDE878
:10A830000840FFF741BE08BD10B50221044642F2B0
:10A840001600FFF72CFE30B1C470240A0471BDE875
:10A850001040FFF731BE10BD08B5002142F21C00C8
:10A86000FFF71DFE18B1BDE80840FFF725BE08BD83
:10A8700008B5002142F20F00FFF711FE18B1BDE844
:10A880000840FFF719BE08BD10B50121044642F289
:10A890000A00FFF704FE20B1C470BDE81040FFF7C6
:10A8A0000BBE10BD70B505460E4642F208002021D1
:10A8B000FFF7F5FD044688B1031DC5702A463146F1
:10A8C0001846ECF7B7FCC5F11F0228440021EDF74C
:10A8D0001DFA2046BDE87040FFF7EEBD70BD2DE9C2
:10A8E000F74F06460D4699460F219DF83030DDF8AA
:10A8F00034B09DF838809DF83C70019342F2060018
:10A900009246FFF7CCFD044600B3C6704571019B2B
:10A9100080F807A0360A2D0A0671857180F8089024
:10A920000A306372BBF1000F0DD0594608F012F9DE
:10A9300004F1100080F800804770204603B0BDE8A5
:10A94000F04FFFF7B9BD08F012F9F3E703B0BDE827
:10A95000F08F10B50821044642F20100FFF79FFD79
:10A9600048B12268C0F803206268C0F80720BDE83B
:10A970001040FFF7A1BD10BD38B505460C4642F2A8
:10A980000C000221FFF78BFD28B1C5700471BDE8F2
:10A990003840FFF791BD38BD2DE9F84380460E469B
:10A9A00042F20B0007219DF8209015461F46FFF745
:10A9B00076FD70B106718571360A2D0A80F8038024
:10A9C0004671C571077280F80990BDE8F843FFF73A
:10A9D00073BDBDE8F88370B505460E4642F2090026
:10A9E0002021FFF75CFD044688B1031DC5702A468F
:10A9F00031461846ECF71EFCC5F11F022844002121
:10AA0000EDF784F92046BDE87040FFF755BD70BDF5
:10AA1000F8B506460F4642F219001C2115461C46A1
:10AA2000FFF73DFDD0B1C670360A06713B68C0F82D
:10AA300005307B6845732D0AC0F8093085732346BD
:10AA400000F10F0204F1100153F8044B42F8044BDB
:10AA50008B42F9D1BDE8F840FFF72EBDF8BD08B52F
:10AA6000002141F20900FFF71AFD18B1BDE80840C6
:10AA7000FFF722BD08BD08B5002141F20100FFF734
:10AA80000EFD18B1BDE80840FFF716BD08BD10B5B2
:10AA90000221044641F20540FFF701FD30B1C470C8
:10AAA000240A0471BDE81040FFF706BD10BD000088
:10AAB00007B507480DF1070107F0DFFD28B9054B81
:10AAC00001229A7603B05DF804FB07F0BDFDF0E7C4
:10AAD000EC770210DC77021007B514238DF80230F2
:10AAE000084B6846DB689847FFF7E2FF002140F615
:10AAF0000340FFF7D4FC08B1FFF7DEFC03B05DF8BC
:10AB000004FB00BFA87B021010B50821044640F6E4
:10AB10000140FFF7C4FC48B12268C0F80320626816
:10AB2000C0F80720BDE81040FFF7C6BC10BD10B547
:10AB30000821044640F66340FFF7B1FC48B12268A3
:10AB4000C0F803206268C0F80720BDE81040FFF796
:10AB5000B3BC10BD38B505460C4640F67C40042118
:10AB6000FFF79DFC48B1C57044712D0A240A057198
:10AB70008471BDE83840FFF79FBC38BD2DE9F04136
:10AB800080460F4642F22700272115461E46FFF752
:10AB900086FC044600B380F803803946043007F091
:10ABA000D9FF2A4604F10A0305F1100152F8040BFB
:10ABB00043F8040B8A42F9D1334604F11A0206F134
:10ABC000100153F8040B42F8040B8B42F9D12046D4
:10ABD000BDE8F041FFF770BCBDE8F08170B50646F6
:10ABE0000D4642F228000721FFF759FC044648B100
:10ABF000C6702946043007F0ADFF2046BDE870401E
:10AC0000FFF75ABC70BD08B5002142F22900FFF7DA
:10AC100046FC18B1BDE80840FFF74EBC08BD08B5BA
:10AC2000002142F22A00FFF73AFC18B1BDE80840C3
:10AC3000FFF742BC08BD10B50121044642F22D00C9
:10AC4000FFF72DFC20B1C470BDE81040FFF734BC05
:10AC500010BDF8B507460E4642F24E0008211546D3
:10AC6000FFF71DFC044650B1C7703146043007F0B1
:10AC700071FFA5722046BDE8F840FFF71DBCF8BD86
:10AC800070B50D461646FFF70AFC044648B12A4641
:10AC900031460330ECF7CEFA2046BDE87040FFF7AE
:10ACA0000BBC70BD094B1A8A82420AD09A8D82422F
:10ACB00009D0B3F84820383382420CBF1846002030
:10ACC00070471846704703F11C007047F877021070
:10ACD0000A4B198A4FF6FF72914207D0998D914223
:10ACE00009D0B3F84810914204D1383300221882B9
:10ACF000DA751A8370471C33F8E700BFF877021043
:10AD000010B5044601F0B4F950B1637E054A013331
:10AD1000637692F8763013B1013B82F876300120E9
:10AD200010BD00BFF877021070B50E4604461546F8
:10AD300000F0A2FAB04216D2331A63822B18C4E98B
:10AD400000530123A375A870000AE8702946204625
:10AD5000FFF7D6FF012805D000202060A075AE7057
:10AD6000360AEE7070BD29462046BDE87040FFF7F8
:10AD7000C7BF38B504460846A37D3BB1658A25B9EF
:10AD8000206807F061FC2560A57538BD0029FCD05E
:10AD9000BDE8384007F058BC70B50446002838D1EB
:10ADA000204C03234FF6FF72218A914201D0A17DEE
:10ADB00079BB013B13F0FF0304F11C04F4D100261E
:10ADC000304670BD658A002DF9D06368228A1A70FA
:10ADD000238A62681B0A43F01003537063689D70F6
:10ADE00063682A0ADA7061682046FFF789FF012844
:10ADF00006460CD1638A5B1B9BB2638213B1606809
:10AE00002844606061682046FFF7B3FFD8E7012659
:10AE1000D6E7658A00F030FA8542D3D300F02CFAE9
:10AE20000546D0E7F87702102DE9F743254D50B1DC
:10AE300095F87630184495F87730C0B2984228BF1C
:10AE4000184685F87600DFF880804FF0000995F805
:10AE500076301BB9484603B0BDE8F0830020FFF709
:10AE60009BFF0028F3D10DF10701404607F00EFCCF
:10AE700004460028EED04378007800EB032080B22F
:10AE8000FFF710FF0746A8B1E378A17801EB032193
:10AE9000224689B2FFF748FF01280646DAD10DF1B4
:10AEA0000701404607F0E9FB21463846FFF761FFFE
:10AEB000B146CCE70DF10701404607F0DEFB07F095
:10AEC000C3FBC4E7F87702105C78021038B5124C67
:10AED000238A834207D0A38D834219D0B4F8483027
:10AEE000834217D13834206818B107F0ADFB002336
:10AEF0002360A0680025A57510B107F0A5FBA5602B
:10AF00004FF6FF73607E2382BDE83840FFF78CBFA9
:10AF10001C34E8E738BD00BFF87702102DE9F04196
:10AF2000437890F80080C278867808EB032808F40C
:10AF30004051C8F30B080546404606EB0226FFF7D2
:10AF4000B1FEB6B2044638B90027284607F07CFBAC
:10AF50003D462846BDE8F081B1F5005F3DD18068EF
:10AF600018B107F071FB0023A360032EECD96B79B5
:10AF70002F79274A07EB0327B2F87020BFB2FB1CDA
:10AF80009342E1DAB342E4DB07F10800002180B22A
:10AF900007F056FBA0600028D6D0431CE36080F881
:10AFA0000080E3684FEA18285A1CE26083F80080AA
:10AFB000E36804375A1CE2601F70E3685A1CE260C1
:10AFC0003A121A70E0683246291DECF733F9E3684B
:10AFD0003344BE1BE360A682B6E7B1F5805FB3D110
:10AFE0008368002BB0D0838AB342ADD33246C068A9
:10AFF000291DECF71FF9E368A28A3344961BB6B209
:10B00000E360A682002E9FD1A768A6609DE700BFDF
:10B01000F87702100F4B4FF6FF7119829985A3F84C
:10B0200048101B21A3F8701040F20531A3F87410EA
:10B030000949C968C9B2202988BF4FF401714FF08E
:10B04000000288BFA3F87410C3E91922C3F8902046
:10B0500000F08CB8F877021000000240F7B5194CE8
:10B060000DF10701204607F008FB054630BB164CE2
:10B0700003264FF6FF7754F81C0C18B107F0E4FADA
:10B0800044F81C5C54F8140C04F8065C18B107F082
:10B09000DBFA44F8145C14F8030C24F80C7C013E31
:10B0A000FFF7C2FE16F0FF0604F11C04E3D1054BC6
:10B0B00001225A76FFF7EEF803B0F0BD07F0C4FAAC
:10B0C000CEE700BFA87B021014780210014BA3F852
:10B0D00070007047F87702102DE9F0414378057849
:10B0E00005EB0325ADB201462846FFF7DBFD074619
:10B0F00070B30A468C7891F803801948194E0021E4
:10B1000007F0A5FA164807F02CFC012805D196F89F
:10B11000763013B10020FFF787FE00F0ADF804EBA6
:10B120000824A4B2013C94FBF0F33C7E0133234499
:10B13000DBB23B7696F874209A420ED8FB7D63B959
:10B14000094B0121F97528465B69BDE8F0411847B4
:10B15000BDE8F041084607F077BABDE8F08100BFCE
:10B160005C780210F8770210A87B0210FFF7DAB9BA
:10B170002DE9F84F04464FF0000A14F8059B1B4ECA
:10B18000DFF86C80574609F1FF395FFA89F9B9F1A8
:10B19000FF0F04D15046BDE8F84FFFF745BE14F845
:10B1A000033C14F8045C14F802BC05EB0325ADB2B3
:10B1B0002846FFF777FDB0B1427E5B46D21A427651
:10B1C000027ED21AC37DD2B2DA4402765FFA8AFADC
:10B1D0004BB196F87530934205D3C775D8F8142053
:10B1E0000021284690470434CDE700BFF8770210CD
:10B1F000A87B021010B5064C0A460146204607F00F
:10B2000026FA207E0121BDE8104007F089BA00BF70
:10B21000A87B021037B539B18B78012B02D10846D3
:10B22000FFF790F903B030BDC307FBD50F4D0F48B2
:10B230000DF1070107F021FA04460028F2D09DF82D
:10B240000730042B0AD100F077FC6B7E13B1204647
:10B25000FFF728F8204607F0F7F9E8E7FFF75EFE6A
:10B260000028E4D02B699847E1E700BFA87B0210D3
:10B270000048704754780210014BB3F872007047D1
:10B28000F8770210024BD86F20F00200704700BF21
:10B29000F8770210014BB3F870007047F87702108E
:10B2A000034B93F88100003818BF0120704700BF9E
:10B2B000F877021010B50A7802718C784B7803EB9E
:10B2C00004239BB2C380C97801720380C27010BD91
:10B2D00030B50C7804718A784B7803EB02239BB26B
:10B2E000C3800D79CA7802EB052202818D794A79F3
:10B2F00002EB052242810D7ACA79038002EB052216
:10B300008281C47030BD0B780371C370704710B573
:10B310000A7802718C784B7803EB04239BB2C380CC
:10B32000C97801720380C27010BD0B7803714A782E
:10B330004271C97881710280C370704730B50C7852
:10B3400004718A784B7803EB02239BB2C380CA78DE
:10B3500002724D790A7902EB05224281CD798A7910
:10B36000038002EB05228281C47030BD0A7802712D
:10B3700010B54B788C78C27003EB04239BB2C3806A
:10B38000038010BD0A78027110B54B788C78C270BA
:10B3900003EB04239BB2C380038010BD0A780271C3
:10B3A00010B54B788C78C27003EB04239BB2C3803A
:10B3B000038010BD10B50A7802718C784B7803EBCE
:10B3C00004239BB2C380C97801720380C27010BD90
:10B3D0004A780B7803EB0223838070470B78037164
:10B3E00070470B780371C37070470B780371C3709B
:10B3F00070470B780371C37070470B780371C3708B
:10B4000070470A78027110B54B788C78C27003EBE4
:10B4100004239BB2C380038010BD0A78027110B56B
:10B420004B788C78C27003EB04239BB2C3800380FB
:10B4300010BD0A7802714B7810B58C7803EB0423A9
:10B44000C3800C79CB78C27003EB0423038110BD59
:10B450000B780371C37070470A78027110B54B788E
:10B460008C78C27003EB04239BB2C380038010BDB1
:10B470000A7802714B7810B58C7803EB0423C380F3
:10B480000C79CB7803EB042303818C794B7903EBA4
:10B49000042343810C7ACB79C27003EB04238381AC
:10B4A00010BD4A780B7803EB02239BB283808A7825
:10B4B00010B5CC7802EB0422C2804C790A7902EBF9
:10B4C00004220281CC798A7902EB042242814C7AEF
:10B4D0000A7A038002EB0422828110BD4A780B783D
:10B4E00003EB02239BB283808A7810B5CC7802EB01
:10B4F0000422C2804C790A7902EB04220281CC79C1
:10B500008A7902EB042242814C7A0A7A038002EBA8
:10B510000422828110BD0A78027110B54B788C78B4
:10B52000C27003EB04239BB2C380038010BD4A7832
:10B530000B7803EB02239BB283800380704710B526
:10B540000A7802718C784B7803EB04239BB2C3809A
:10B55000CC78047209794172C270038010BD0B78F7
:10B560000371C370704710B50A7802718C784B78FC
:10B5700003EB04239BB2C380CC7804720979417237
:10B58000C270038010BD704710B50A7802714B7805
:10B590004371CC788B7803EB04239BB2C380097989
:10B5A0000172C270038010BD0B78C37070470A78B7
:10B5B000027110B54B788C78C27003EB04239BB2F8
:10B5C000C380038010BD0A78027110B54B788C7867
:10B5D000C27003EB04239BB2C380038010BD0A78C2
:10B5E000027110B54B788C78C27003EB04239BB2C8
:10B5F000C380038010BD0A78027110B54B788C7837
:10B60000C27003EB04239BB2C380038010BD4A7851
:10B610000B7803EB02238380704738B50B780371F6
:10B620008A784B7803EB0223C380CB7803720D46F4
:10B630000B794372044605310A3007F08BFAEB7A36
:10B6400023746A7B2B7B03EB02236382AB7B237522
:10B650002379E37038BD0B7803714B784371023165
:10B66000063007F077BA10B511F8013B03710446B4
:10B67000053007F06FFA2379E37010BD10B511F8AB
:10B68000013B03710446053007F064FA2379E37047
:10B6900010BD38B50B7803718A784B7803EB022321
:10B6A000C380CB7803720B79437204460D460A308F
:10B6B000053107F04FFA05F10B0104F1170007F00F
:10B6C00049FA05F1110104F11D0007F043FA2A7E41
:10B6D000EB7D03EB02232382AA7E6B7E03EB022326
:10B6E00063822A7FEB7E03EB0223A3826B7FA37529
:10B6F000E38823802379E37038BD30B50B46441DC1
:10B7000013F8012B0271213153F8045B44F8045BF8
:10B710008B42F9D1C27030BD30B50B46441D13F8D1
:10B72000012B0271413153F8045B44F8045B8B42F6
:10B73000F9D1C27030BD0A78027151F8013FC0F8EA
:10B7400005304B68C0F80930C270704730B50B4601
:10B75000441D13F8012B0271113153F8045B44F8B6
:10B76000045B8B42F9D1C27030BD0430EBF762BD8F
:10B7700010B411F8023C11F8014C03EB0423838050
:10B7800011F8013BC3705DF8044B043A0630EBF747
:10B7900051BD4A780B7810B503EB02230C469BB2DF
:10B7A000838054F8022FC0F806206268C0F80A208F
:10B7B000CC7A8A7A038002EB0422C28110BD10B5D4
:10B7C0000C7804718A784B7803EB02239BB2C38018
:10B7D00051F8032F82604A68C2600380C47010BDB4
:10B7E00010B50A7802718C784B7803EB04239BB276
:10B7F000C38051F8034F8460097901730380C270DC
:10B8000010BD38B50B7803718A784B7803EB0223AF
:10B81000C380CB7803720D460B7943720446053121
:10B820000A3007F097F92A7BEB7A03EB0223238295
:10B83000AA7B6B7B03EB022363822A7CEB7B03EB0B
:10B840000223A3826B7CA3750023C4F81730A4F8ED
:10B850001B30C4F81D30A4F82130E38823802379FD
:10B86000E37038BD38B542F22603994210D1122850
:10B870000ED1084B0420DD6806F096FE044638B170
:10B88000054B0360A8472046BDE8384006F0AEBE31
:10B8900038BD00BFA87B02100000261210B5037847
:10B8A00044783BB1C278817801EB022189B2184615
:10B8B000FFF7D8FF2046BDE81040FEF74DBE000060
:10B8C000F7B503460778994C0A4681784078A66810
:10B8D00000EB012080B2D91C42F257039842234664
:10B8E00012D842F20904A0421DD840F67C43984287
:10B8F00000F0148141F20543984200F0118140F6B6
:10B900002D43984200F00E81830A3F2B40F0C880FF
:10B91000CDE90012FEF7C0FD0446002800F0C0800B
:10B92000DDE90012A5E0A0F500540A3C4D2CEBD84F
:10B9300001A555F824F000BF01BB020009B90200BF
:10B94000FDBA020009B9020071BA020009B9020089
:10B9500009B9020009B9020009B9020009B90200D7
:10B9600009B90200D9BA020009B90200ADBA020051
:10B97000D3BA020009B90200CBBA0200CFBA020062
:10B9800009B9020009B9020009B9020009B90200A7
:10B99000B3BA0200B7BA0200C3BA0200BBBA0200CF
:10B9A000BFBA020009B9020009B90200DDBA0200FB
:10B9B000E1BA0200E5BA020009B90200E9BA0200E0
:10B9C000EDBA0200F1BA020009B90200C7BA0200DA
:10B9D000F5BA0200F9BA020009B9020009B9020079
:10B9E00009B9020009B9020009B9020009B9020047
:10B9F00009B9020009BB020009B9020009B9020035
:10BA000009B9020009B9020009B9020009B9020026
:10BA10000DBB020009B9020005BB020009B9020012
:10BA200009B9020009B9020009B9020009B9020006
:10BA300009B9020009B9020009B9020009B90200F6
:10BA400009B9020009B9020009B9020009B90200E6
:10BA500009B9020009B9020009B9020009B90200D6
:10BA600011BB020015BB020019BB020029BB02007A
:10BA700005242F4B185DCDE9001206F095FD054613
:10BA800070B100230380C3702A4B8470DDE900127B
:10BA900053F8243098472846B047284606F0A6FDBC
:10BAA000384603B0BDE8F040FEF756BDDE681B2403
:10BAB000DFE71D24DDE71E24DBE71F24D9E7202470
:10BAC000D7E72124D5E72224D3E70C24D1E70D249E
:10BAD000CFE7DE681C24CCE70824CAE71524C8E7B2
:10BAE0001624C6E71724C4E71824C2E71924C0E7C0
:10BAF0001A24BEE72924BCE72A24BAE73424B8E78D
:10BB00003524B6E73624B4E73724B2E73824B0E763
:10BB10003F24AEE74024ACE74124AAE72724A8E766
:10BB20000724A6E70924A4E74224A2E7A87B021081
:10BB3000E1E9040024EA04002DE9F74F0646A84F86
:10BB400016F8023BD7F8088090F801901A2B0446AB
:10BB50001CD8042B23D9053B152B20D8DFE813F084
:10BB600059021F001F005F021F001F001F00650217
:10BB70001F0034002A0076021F001F003F001F0034
:10BB80001F001F001F001F001F007102572B00F035
:10BB9000638207D8302B00F04E823E2B27D003B0B3
:10BBA000BDE8F08FFF2BFAD18E4A938A013393823E
:10BBB000132556E08B4A138930460133138103B0B5
:10BBC000BDE8F04FFFF76ABE864AD3884946013385
:10BBD0003046D38003B0BDE8F04FFFF771BE30466A
:10BBE000FFF7C6FA7F4A938901339381D7E77D4AED
:10BBF0008578538A013353826B1EC61C152BCED811
:10BC000001A252F823F000BFA5BC0200BBBC020099
:10BC100065C0020061BC020069C00200C5BD02002F
:10BC2000C9BD0200CDBD0200D5BD02004BBD020062
:10BC300061BD0200DDBD0200F1BD0200C3BE020015
:10BC4000C7BE020019BF0200B7BE0200BBBE0200A1
:10BC5000BFBE02009FBB02009BBF02001DBF0200CF
:10BC60000B25614B585D06F09FFC044670B1002324
:10BC70002380E3705D4BA57053F825304A4631466A
:10BC800098472046C047204606F0B0FC032D86D1D9
:10BC9000B378707800EB032080B203B0BDE8F04FBA
:10BCA000FFF714B9C378002BDBD14379007900EB9F
:10BCB000032080B2FFF70CF8D3E7C6780F2E3FF6CB
:10BCC0006EAF3B2006F070FC054600283FF467AFDE
:10BCD000043400F10C0B00F11C0A4FF00009013E86
:10BCE000F6B2FF2E10D02378AB726378EB72A11CF2
:10BCF000584606F02FFF94F8088085F80880B8F1C0
:10BD00001F0F04F1090105D9284603B0BDE8F04F23
:10BD100006F06CBCC5F804A0424650460191EBF712
:10BD200089FA019911F808306B724FF4C0232B6027
:10BD300001EB0804BB6885F81290C5F81390A5F8CC
:10BD40001790284601349847C9E7C37833B9437937
:10BD5000007900EB032080B2FEF7BAFF022580E7EE
:10BD6000C6780F2E3FF61BAF1C2006F01DFC0546C3
:10BD700000283FF414AF063400F10C0A00F1130858
:10BD80004FF4C029013EF6B2FF2EBDD014F8023C9C
:10BD9000AB7214F8013CEB722146504606F0DAFE15
:10BDA000A379AB74E11D404606F0D4FE637B6B7251
:10BDB0000023C5F800902B726B602846BB6898473B
:10BDC0001034DFE723254CE724254AE7D7F80C8019
:10BDD000252546E7D7F80C80262542E72B2540E7A6
:10BDE000A87B021036D50010E1E9040024EA040023
:10BDF000C3780F2B3FF6D3AE061D32460020013B21
:10BE0000DBB2FF2B4ED1243006F0CEFB05460028D6
:10BE10003FF4C5AEE47800F1070900F1150A00F11E
:10BE20002408002C3FF470AF7278337803EB0223C0
:10BE3000AB80B378AB71F11C484606F08BFE737A89
:10BE40006B73B37AAB73F37AEB73337B2B74737BC3
:10BE50006B74F27BB37B03EB02236B82337C2B7519
:10BE600006F11101504606F075FE96F817B0A5F8D8
:10BE70001CB05B46013CE52B06F11801E4B23FF62D
:10BE800043AFC5F820805A4640460191EBF7D2F9FE
:10BE90004FF4301301992B60BB68284601EB0B0669
:10BEA0009847BEE7D17D02F11805884205EB0102F3
:10BEB00038BF0846A3E72D25D3E62E25D1E62F254A
:10BEC000CFE63025CDE6407AF7283FF668AE103051
:10BED00006F06AFB054600283FF461AE2279E3785C
:10BEE00003EB0223838063798371A379C371E379C0
:10BEF0000372267A4672627A42811030E86004F159
:10BF00000A01EBF797F900232B803123AB70EE7019
:10BF1000BB6828469847F7E63225A2E6C02006F01F
:10BF200043FB054600283FF43AAE2379E67806EB5A
:10BF30000326B6B2868063798371A379C371227AAE
:10BF4000E37903EB02230381637A8372A37AC372DA
:10BF5000E37A037394F80C8080F80D80A27B637BF6
:10BF600003EB0223C38104F11009E47B047400F1A4
:10BF70001C034361224618464946EBF75BF905F17D
:10BF80006E02AA6109EB04012246EBF753F92E80F9
:10BF900085F803803D23AB70BAE7C02006F004FBB0
:10BFA000054600283FF4FBAD2379E67806EB03262F
:10BFB000B6B2868063798371E279A37903EB0223B9
:10BFC0000381237A8372637AC372A37A037394F82A
:10BFD0000B8080F80D80627B237B03EB0223C381FF
:10BFE00004F10F09A47B047400F11C034361224691
:10BFF00018464946EBF71EF905F16E02AA6109EBF6
:10C0000004012246EBF716F92E8085F803804723BA
:10C01000C1E7164A138801331380032521E6134A2A
:10C020005388013353800F251BE6104A9388013350
:10C0300093800A2515E60D4A138A013313820E25D3
:10C040000FE60A4AD3890133D381A8E5074A538909
:10C0500001335381142504E6044AD38A0133D38281
:10C060002825FEE50425FCE51025FAE536D5001067
:10C0700010B58C78CB78043404EB0324A4B20A46C0
:10C0800002202146FDF784FFA0420CBF204600207D
:10C0900010BD10B584780334024621460120FDF717
:10C0A00077FF031B5842584110BD00002DE9F74FA0
:10C0B000534FDFF86491019106460D460024EDB11F
:10C0C0003B7896F800C073B94E4A82F800C04E4AD9
:10C0D00013804E4A01233B7013701E441C44013DE3
:10C0E000A4B2ADB263E0012B76D1464B1878042898
:10C0F00008D002282BD00023019C3B70204603B0BF
:10C10000BDE8F08F4FF0020BDFF8FC80B8F800E0DC
:10C11000F3451FFA8BF10FD00EF1010292B23C4BA6
:10C12000A8F800200134013D914203F80EC006F149
:10C130000106A4B2ADB23AD104280BD1344890F82C
:10C1400001A001EB0A0080B206F072FA12E04FF093
:10C15000040BD9E702283AD12D4890F803C0807823
:10C1600000EB0C201FFA80FA11FA80F080B2002157
:10C1700006F066FA274A10601268002ABBD0244BEA
:10C1800002F1FF3C002113F8010B0CF8010F0846E7
:10C190000131C9B28B45F6D101300244C9F8002003
:10C1A000A8F800A0BAF1000F14D103233B703B782C
:10C1B000032B84D1154B00221A70164B196819B144
:10C1C000104B1878FFF716F800233B7077E74FF015
:10C1D000000AB6E70223E9E7022BE8D1D9F80030DC
:10C1E0005A1CC9F80020084A83F800C01388013B94
:10C1F0009BB213800BB903233B70013601346EE709
:10C2000061D5001060D5001054D500104ED5001037
:10C210004FD500105CD5001058D5001038B5044635
:10C22000103015466060053106F0B5FC2146284601
:10C23000BDE8384006F011BA2DE9F3410646382032
:10C240000F460192984606F0F3F9044610B3124BDC
:10C25000019993F83850FF2D15BF6A1C012283F80D
:10C26000382083F838209DF82030837008BF0025DF
:10C27000002380F834300246C570A0F800800748DB
:10C2800006F0E5F930463946FEF764FAE07802B088
:10C29000BDE8F081FF20FAE78C780210AC7802103C
:10C2A000014B024ADA6370478C7802101DC202000B
:10C2B0007FB5056BAB8CEC8C2968E41A24B2102C8A
:10C2C000064619442CDC22466846EAF7B3FF102CD8
:10C2D0000BD0C4F110020DEB04000021EBF716FDAA
:10C2E00004AB1C44802304F8103C05F1140168469B
:10C2F00006F05FFC022385F82930AB8C23B106F1F0
:10C300001001684606F055FCAB8C1033AB84324606
:10C3100095F828306946281D00F0CEF904B070BDAC
:10C32000684606F038FCE8E710B5034600780021BF
:10C33000C0090F2918BF5A781C7814BFD2090022EF
:10C34000013142EA4402102903F8012BF1D110BD5A
:10C35000F8B5056B0446002D3DD000F110060531FF
:10C36000304606F018FC95F82930012B23D0022B1B
:10C3700026D083BB256B05F114073846314606F0FD
:10C380000AFC3846FFF7D0FF28B195F8233083F038
:10C39000870385F82330EB8C1B0709D03846FFF75D
:10C3A000C3FF28B195F8233083F0870385F8233045
:10C3B000012385F829302046BDE8F840FFF778BF13
:10C3C000236B66601A68A26093F828002146BDE8D6
:10C3D000F84006F042B9F8BD2DE9F043064685B0B5
:10C3E0006420884615461F4606F022F9044688B3A5
:10C3F0001A4AA0F85E5000F138034FF001090363B8
:10C4000080F8349092F8383080F8607003EB0901BE
:10C4100082F83810C370BDF83030038000259DF8D5
:10C4200034308370C0F83880A0F85C5080F86150D8
:10C4300031463C3006F0AFFB266B10222946684699
:10C44000EBF764FC301D96F828302246694600F070
:10C4500033F9484605B0BDE8F08300BF8C78021080
:10C46000014B024A1A6470478C78021051C30200D3
:10C470008B78252B70B504460D4616460DD120222B
:10C480000531043006F0B6FB202205F1250104F148
:10C49000240006F0AFFB2B7904E0262B0DD1CB78DE
:10C4A000122B06D1E37021463046BDE8704006F0FD
:10C4B000D4B8202205310430EBE770BD70B50446D6
:10C4C0009C200E46154606F0B3F860B1022380F8B2
:10C4D00034300246068085702146034806F0B7F8DE
:10C4E000FEF7FDF8012070BDB478021070B592B06F
:10C4F00004469C20019116461D4606F099F80199C4
:10C50000B8B1022380F834300246068085700A48AC
:10C5100006F09DF82022214602A806F06BFB20229F
:10C52000A1180AA806F066FB02A80AA9FEF7E3F81C
:10C53000012012B070BD00BFBC780210014B024A4E
:10C540005A6470478C78021071C4020037B500231A
:10C550008DF807308378142B054619D1354C0DF131
:10C560000701204606F089F800285DD1324C0DF114
:10C570000701204606F081F8002858D12F4C0DF114
:10C580000701204606F079F810B306F05DF8F6E7EB
:10C590001B3BDAB20B2A1BD80B2B19D8DFE803F0B0
:10C5A0001A0618181818181818183740244A55F879
:10C5B000050F92F83930696802EBC30303C392F8A0
:10C5C0003930022B9ABF0133DBB2002382F83930B5
:10C5D00003B030BD19480DF1070106F04EF890F890
:10C5E0003430DA1E012A044601D9012B03D110216F
:10C5F000681D06F00CFB94F83420114B03EB82030A
:10C600002946DB6B9DF8072020469847E0E709485C
:10C610000DF1070106F031F804460028EBD1D7E709
:10C6200005480DF10701F5E706F00EF897E706F06B
:10C630000BF89CE7B4780210BC780210AC780210BA
:10C640008C780210064B07480022C3E90822C3E990
:10C650000A22C3E90C2283F8382003F0B7BC00BFDC
:10C660008C7802104DC5020038B5124D95F83A305D
:10C67000CC1DDB00E408DBB20144884204D1013C5C
:10C6800064B2631C09D138BD1F2BEA5C00F8012B92
:10C690001ABF0133DBB20023EFE7FEF7A9F895F8E4
:10C6A0003A30022B9ABF0133DBB2002385F83A30CF
:10C6B000E5E700BF8C78021070B588B00E461546CD
:10C6C0000146102268461C4606F094FA10220DEB33
:10C6D0000200314606F08EFA2A462146044805F04B
:10C6E000B6FF04A96846FEF735F808B070BD00BF74
:10C6F000AC7802107047704770470000837802786A
:10C70000272B70B5174E044602F1FF350AD12423BA
:10C7100003FB0563C18819831A7717210022598307
:10C720005A771A62242000FB05652B7F93B1336F83
:10C730002146DB6828469847F36E2146DB68284689
:10C740009847A378282B05D1286A00232B7708B1B6
:10C7500005F04CFFB36F1BB12046BDE87040184791
:10C7600070BD00BFDC780210137A13F0010F034B89
:10C7700014BFDB6E1B6F1B68184700BFDC7802100C
:10C7800070B504780F4E2423013C03FB0464054676
:10C79000237F33B18278637F012A03D143F0020300
:10C7A000637770BD23F002036377336F5B6898474C
:10C7B000637F9B07F5D4F36E28465B68BDE8704045
:10C7C000184700BFDC78021008B502F007FE20B160
:10C7D000024B0138242202FB003008BDDC78021035
:10C7E00008B5064B02781A7342785A73184610221D
:10C7F0001CF096FDB0FA80F0400908BD48470010D3
:10C800001FB50C4C646F94B18DF803300023ADF864
:10C8100008308DF80C30BDF81830ADF800008DF8F8
:10C820000210ADF80A20ADF80E306846A04704B0FB
:10C8300010BD00BFDC7802108A42438B07B528BFC9
:10C840000A46934207D0428300230092007F1A4693
:10C850001221FFF7D5FF03B05DF804FB002105F0BE
:10C86000EFBE000008B5084A084B094983F87C0070
:10C87000C3E91B220420074A03F05CFCBDE8084022
:10C880000549002002F0ECBC30EB0400DC7802101B
:10C8900069C7020081C70200FDC60200084639B11F
:10C8A0008B781F2B034B8CBF1B6FDB6E9B6818476D
:10C8B000704700BFDC7802100A4B07B55867FEF7D7
:10C8C000E9FC094B1B689B880338984206DC002270
:10C8D0000092022365211046FFF792FF03B05DF836
:10C8E00004FB00BFDC7802109C470010014B9867E6
:10C8F000704700BFDC7802101B2906D01D2914BF29
:10C9000000230B23C01A05F09FBE0B23FAE700009B
:10C9100013B5002243694261827C0A2A04460AD088
:10C92000102280F82E20084A019312682430917951
:10C9300006F084F8019B21681A88098B042002B054
:10C94000BDE8104003F000BC9C470010827C024B05
:10C9500053F82230184700BF68EB040030B40B4690
:10C96000044600F1100507C985E807005A6892E8F7
:10C97000030004F11C0383E80300204630BCFFF7EA
:10C98000E5BF000010B5044602F03CFD20B1034AAB
:10C99000601E382303FB002010BD00BF5C7902102D
:10C9A00008B502F01BFD20B1024B0138382202FB12
:10C9B000003008BD5C79021013B5CDE90021FFF706
:10C9C000EFFF034698B1009A0199147A192C04D804
:10C9D00002B0BDE8104000F09FBA1B2C01D01D2C06
:10C9E00005D1184602B0BDE8104000F0F1BA02B01F
:10C9F00010BD10B50446406818B105F025FE0023AF
:10CA0000636010BD10B50268537FD907044605D591
:10CA10001030FFF7EEFF0023A37410BD43F00103B5
:10CA20005377BDE81040FFF773BF012913B503D05A
:10CA300000240094FFF7E4FE02B010BD10B50446D8
:10CA4000FFF766FF2068437F13F0020307D1228BB4
:10CA5000007F0A21FFF7E9FF0023A37410BDE38ED6
:10CA6000002BF9D1238BE386F6E738B5054600782D
:10CA7000FFF788FF044658B1287800F05AFBE28E91
:10CA800028782AB100230A21FFF7CFFF0023E3868D
:10CA900038BD37B5054608460C460192FFF7A9FF99
:10CAA0002868019B2289A178007FFFF7BEFF002341
:10CAB000A37003B030BD000070B5C37C858B012B23
:10CAC000044649D103685B8B053B9D42A8BF9DB2DC
:10CAD00005F10D0080B2FFF7C1FE0646002833D0F5
:10CAE0006369024603F10C0153F8040B42F8040B8E
:10CAF0008B42F9D11B781370216A2A4606F10D008A
:10CB0000EAF798FB236A2B442362A38B5B1BA38366
:10CB1000E38BF372E38B1B0A3373E38B2B44E383C6
:10CB2000102384F82E300E4B1B6804F124009979F1
:10CB300005F084FF21686A1D3346098BBDE870400B
:10CB400092B2042003F000BB04F1100120467022D1
:10CB5000BDE87040FFF79DBF002346694361D7E7FA
:10CB60009C47001070B5C37C4569012B04462ED14B
:10CB70002888083080B2FFF771FE0546F8B1616978
:10CB80000A880832EAF756FBA27CA37F062A21D145
:10CB9000EB72E38B1B0A2B73102384F82E30114B9E
:10CBA0001B6804F12400997905F048FF21682A8860
:10CBB000098B2B460420BDE8704003F0C5BA04F190
:10CBC000100120467022BDE87040FFF762BF0023CD
:10CBD0004361D9E76B72E38B1B0AAB72238CEB7258
:10CBE000238CD7E79C4700102DE9F8438B78272B3F
:10CBF00006461AD1007F02F079FC002857D12D4C4F
:10CC000023689D88FEF746FB0438854208DA2368CE
:10CC1000998817294BD0307FBDE8F84300F072BAED
:10CC2000FEF738FB011F89B2F3E7282B3FD1CC7800
:10CC300004B90C7A337F204F03F1FF38382505FB08
:10CC400008F505EB0709603C99F81230E4B25BB1D6
:10CC500005F12400384405F0FAFE05F110012246E2
:10CC600039444846FFF715FF382303FB08739B79C7
:10CC70002BB1291D224639444846FFF70AFF0F4BC6
:10CC8000382202FB083300229A80D7F8A8301BB163
:10CC90005B68214648469847B9F83620307F32B164
:10CCA00023460A21FFF7C1FE0023A9F83630BDE86C
:10CCB000F88300BF9C4700105C7902108C79021049
:10CCC00013B5014600780191FFF75CFE0199044617
:10CCD0008B7840B9013B0C2B19D8084602B0BDE84F
:10CCE0001040FFF786BE0C2B20D882798AB9827C4F
:10CCF000012A0ED80A2B01D1C38E53B9012A02D0C2
:10CD000094F8343063B107C9043484E8070002B0F2
:10CD100010BD7222204602B0BDE81040FFF7B9BE38
:10CD2000204602B0BDE81040FFF718BEA3F10D0287
:10CD3000012A09D8154BD3F8A830002BE7D01B687F
:10CD400002B0BDE8104018470F2B0FD1837C012B98
:10CD500006D9243005F07BFE742204F11001D9E7D6
:10CD60008379002BD3D07422011DD4E7102BCED1B0
:10CD7000837C002BCBD0712200F11001FFF789FEDC
:10CD80002268537F43F004035377C0E75C790210B5
:10CD9000104B0022C3F8A8200F4A1A60012083F824
:10CDA000AC00988502F1240092F87C109863022070
:10CDB00083F8301083F86810A3F8640083F8A0109B
:10CDC00002F1480003211867A3F89C10034BD366B7
:10CDD000704700BF5C790210DC78021058EB040049
:10CDE000817C9970481F012808D901F0FD010929AB
:10CDF0001FBFD07A917A01EB00215981127B1AB1C1
:10CE0000DA7000221A8170477522F9E72DE9F043A4
:10CE1000877C557A0831022F114402F10A022AD187
:10CE2000012D0CBF02251025B0F81EC04FF6FF7E65
:10CE30008A4210D25478167806EB0426B6B246B170
:10CE4000BCF1000F05D0B44503D8B0F82080B04540
:10CE500017D27322DA70DB785BB9C37C012B08D15F
:10CE6000BCF1000F03D0038C01339C4529D1002372
:10CE7000C374BDE8F083042F0CBF023D043DEDB246
:10CE8000D2E7082F1AD192F80390947804EB092482
:10CE9000A4B20432002CDCD0A642DAD8A445D8D8FB
:10CEA000A045D6D3744518BF01342A4414BF1FFAD5
:10CEB00084FC4FF0000C9142BAD2CAE702323446E9
:10CEC000F0E7A0F81EC0A0F818C0D2E77047002213
:10CED0001A817047F8B5917A547A0E4D06682B681E
:10CEE00004EB0124A4B2172C9F8838BF1724FEF747
:10CEF000D1F90438874207DA2B689A8821463046F0
:10CF0000BDE8F840FFF798BCFEF7C4F9043882B2D8
:10CF1000F4E700BF9C4700102DE9FF411546827CD5
:10CF200004460F46002A42D0297A4B0849088DF85A
:10CF3000023001D09A423AD104F1240005F087FD75
:10CF400005F1090301937B1EADF80830238B9DF892
:10CF50000220ADF80A301C4B002653F822808DF8D1
:10CF600003606B462A4639462046C047E37C13B12E
:10CF70009DF8033023B1A67404F11000FFF739FDCA
:10CF80009DF80230012B0AD0104B5B6F3BB1E27C65
:10CF90008DF80C20228AADF800206846984794F856
:10CFA000343023B965692DB12046FFF7CFFC04B0BA
:10CFB000BDE8F081A379002BF9D0211D2046FFF7B1
:10CFC000CDFCA571F3E700BF9CEB0400DC780210F8
:10CFD0001FB5137A04465B10907A8DF802300B323D
:10CFE00012F8023C0192226803EB0023127FADF895
:10CFF00000209BB200220339ADF80A30ADF80810CA
:10D000008DF803208DF80C2023B1114B5B6F0BB111
:10D01000684698470F4B93F8AC30ABB19DF802309F
:10D020000E2B11D194F8343063B90920FFF716FCA8
:10D0300040B11E23037221680346098B012204209C
:10D0400003F082F804B010BD012384F83530F9E70D
:10D05000DC7802105C7902102DE9F04706460F4695
:10D0600091461D469DF8208005F02AFB3046FFF7CB
:10D0700089FC044628B303685C7FB3F81AA0C4F3A4
:10D08000800405F01FFBBAF1000F34D06CBB2DB14A
:10D09000B9F10B0F17D02B889A451BD30C2005F044
:10D0A000C7FA014638B3164B068080F8038080F833
:10D0B00002904560078193F87C00BDE8F04705F0D9
:10D0C000CCBA8246DDE7B8F1000FE7D12B880533F3
:10D0D0009BB2E1E777233A4649463046FFF7A5FC85
:10D0E0002846BDE8F04705F0AFBA71233A464946F5
:10D0F0003046FFF79AFC002DF2D1BDE8F08700BF63
:10D10000DC78021037B505460B200C46FFF7A6FB6E
:10D11000034660B10322028044720222240A0021E5
:10D1200002728472012200912846FFF795FF03B036
:10D1300030BD013870B580B2FFF732FC0446B0B1A3
:10D1400090F835309BB190F8345085B90920FFF73D
:10D1500085FB60B11E2384F83550037221680346B5
:10D16000BDE87040098B0122042002F0EDBF70BDC4
:10D17000F0B50831C58B02F109060A444FF6FF717C
:10D18000964217D27478377896F803C007EB0427D5
:10D19000B47804EB0C24BFB2A4B2A74206F1040693
:10D1A00006D8BD4204D8B0F820C0BC4500D36DB944
:10D1B0007322DA70DB7843B9C37C012B05D115B13A
:10D1C000038CAB420AD20023C374F0BD8C421ABF59
:10D1D0000134A5B20025B242D2D2E9E7C583058366
:10D1E000F3E7C27C012A0AD10268528B8A4202D933
:10D1F0000023C3747047C28B1B891344C3837047D9
:10D20000C27C012A02D1828B02B9C2745A680432EC
:10D210005A601A89043A1A8170470000F0B5304DFF
:10D220000529EC682E7D294685B04FF0000543D0D6
:10D23000EFB2BE4244D8B7424BD05E781B7803EBC6
:10D2400006239BB2022B47D813B16488234243D0F4
:10D25000441E51F82440002C40D034F8156024F8C6
:10D260001530B34226D01024ADF80400ADF80A30D2
:10D270008DF806400B698DF80C70ADF8082001A8F8
:10D28000984717E005FB0CCE6F1C34F80EE096456E
:10D2900005D03D46EFB2BE42F4D8B74219D00138AE
:10D2A00051F82020D2B132F81510197032F815203B
:10D2B000120A5A7000200DE0063C4FF0060CE9E718
:10D2C000B4F800E0964505F1010CB6D00634654689
:10D2D000AEE70A2005B0F0BD8020FBE71120F9E79A
:10D2E00064D50010034BC3E903121875024B034ABF
:10D2F0005A61704764D50010607A02101DD2020096
:10D300002DE9FF471D4C451E074654F825300E46B3
:10D310002BB9207D400005F047F944F8250054F86A
:10D320002580B8F1000F20D016BB227D3146520077
:10D330004046EAF7EBFC18E036F8152028F81520EF
:10D3400036F8151061B18DF80C308DF80690236910
:10D35000ADF80470ADF808A0ADF80A2001A8984710
:10D360000135227DEBB29A42E6D804B0BDE8F087E1
:10D3700000254FF01009AA46F3E700BF64D500105E
:10D3800038B5054D441E55F8240020B105F02EF99E
:10D39000002345F8243038BD64D50010034B013814
:10D3A00053F8200008B130F81100704764D5001020
:10D3B000034B013853F820300BB123F8112070478C
:10D3C00064D5001038B50C46054602F059F8084BF4
:10D3D000DB6804EB440203EB42031B79834205D86C
:10D3E00021462846BDE83840FFF7D8BF002038BDA9
:10D3F00064D50010014B187D704700BF64D5001044
:10D4000010B5044601F0FEFF20B1034A601E1C2344
:10D4100003FB002010BD00BF0C7A021007B51346B5
:10D42000002200920A460F21FFF7EAF903B05DF8E7
:10D4300004FB70B50C46C98A0546164619B1FFF7BC
:10D44000EDFF0023E382218B29B132462846FFF706
:10D45000E5FF0023238370BD10B504460078FFF775
:10D46000CFFF014628B120780022BDE81040FFF729
:10D47000E0BF10BD2DE9F84F05468A4616461F4607
:10D480009DF828909DF82C8005F01AF92846FFF7A2
:10D49000B7FF0446002841D003695C7FB3F81AB097
:10D4A000C4F3800405F00EF9BBF1000F42D0002C4C
:10D4B0004FD15146284619F035FD00283AD0B31C0B
:10D4C0005B4540DA082005F0B3F8044690B3212309
:10D4D00005808370B8F1000F22D0A7F10B034360E1
:10D4E000606820B3F31CA0F802A080F809A04FEAFE
:10D4F0001A2A038080F8089080F80AA0B8F1000F7B
:10D5000004D1324639460B30E9F794FE134B2146DD
:10D5100093F87C00BDE8F84F05F09FB88346C1E75B
:10D5200006F10B0080B2FFF799F96060D8E720465A
:10D5300005F08AF8B8F1000F0DD049463846BDE82D
:10D54000F84FFFF7D9B9772251462846FFF766FF13
:10D55000F0E77122F8E7BDE8F88F00BFDC78021031
:10D56000F8B505460078FFF74BFFAB78044630B9B5
:10D57000212B36D16868BDE8F84005F065B8212B4D
:10D5800030D16B681F7A5E881D2F3ED1C28A2AB1C6
:10D59000287872223146FFF741FFEBE721691A88AC
:10D5A000098B2D88042002F0CFFD1D2F0BD12223E3
:10D5B000A372174BE6821B68A68299792046BDE8C4
:10D5C000F84005F03BBA23695A7F12F0020205D1F8
:10D5D0003146E8B2BDE8F840FFF720BF238B03B91E
:10D5E0002683F8BD222BFCD1838A002BF9D000269C
:10D5F000C18A868271222878FFF710FF2269E682AD
:10D60000537F43F004035377EBE7028BBFE700BF80
:10D610009C4700108B78282B70B5064618D1CC7823
:10D6200004B90C7A357F0B49013D1C2000FB051520
:10D63000603CAB8AE4B223B1284605F008FA002327
:10D64000AB82307F22462946BDE87040FFF7F1BE2D
:10D6500070BD00BF0C7A021070B50646007FFFF760
:10D66000CFFE044678B1838A6BB10023838205F034
:10D67000EEF9757F15F0020505D1E18A307F2A4663
:10D68000FFF7CCFEE58270BD0C4B0D4A1A610120FC
:10D6900092F87C10188102F124004832D8629A6412
:10D6A00002200322A3F84020197383F828109884DD
:10D6B00083F84410034B044A9A6070470C7A0210B6
:10D6C000DC780210607A0210D0EB040013B54FF042
:10D6D000000C1D24CDE9004CFFF7CCFE02B010BDBC
:10D6E00013B54FF0000C1B24CDE9004CFFF7C2FE30
:10D6F00002B010BD014B9B685B681847607A02104E
:10D700002DE9F04105460D200F4614461E46FFF751
:10D71000A5F870B184720123240A03724772C4729F
:10D720000673034629460522BDE8F041042002F0B5
:10D730000BBDBDE8F08100002DE9F04707468946A2
:10D740001546FFF741F88046002845D02C7A122C68
:10D7500003D9A4F11603082B1ED8660898F81D30CB
:10D76000180701D50F2E37D12A462146384619F021
:10D77000EFFB034638B3A97A6A7A02EB012292B230
:10D78000022C29D01E2C27D0610625D421463846EC
:10D79000BDE8F047FFF7B4BF522C04D0D22C0CBF29
:10D7A00010260026DAE70A26D8E70C4A925D4A4599
:10D7B00006D82A46494640467346BDE8F047184712
:10D7C0001A460423DCE7064A52F826E0BEF1000FB1
:10D7D000EBD102460623D3E7BDE8F087F0EB040067
:10D7E0005847001010B50446204605F069F800B906
:10D7F00010BD04F0FBFEF7E78B78282B70B50446CC
:10D800000D460AD1FFF7EEFF207F01F05DFE4307D2
:10D8100003D504F1080005F01AF9044B9B6829466A
:10D820002046DB68BDE87040184700BF607A0210F0
:10D8300038B50D4D2B681B680446A3B1007F042149
:10D84000012201F027FE094B93F87C302375202339
:10D85000A374237F23822B6804F108001968BDE8B4
:10D86000384005F0EBB838BD9C470010DC7802105A
:10D870002DE9F3410027264CB846236A002B33D00C
:10D88000608B083080B2FEF7E9FF054600283BD0E8
:10D890000923037212234372236A5B888372236A0B
:10D8A0005B881B0AC372236A01A9588800F0C6F975
:10D8B000064608B382684168128805F10C031846D1
:10D8C000E9F7B8FCB268218B12880346134405F1CE
:10D8D00008029A1A92B22B46042002F035FC206A04
:10D8E00004F084FEC4F820800137032F04F12404DF
:10D8F000C3D102B0BDE8F081226A0A231288207FDA
:10D900000821FFF7FDFEEAE7226A1123F6E700BFD0
:10D91000DC78021030B51A490246087810B10020B0
:10D92000087030BD14686578237803EB05239BB23B
:10D93000B3F5245F07D019D842F60204A3420ED8EB
:10D94000B3F5205FEDD393681B8802339BB2927BC3
:10D95000D2074CBF03F11000981C80B2E1E742F6F9
:10D960000304A342DDD101230B70ECE742F603115F
:10D970008B4203D942F605118B42D2D10223E6E74E
:10D980007CD50010054B0022C3E90022044A9A60AE
:10D99000044ADA60044B054A1A677047607A02103D
:10D9A00030EB0400F5C60200DC780210E0EB040066
:10D9B00007B54FF0240C0023CDE9003C034B93F84E
:10D9C0007C30FEF709FD03B05DF804FBDC78021043
:10D9D0002DE9F043354F3C6885B000269CB93046B0
:10D9E00004F0E2FD804658B13F68CDE90044CDE93E
:10D9F00002440446E7B9324641466846FFF7D8FF7D
:10DA000005B0BDE8F083A57C237CD4F80480013503
:10DA1000ED1AEDB208EB0515A84501D12468DDE744
:10DA20004046FFF777FF304486B208F11008F3E76D
:10DA3000B7F810907D687B8A4B4501D23F68D9E7E3
:10DA40002846FFF767FF00B34FEA192384F80090D8
:10DA50006370AB7B13F0010F2B681CD0A21C03F189
:10DA6000100153F804CB42F804CB8B42F9D11234A5
:10DA700010230233984208D0AB6869681A882046A0
:10DA8000E9F7D8FBAB681B881C4409F101091FFAB0
:10DA900089F91035CFE75A781B7803EB02239BB244
:10DAA000A3701B0AE37004340223E2E7607A0210D9
:10DAB00010B5044604F004FE0A4B1B6800221BB19B
:10DAC000208A198A88420AD22146064804F014FFA7
:10DAD000012019F005FABDE8104004F0F3BD1A4624
:10DAE0001B68ECE7607A02107FB50E460190144681
:10DAF00004F0E6FD019803A900F0A0F8054698B1EE
:10DB00008389B34212D3214640683246E9F792FB3B
:10DB1000AC7B14F0080402D0AB6800241E8004F033
:10DB2000D1FD204604B070BD0A24F8E70D24F6E7C5
:10DB300030B589B04FF488130446806804930025FB
:10DB4000102306938DF81C50ADF81E5010B104F050
:10DB50004DFDA5606368059303AB019302AB009391
:10DB600002220A4B4FF6FF71012000F0E7F918B1CD
:10DB7000059A1021FFF7B8FF002019F0B1F9044B06
:10DB800004A85B6F984709B030BD00BF4CEB0400A0
:10DB9000DC78021010B48378202B06D100785DF871
:10DBA000044B0022042101F075BC222B05D80A4B3E
:10DBB0009B689B685DF8044B1847232B02D1064BEA
:10DBC000DB68F7E7242B03D15DF8044BFFF7B0BF08
:10DBD0005DF8044B704700BF607A021010B5044630
:10DBE0001346A27B0068D20709D402290CD10A4649
:10DBF00019461BF095FBB0FA80F0400910BD1029C2
:10DC0000F5D00146184602E01029FAD11946BDE8C0
:10DC10001040FEF7E5BD022903460CD100781178CB
:10DC2000884206D158785378C31A58425841C0B236
:10DC300070470020FBE71146FEF7D2BD10B5094A38
:10DC40000346106850B1028A9A4208D8448A9C421E
:10DC500005D3086040689B1A00EB031010BD0068F4
:10DC6000F0E700BF607A021030B50A4B1B680BB9B1
:10DC700018460DE01C8A844202D98C42F6D8204610
:10DC80005D8A8542F2D35B68041B03EB04141460C5
:10DC900030BD00BF607A02100B4273B506460D46D8
:10DCA0001C4605D101290CBF0220032002B070BD23
:10DCB000102908BF1C0914F00E0F01D10020F5E750
:10DCC000019201F0DDFB14F0080F019A00D080B141
:10DCD00004F00A030A2B01D101280AD96307EDD504
:10DCE000064B1B693BB12946304602B0BDE8704087
:10DCF00018470520DAE70820D8E700BF607A02104D
:10DD0000F8B5937A557A154C05EB0325ADB2236827
:10DD1000172D9F8838BF17250646FDF7BBFA043834
:10DD2000874216DA23689C880B20FEF797FD03468E
:10DD300040B1210A0322027244728172318B0420A5
:10DD400002F002FA224629463046BDE8F840FEF7C6
:10DD500073BDFDF79FFA041FA4B2E5E79C470010CE
:10DD60002DE9F74F937A577A07EB0327BFB20646A0
:10DD7000002F79D0117B92F80BB00BEB012B1FFA1F
:10DD80008BFB5F4570D8408B083080B2FEF766FD94
:10DD9000054600286AD0052303720123437200F16F
:10DDA0000E094FF6FF7A384601AA5946A9F1040830
:10DDB000FFF75AFFE8B1019B9B7BDB0733D505F1E9
:10DDC0000A03984554D10223040A08F8013C88F854
:10DDD000000088F80140019B1B6805F10C0203F16B
:10DDE000100153F8040B42F8040B8B42F9D108F1EF
:10DDF000120805F10A0398453AD1284604F024FC9C
:10DE00000A243046FFF714FD308B9CBB05F1080255
:10DE1000A8EB020201462B4692B2042002F094F9CC
:10DE200003B0BDE8F08F738B08332B4499454A4605
:10DE3000DFD8030A09F8040C09F8033C019B1B68AE
:10DE40001B7809F8023C019B1B6850455B7809F878
:10DE5000013C07D0441CA0B2834509F10409A3D2B8
:10DE60009046C6E7C846C4E70124CAE71124C8E7BC
:10DE70000024C6E723463A460421FFF741FCCFE7DA
:10DE80002DE9FF41937A547A04EB0324A4B20646A9
:10DE900003A92046FFF7D2FE0546002849D0C37BE0
:10DEA000307F22460121FFF7F7FE034660B9AA7BC7
:10DEB00051070FD503998F6867B1307F00950A220B
:10DEC0002146B847034638B1308B22460A21FFF776
:10DED00017FC11E0930612D4AB68778B1A88013FC8
:10DEE0009742A8BF17461FFA87F808F1090080B2C9
:10DEF000FEF7B4FC044660B904B0BDE8F0810E4BF7
:10DF00005F69002FE8D06B68307F22460521B84753
:10DF1000D8E70B2303726968BAB20930E9F78AF9C6
:10DF200008F10102318B234692B2042002F00CF971
:10DF3000E2E70123C8E700BF607A02102DE9F0474D
:10DF40009A461A4B089F1D680E46904604464FF6A7
:10DF5000FF790DB92C4625E0288AA0420FD9B0429E
:10DF60000CD92D68F5E74C45FBD03B6810330134E4
:10DF70003B606B8AA4B2A34209D2F2E704466B8AE3
:10DF8000A342EED36968201A01EB00103860B44256
:10DF9000E7D8386852464146FFF720FE0028E2D015
:10DFA000099B1D602046BDE8F08700BF607A021023
:10DFB0002DE9F3414FF42053ADF8003042F6010350
:10DFC000ADF804304FF6FF739842074605D14FF67F
:10DFD000FF76304602B0BDE8F0811B4B441CD3F8FD
:10DFE0000080A4B2B8F1000FF1D0B8F81050B8F822
:10DFF0001230AC4238BF2C46A34221D3D8F80430AB
:10E00000651B03EB05153E466A4602212846274656
:10E01000FFF7E4FD0028DCD101AA02212846FFF722
:10E02000DDFD0028D5D14FF6FF739C42CFD0B8F864
:10E0300012300134A4B2A34205F110053E46E3D2EA
:10E04000D8F80080CEE700BF607A02102DE9F043D7
:10E05000937A557AD77A92F80C8005EB032585B030
:10E06000ADB2064603A92846FFF7E8FD044600289E
:10E070005AD0C37B307F2A460121FFF70DFEB0B98D
:10E08000A36807EB08271B88BFB2BB424ED3A37B14
:10E090005A0713D5039AD2F80880B8F1000F0DD0B3
:10E0A000307F00943B460C222946C04740B10346CE
:10E0B0002A46308B0C21FFF723FB14E09B0615D476
:10E0C000A368728BB3F80080013AA8EB070890456B
:10E0D000A8BF90461FFA88F909F1090080B2FEF73F
:10E0E000BDFB054670B905B0BDE8F083104BD3F811
:10E0F0001480B8F1000FE3D06368307F2A46052111
:10E10000C047D3E70D23037261681FFA88F23944D0
:10E110000930E9F78FF809F10102318B2B4692B2F1
:10E12000042002F011F8DEE70120C0E70720BEE777
:10E13000607A02102DE9F04F2DED028B937A92F860
:10E14000098008EB03281FFA88F887B082460F463B
:10E150001546B8F1000F78D0137B92F80B9009EBBD
:10E1600003291FFA89F9C8456FD8408B083080B25F
:10E17000FEF774FB0646002869D005F10D0308EE92
:10E18000103A05F10F0300F1090408EE903A073F39
:10E1900007230372BFB24046039405AB019304AB5F
:10E1A0000093022218EE103A4946FFF7C7FE834655
:10E1B000D8B9039B9C424CD1304604F045FA0A255D
:10E1C0005046FFF735FBBAF81800002D43D106F191
:10E1D0000802A21A0146334692B2042001F0B4FFAD
:10E1E00007B0BDEC028BBDE8F08F0499CA7BD30762
:10E1F00023D557B18A681288BA421ED1496818EEF1
:10E20000900A3A461BF08CF8B8B96A7BDAB9AA7B57
:10E21000282A584601D1FFF7CBFEBAF81A2004325B
:10E2200032449442C5D84FEA1B236370030A84F832
:10E2300000B0A070E37083460434CB45B9D20BF133
:10E24000010080B2A9E75846E7E70125B8E71125A4
:10E25000B6E70025B4E72B4642460621FFF750FA01
:10E26000BEE700002DE9F04F0539547A0546907A53
:10E270005FFA81FA04EB0024BAF1020F87B0A4B26E
:10E2800003D0BAF1100F40F0E080002C00F0DF80E6
:10E29000137B92F80B9009EB03291FFA89F94C457F
:10E2A00000F2D58005AB02F10D0B019304AB009396
:10E2B00020465B4652464946FFF740FE044600288A
:10E2C00000F0C780049B0246DB7B287F0121FFF71B
:10E2D000E3FC68B9049B9A7B56070BD505998E68B9
:10E2E00046B10093082203462146287FB04718B163
:10E2F000034661E0900646D45849022258461BF076
:10E300000FF8002849D0688B083080B2FEF7A6FAD3
:10E310008046002800F09F8009230372049B6F8BC6
:10E320009A6812888472043F974228BF1746FFB24A
:10E33000BA1C4272220AC27200F10C0659683A46AF
:10E340003046E8F777FFF319601C039380B205AB02
:10E35000019304AB009352465B464946FFF7EEFD3E
:10E360000446002835D0049B9A7B51072AD505998D
:10E3700089680E4631B30093287F00230822214686
:10E38000B04708B325E0364A5669002EB4D05B6822
:10E39000287F22460521B047A9E718F0BDFD0028D7
:10E3A000B1D0042004F000F9286220B10480448038
:10E3B00007B0BDE8F08F1123288B22460821FFF714
:10E3C0009FF9F5E792060FD4049B9A681288BA4227
:10E3D00015D0039B298B08F108029A1A92B2434682
:10E3E000042001F0B1FEE3E71D4A52691646002AF7
:10E3F000EAD05B68287F22460521B047C1E7DB7B76
:10E40000287F22460121FFF747FC0028E1D16B8BD2
:10E41000039A0633DB1B43449A42DAD8230A14706A
:10E420005370049B5968039B3A46981CE8F702FF17
:10E43000039ABB1C1A444FF6FF739C420392C8D048
:10E44000601C80B2814582D2C3E7042050E70120DE
:10E450004EE70A204CE711204AE700BF4CEB0400CE
:10E46000607A02102DE9F04F0646408B083087B0E5
:10E4700080B20D461746FEF7F1F90446002861D038
:10E4800008350F2307EB050B00F109090937037263
:10E490005F450AD304F10802A9EB0202318B23463F
:10E4A00092B2042001F050FE53E07B7817F8025B33
:10E4B00005EB0325ADB205A92846FFF7BFFB804653
:10E4C000002849D0C37B307F2A460121FFF7E4FBB7
:10E4D0000346002841D198F80E20510723D505990D
:10E4E000D1F808A0BAF1000F1DD0307FCDF8008020
:10E4F0000E222946D047034678BB728B083222444D
:10E500004A45C5D9D8F80830D8F804101D88A2EBC0
:10E51000090292B2954228BF154648462A46E8F7B6
:10E5200089FEA944B4E79306E7D50F4BD3F814A0AE
:10E53000BAF1000FE1D0D8F80430307F2A46052127
:10E54000D047D8E711230546308B2A460E21FFF726
:10E55000D7F807B0BDE8F08F01232046039304F0FD
:10E5600073F8039BF0E700BF607A02102DE9F04FCB
:10E570002DED028B8BB04FF42053577AADF81C3041
:10E580000539937A5FFA81FA07EB0327BAF1020F94
:10E590008146BFB203D0BAF1100F40F0A680002F21
:10E5A00000F0A680117BD37A03EB01231FFA83FBD3
:10E5B0005F4500F2B48002F10D031A46514607A8E8
:10E5C00008EE103AFFF727FB002800F0AA8009ABFD
:10E5D000019308AB0093524618EE103A594638465C
:10E5E000FFF7ACFC0446002800F09D80089B024623
:10E5F000DB7B99F81C000121FFF74EFB0646002843
:10E6000040F09480B9F81A00083080B2FEF726F97D
:10E6100011230546002800F08B800372089B9B683D
:10E62000B3F80080B9F81A308472063B984528BFC9
:10E6300098465FFA88F808F104034372230AC3720C
:10E640002046FFF7B5FC08992873020A6A7305F1A2
:10E650000E040590496820464246E8F7EBFD08ABFA
:10E6600003931FFA88F344440493059B4FF6FF720B
:10E67000934240D0581C80B283453CD309AB0193F0
:10E68000039B0093524618EE103A5946FFF756FC8A
:10E69000024680B3089B04989968098881422AD170
:10E6A000DB7B99F81C0005920121FFF7F5FA10BBFE
:10E6B000B9F81A300433A3EB08032B449C423AD830
:10E6C000059A2270130A63701046FFF771FC020A64
:10E6D000A070E270089905904246201D4968E8F74D
:10E6E000A9FD08F104021444BFE7042600241BE03E
:10E6F00001263C463D464846FFF79AF8B9F818000F
:10E70000DEB905F10802A21A01462B4692B2042096
:10E7100001F01AFD0BB0BDEC028BBDE8F08F0126B5
:10E72000E4E71026E2E70A262546E4E72746DDE788
:10E7300004461E46DFE70646DDE733463A4610212B
:10E74000FEF7DEFFE6E700002DE9F043937A557A05
:10E75000177A05EB032587B0ADB206460C4628466E
:10E7600005A99146FFF76AFA804600285BD0C37B73
:10E77000307F2A461021FFF78FFAE0B998F80E2073
:10E78000B8F80C30033C1007A4B21DD49C421DD134
:10E79000910709F10B031BD50599D1F80C90B9F13C
:10E7A000000F15D0CDE90138307F009400233A46A0
:10E7B0002946C84730B3122F32D1792836D1737F1A
:10E7C00043F0080373772BE09C42E1D90D202BE046
:10E7D00092060AD5194AD2F81490B9F1000F04D064
:10E7E000307F2A460921C847E4E71946D8F80400D3
:10E7F0002246E8F71FFD98F80E301B0702D5D8F81F
:10E8000008301C80122F0BD10920FEF727F838B1F1
:10E8100013230372318B03460122042001F094FC80
:10E8200007B0BDE8F0830120122FF9D103462A4634
:10E83000308B1221FEF764FFF2E700BF607A02100E
:10E840002DE9F04F937A547A92F80B8092F80C905D
:10E8500004EB032487B0A4B206468A46204605A9E5
:10E860001546FFF7EBF90746002877D0C37B307FCA
:10E8700022461021FFF710FA002852D108EB092890
:10E880001FFA88FBBB7BBBF1000F01D0D90667D50F
:10E89000AAF105091A071FFA89F902D4BB894B4569
:10E8A00060D1304604F05DF8314B1B68DB79834260
:10E8B0005AD90AF1060080B203F076FE804600289D
:10E8C00054D0BB7B9B0705F10D0519D44A46294658
:10E8D000A8F80490A8F80640A8F808B008F10A00C3
:10E8E000E8F7A8FC4146304603F0D8FF0AF10800DB
:10E8F00080B2FDF7B3FF0746D0B907B0BDE8F08F8F
:10E90000059BDB689C46002BE0D0CDE90157307FAA
:10E91000CDF800900023162221466746B84700280C
:10E92000D4D003462246308B1621FEF7E9FEE4E7F9
:10E930001723037244724FEA1B23240A847280F85F
:10E940000BB003734A4629460D30E8F773FC318B50
:10E950003B465246042001F0F7FBCEE70120E0E7FA
:10E960000B20DEE70D20DCE70920DAE71120D8E7ED
:10E970009C4700102DE9F041537A86B0064673B9E2
:10E98000FEF730FF0920FDF769FF68B31923037212
:10E99000318B03460122042001F0D6FB24E0012B39
:10E9A0006ED104684CB9DFF8DC80304603F088FF94
:10E9B000054600BB002CE5D010E0E08804A9FFF775
:10E9C0003DF9B0B121898289914210D8A3880B44C6
:10E9D00093420EDD0D243046FEF704FF308B2346B4
:10E9E00000221821FEF78CFE06B0BDE8F081072456
:10E9F000F1E72468D6E7E88805A9FFF71FF907467D
:10EA000020B90E243046FEF7EDFE17E0C37BD80692
:10EA100034D5BA7B910705F10A0313D50599CC6863
:10EA200084B12A89E988307FCDE90137AB8800932A
:10EA300013461822A04704460028E3D1284603F0D5
:10EA4000D5FDB2E7920607D5D8F8144024B1EA887C
:10EA5000307F0921A047EEE72C897868AA882044F6
:10EA60001946E8F7E7FBBC7B14F00804E6D0AB8856
:10EA70002989BA680B4413800024DFE70324C1E727
:10EA80000424ABE7607A0210704700008378034AE1
:10EA900003F00F0352F82330184700BF24EC0400A2
:10EAA00007B50C4B5A7F052A04D0012A0CD11B7ED6
:10EAB000012B09D0074803F0CAFF2223ADF8063026
:10EAC000054B01A89B68984718F022FB03B05DF83E
:10EAD00004FB00BF6C8A02104C7B02102DE9F0434E
:10EAE000134D6B7F87B00446F3B92B7E012B1BD0EF
:10EAF000042B19D00F4F467990F80690A98AB87B5D
:10EB0000B5F81080059100F037FE7A7C0392073447
:10EB1000AA7E02920346CDE900940599324640460A
:10EB2000FBF7DDFE044B1E7007B0BDE8F08300BFAD
:10EB30006C8A02104C7B02107DD50010064A527F71
:10EB4000034642B903F108019B79C0790BB9FBF781
:10EB5000A9BEFBF740BF70476C8A0210074B5A7F73
:10EB60005AB91A7E012A08D0042A06D003225A77FD
:10EB700002891A840120FBF787BE70476C8A021055
:10EB8000074B5A7F012A09D11A7E012A06D0042A8E
:10EB900004D0052200205A77FBF776BE704700BFED
:10EBA0006C8A02108378352B2DE9F04106462BD173
:10EBB000284A537F032B154623D8012B24D9C47828
:10EBC00024BB032B244F0AD1118C21B107231046FB
:10EBD000937203F037FF3B78042B18BF21240023E6
:10EBE0001A462121142000F017FD3B782B760123D3
:10EBF0006B774CB1194BB47030469B68BDE8F0415F
:10EC00001847191F012904D9BDE8F0810023537763
:10EC1000FAE7C478DCB9052B08D1104603F017FFDA
:10EC20000D4B1B78042B0CBF0224222400231A4610
:10EC30001520222100F0F0FCFF230020022C2B766F
:10EC40006877D6D1BDE8F0413C2118F073BA0123B2
:10EC5000DDE700BF6C8A02107DD500104C7B0210EE
:10EC600070477047044B5A7F012A04D105220020C7
:10EC70005A77FBF709BE70476C8A0210F7B50D4C46
:10EC80000E461946637F0746154683B90120019158
:10EC9000FBF7FAFD012F0CBF0223032301996377D1
:10ECA00004F12500268403F055FF84F8315003B0A9
:10ECB000F0BD00BF6C8A0210074A537F013B022B54
:10ECC00009D8064B1B78012B0CBF04230523002019
:10ECD0005377FBF7D9BD70476C8A02107DD50010C1
:10ECE00010B5074C204603F0B2FE00231A4622213D
:10ECF000152000F091FCFF2323760023637710BDDD
:10ED00006C8A0210FFF7ECBF08B503F0D9FC074B83
:10ED1000074A1A6018F0FCF9064B00201860FBF750
:10ED2000BDFBBDE8084003F0CDBC00BFA447001008
:10ED300044EC0400487B02107047000029238B70CC
:10ED4000024B0846D3F89C30184700BF787A02106F
:10ED500009798089FBF70EBC70B5144CA37D06467B
:10ED6000E3B194F84630DBB194F87630DBB9603427
:10ED70000325302200212046E8F7C8FF314620460F
:10ED800003F0E8FE4FF6FF73A381012200232574F0
:10ED90006374A27584F82C30204670BD0125E8E725
:10EDA00030340225E5E70024F6E700BF787A021048
:10EDB000024607480323817D11B18189914206D023
:10EDC000013B13F0FF0300F13000F4D11846704707
:10EDD000787A02101FB504460088FFF7E9FF50B1AA
:10EDE000A378282B07D8222B07D80A2B7DD00B2BF2
:10EDF0005BD0072B14D004B010BD233B052BFAD8F1
:10EE000001A252F823F000BF4FEE020073EE0200A1
:10EE1000F7ED0200F7ED02007DEE020097EE020032
:10EE200039238DF80230037CADF8003023798DF85A
:10EE300003308DF804308389ADF80630237A8DF8DD
:10EE40000830344B6846D3F89C309847D3E7037CAE
:10EE5000ADF800304023ADF802308389E288ADF888
:10EE60000430ADF80620A389A2680292ADF80C30F8
:10EE7000E7E7037CADF800304123ECE7037CADF815
:10EE800000304223ADF80230E388ADF80630237934
:10EE90008DF80430D5E7027CA388ADF8002043222A
:10EEA000ADF80220ADF80430CBE7A37A627A1B04F8
:10EEB00003EB0223227A1344E27A03EB02638362B8
:10EEC000012380F82C30037CADF800305723ADF8D7
:10EED000023023798DF80430E38854F8080FADF838
:10EEE0000630616802AB03C3ABE7037CADF80030CA
:10EEF0005823ADF8023023798DF80430E388ADF85B
:10EF00000630237A8DF808306389ADF80A30A3897A
:10EF1000ACE700BF787A021070B50A4C06460325AC
:10EF2000A37D43B9013D15F0FF0504F13004F7D18D
:10EF30002C46204670BD3146204603F010FE0028C6
:10EF4000F0D0F6E7787A021070B585786B1E012B49
:10EF5000044631D800F10A052846FFF7DDFFD8B98D
:10EF6000194B03224FF6FF76997D39B1597D02295D
:10EF70001ED0042902D19989B14219D0013A12F068
:10EF8000FF0203F13003EFD1E3782BB9237A012B91
:10EF900002D12846FFF7E0FEE3785BB93823A3707F
:10EFA00080B1037C23802146BDE8704000F0DCBACC
:10EFB0001846F1E73723F2E700883635FFF7F8FE09
:10EFC000A570EDE770BD00BF787A02107FB5002311
:10EFD000174D8DF8083003241623ADF806408DF840
:10EFE0000C302E46AB7D3BB1AB89ADF80A3001A8A1
:10EFF000ADF80430FFF7A8FF013C14F0FF0405F161
:10F000003005EFD10B4A0C4B1068516803C3906870
:10F0100043F8040B4FF03010C6E92F00106803C30B
:10F0200090681860054B1C755C7304B070BD00BF20
:10F03000787A021080EC04001C7B02104C7B0210DA
:10F0400001380649C3B2302202FB0312907D18B189
:10F0500003EB430301EB0310704700BF787A021003
:10F0600010B504460078FFF7EBFF20B12146BDE85C
:10F07000104000F079BA10BD1FB504460078FFF7C4
:10F08000DFFFD0B1A378413B042B16D8DFE803F0B3
:10F090000309171E2600808904B0BDE81040FBF765
:10F0A000F6BCE38980890293A38901936389009365
:10F0B000E2882389A188FBF79EFA04B010BD21796C
:10F0C000808904B0BDE81040FBF7CBBAE288A18884
:10F0D000808904B0BDE81040FBF7D5BAA1888089CB
:10F0E00004B0BDE81040FBF735BD0000064A03231D
:10F0F0000020917D09B10130C0B2013B13F0FF0344
:10F1000002F13002F5D17047787A021070B5064DE1
:10F110000646052455F8043B0BB130469847013CA0
:10F1200014F0FF04F6D170BD087B021073B50D46D4
:10F1300004460A3103F00EFDEB88A381687A00F0E3
:10F1400027FBE0742A7A1E4B6276AABB5B7B237591
:10F15000A61D9BBBFCF78CF80146304603F0FAFC79
:10F1600005F1170104F11A0003F0F4FC05F11D018B
:10F1700004F1200003F0EEFC0023E381637E7BB901
:10F180001A4601211620019300F046FAFFF7AEFF60
:10F190000128019B04D11A462721142000F03CFAD3
:10F1A000217C272000F04CFA27232846AB7002B0C0
:10F1B000BDE87040FFF7AABF9B7BC8E70049CCE7DA
:10F1C0004C7B021010B500238375437E0C466BB94F
:10F1D0001A460121162000F01FFAFFF787FF0346A9
:10F1E00020B902462821152000F016FA2823A37022
:10F1F00000232372E3802046BDE81040FFF786BF5E
:10F2000038B504460D46017C282000F019FA002389
:10F21000A375637E43B9FFF769FF034620B9024631
:10F220002821152000F0F8F92823AB702846BDE806
:10F230003840FFF76BBF0000044B054ADA60054A0F
:10F240001A61054B054A1A60704700BFA4470010B9
:10F2500074EC040050EC04003C7B02105CEC0400F5
:10F2600038B504460D46243403F02AFA034B43F81C
:10F270002450BDE8384003F025BA00BF787A021068
:10F2800070B5054606200E46144603F0D1F9014636
:10F2900058B131238370054B06800471C4704571E9
:10F2A000BDE87040187B03F0D8B970BD4C7B0210EC
:10F2B0001FB5FFF7C5FEA8B190F82C208389A2B135
:10F2C000027CADF80630836AADF800200293572225
:10F2D000084BADF802200022D3F89C308DF80420B2
:10F2E0006846984705B05DF804FB1846FBF7A4FA9A
:10F2F000F8E700BF787A021038B5054610200C46B2
:10F3000003F096F9D0B10E4A6B1E302101FB0323A6
:10F3100002465B7E002B0CBF33233423837022F81C
:10F32000045B2368436063685360A3689360054B84
:10F330000146187BBDE8384003F08FB938BD00BFE7
:10F34000787A02104C7B021038B5054610200C4626
:10F3500003F06EF9014680B102464223837022F821
:10F36000045B2368436063685360A3689360034B46
:10F37000187BBDE8384003F070B938BD4C7B0210F3
:10F3800038B5054606200C4603F052F9014648B14F
:10F3900043238370044B05800471187BBDE838401B
:10F3A00003F05BB938BD00BF4C7B021070B5064658
:10F3B00008200D46144603F03BF9014650B14423A2
:10F3C0008370054B06808580C480187BBDE8704043
:10F3D00003F043B970BD00BF4C7B0210084A0146E0
:10F3E0000320937D23B193898B4201D1107C704718
:10F3F000431E13F0FF0002F13002F2D1704700BF4C
:10F40000787A0210034B3022013802FB0030807DF5
:10F41000704700BF787A0210034B3022013802FB9C
:10F420000030C07C704700BF787A0210024B302257
:10F43000013802FB00307047787A0210034B30220B
:10F44000013802FB0030007D704700BF787A02105F
:10F45000024B3022013802FB003070477E7A0210E6
:10F46000024B3022013802FB00307047987A0210BC
:10F47000024B3022013802FB00307047927A0210B2
:10F48000034B3022013802FB0030C07D704700BFC3
:10F49000787A021070B5044616460D4603F010F94E
:10F4A000084B601E302202FB0030837D23B1C189EE
:10F4B00036B921EA0505C581BDE8704003F002B9FF
:10F4C0000D43F8E7787A021013B5044603F0F8F814
:10F4D00005483023013C03FB0404E089019003F05C
:10F4E000F1F8019802B010BD787A0210034B302277
:10F4F000013802FB0030407E704700BF787A02106E
:10F5000008464A7C807901F10B030989FFF7B6BBF5
:10F5100007B5CDE90010FFF7CFFBDDE9001003B020
:10F520005DF804EBFFF74EBE07B5CDE90010FFF71D
:10F53000D7FBDDE9001003B05DF804EBFFF7F6BD83
:10F5400007B5CDE90010FFF7DDFBDDE9001003B0E2
:10F550005DF804EBFFF736BE014B024A9A60704734
:10F560003C7B02108CEC04008B780E4A70B4447D16
:10F570000D4D03F00F030D2606FB043405EB440389
:10F5800015F814405B7844751C0952F824202AB100
:10F5900003F00F0370BC52F82330184770BCFFF71C
:10F5A000CBBB00BF3C7B0210A4EC04008278132A82
:10F5B000034603D8112A0AD81AB17047142A0BD06F
:10F5C000704706490A748B682022827018476722A8
:10F5D0009A70024B9B68F9E76622F9E74C7B0210B0
:10F5E00038B50A4B1A7C7AB90122094D1A740E24D7
:10F5F00055F8043B013C1B68984714F0FF04F7D111
:10F60000BDE83840FBF72ABD38BD00BF4C7B021077
:10F61000A4470010FFF7E4BF07B58DF80530074B8E
:10F620008DF802005B68ADF800109B688DF804202F
:10F630006846984703B05DF804FB00BFA44700107C
:10F6400007B5D7238DF80630054B8DF807005B6BA7
:10F65000ADF804109B6801A8984703B05DF804FB5F
:10F66000A447001010B5094C237C0BB10023237470
:10F67000042002F0DDFF014630B170238370207B4F
:10F68000BDE8104002F0E9BF10BD00BF4C7B021086
:10F69000FAF704BF064A8378127C02B133B9054AEF
:10F6A000D25C054B53F822305B681847704700BFA7
:10F6B0004C7B021040ED0400A447001070477047D7
:10F6C000014BDB685B681847A447001010B5094B75
:10F6D000094C1A6A094BA0609A429AB008D0FBF70D
:10F6E000D9FD442804D8064B019301A8A368984784
:10F6F0001AB010BDA44700104C7B021034ED04007A
:10F700000000650130B521B1137873B18B429CB212
:10F7100002D30022104630BD55788542FAD0E4432A
:10F720002144013389B21A44EDE71A46F2E700009A
:10F73000034B0022187303489A751A7400F040BCFA
:10F740004C7B021095F60200084649B1054B1B7C24
:10F7500033B98B78044A1B0952F823309B68184749
:10F76000704700BF4C7B0210A4470010014B987DEE
:10F77000704700BF4C7B0210044B9B7D2BB118B12E
:10F78000012808BF03207047022070474C7B0210FD
:10F79000054B9B7D33B1022803D0032808BF01200D
:10F7A00070470020704700BF4C7B0210013818BF23
:10F7B000012070478378034A03F00F0352F8233087
:10F7C000184700BF88ED0400024A0023D370024AA4
:10F7D00093757047647B02104C7B021042680A4BA1
:10F7E0001188818092788271084A1188A0F80710E8
:10F7F0009178417212F8071C21F0020102F8071CEF
:10F80000382242809B6818474C7B02106E7B0210A6
:10F81000416810B5032204460A4819F081FD00280A
:10F82000084A0CBF00230523E370D37823F00103BB
:10F83000D3703723A370044B20469B68BDE810406B
:10F84000184700BF647B02104C7B0210064A90F8F8
:10F850002B301372034633F81B1B918000F10B020F
:10F86000411D0079FBF78AB9647B02100146034B06
:10F8700031F8052BDA800079FBF7B0B9647B021010
:10F88000FBF7C1B9C27A411D0079FBF7E2B900006C
:10F89000F0B5174E174FF57815F0010187B0044603
:10F8A00020D1034645F0010533F8142F32809B78B0
:10F8B000B37003460DF10B0033F8172FADF8082095
:10F8C0009B788DF80A300D22E8F720FA6123204654
:10F8D000F570009330F8043B3A7B02A9FCF7ACFCCE
:10F8E00007B0F0BD40F237734380BB689847F7E735
:10F8F000647B02104C7B0210F7B5174E174FF1785E
:10F9000011F0020405461FD106F10A000321FCF79D
:10F91000ABFE337B0D2203F03F0343F0400321464F
:10F92000B0183373E8F7F2F9F3783A7B43F0020347
:10F93000F37028466823009330F8043B06F10A016F
:10F94000FCF77AFC03B0F0BD4FF4E7634380BB687B
:10F9500003B0BDE8F0401847647B02104C7B0210F6
:10F96000024B00795872FBF766B900BF647B021046
:10F970008378153B10B50446052B44D8DFE803F027
:10F9800003141F2A2D2F3A2383701F4B9A8802805D
:10F990001A7A72B11D4AC178927D0A4309D10120B9
:10F9A0005872FBF748F904E03B238370164BDB8861
:10F9B0000380164B20469B68BDE8104018473C2347
:10F9C0008370C0780028F4D1104B9B7D002BF0D0C1
:10F9D0000D4BE5E73D23A370EBE73E23FBE73F2319
:10F9E0008370C378002BE4D1074A0849527A8A759C
:10F9F000002A18BF01211A460ABF00211520142031
:10FA0000FFF70AFED5E710BD647B02104C7B0210A5
:10FA1000014B024A9A617047A4470010ACED040004
:10FA200073B505461A200191164602F001FE044600
:10FA300098B160238370019920F8046B03F0ABF850
:10FA4000294604F1140003F085F8054B187B214684
:10FA500002B0BDE8704002F000BE02B070BD00BF51
:10FA60004C7B02102DE9F74307462C209DF8288097
:10FA7000BDF82C90019116461D4602F0D9FD0446B2
:10FA8000E0B162238370A0F80090077101990530FE
:10FA900003F060F8314604F10B0003F07CF82946CE
:10FAA00004F11B0003F077F8064B84F82B80187BD9
:10FAB000214603B0BDE8F04302F0CFBD03B0BDE87E
:10FAC000F08300BF4C7B021073B506460C200191F9
:10FAD000154602F0ADFD044678B1662383700671C9
:10FAE0000199053003F036F8054BE572187B214685
:10FAF00002B0BDE8704002F0B0BD02B070BD00BF02
:10FB00004C7B0210064A074B107B187300214FF004
:10FB10003010C3E90400D1741976D173704700BF67
:10FB20004C7B0210807B02108378034A03F00F03A2
:10FB300052F82330184700BFB8ED040013B50A4C43
:10FB4000237E023B012B0BD8204602F080FF2523A9
:10FB5000ADF80630054B01A89B6898470023237633
:10FB6000FFF7D0FF02B010BD807B02104C7B02106B
:10FB70002DE9FF411B4C05460120FFF717FE267EAD
:10FB8000034666BB08332A1834F81310164F92F850
:10FB90000580F87B039104EB43039A880292FFF7F8
:10FBA000EBFD0346F87C0090DDE902214046FAF7C0
:10FBB000F3FEEB79012B0CD163770023237701202F
:10FBC0002B892076297B638304B0BDE8F041FAF7E6
:10FBD000D3BE022B01D10323EEE76677EDE704B035
:10FBE000BDE8F081807B02104C7B0210054B1A7E31
:10FBF000022A05D10021032208461A76FAF7BCBE74
:10FC0000704700BF807B0210FFF7F0BF8378062BA0
:10FC100070B5044623D1294B1A7E022A1D4608D10D
:10FC20005A7FA2B1827A042A04D11A7F7AB10022C3
:10FC30001A7770BD4268017A0120FFF763FD10B9A1
:10FC400001232B77F5E782786B7F1A42F8D02623C1
:10FC5000A3701B4B20469B68BDE870401847342BAF
:10FC6000E7D1164D2B7E012B2E460BD0032B1AD03D
:10FC7000A178002324291A460CBF14201520FFF771
:10FC8000CBFCE6E7C3785BB9698B21B12223284618
:10FC9000AB7202F0D7FE022333762423A370E7E78A
:10FCA00000232B76F9E7C6782EB9284602F0CFFE5E
:10FCB0002E762523F2E702232B76FAE7807B0210CB
:10FCC0004C7B021008B502F0FBFC044B044A9A601E
:10FCD000FFF718FFBDE8084002F0F4BCA44700108D
:10FCE000C4ED040070B505460078FFF7A9F9044695
:10FCF00020B1AB78502B02D0512B12D070BD007CBC
:10FD000001220221FFF7C6FBAB7F23760123A374F8
:10FD1000AA8BA0892B1D05F11401BDE87040FAF7EC
:10FD200077BE2A7D3AB16B7D0376291D8089BDE8B7
:10FD30007040FAF742BD007C0221FFF7ABFBA089BF
:10FD4000BDE87040FAF729BD00F030BB83782A2B5C
:10FD500007B501D02C2B06D1064BD3F8903013B148
:10FD6000019098470198044B9B6803B05DF804EB41
:10FD7000184700BF787A02104C7B021073B5054615
:10FD80000088FFF715F80446C0B1AB78102B27D1D7
:10FD9000EB89ABB926490822A81D19F0C1FA06461D
:10FDA00070B96946207C00F025FE014640B19DF8FF
:10FDB00000302376A6742888FAF7FFFC02B070BDE5
:10FDC000207C01220221FFF765FB0123A374237C21
:10FDD0002B803023AB70174B28469B689847EDE784
:10FDE0000E3B012BEAD8007C00220221FFF752FBD8
:10FDF000237CADF80030EB788DF80330A3B92C23C9
:10FE00008DF80230237EE375A37C8DF804306846BC
:10FE1000FFF79CFF237CADF800306846EB788DF847
:10FE2000033000F07FFEC9E72D238DF80230EEE7A6
:10FE3000F7F304004C7B021038B5054604200C464D
:10FE400002F0F6FB38B103228270C4700580BDE871
:10FE5000384000F0B5BD38BDF8B5074616200E464F
:10FE6000154602F0E5FB044670B104238370078059
:10FE7000067525B1324629461844E7F7DBF92046D6
:10FE8000BDE8F84000F09CBDF8BD0000034B044AFB
:10FE90005A61044B044AC3E900227047A44700108A
:10FEA000D0ED0400A07B0210F7F3040010B5044667
:10FEB00002F006FC024B1C60BDE8104002F002BCE0
:10FEC000A07B0210014B5868704700BFA07B021056
:10FED000014B1868704700BFA07B021010B58378F3
:10FEE000812B8AB0044606D1342383700E4B9B6865
:10FEF00098470AB010BD802BFBD1806802F076FBDA
:10FF000061680A4C332302A8ADF8063002F043FEC4
:10FF1000216806A802F03FFE206802F067FB024B52
:10FF200001A89B68E4E700BF4C7B021080D500105D
:10FF3000024B8122187B0021FCF7C0BA4C7B0210D7
:10FF400008B5014660220248E7F774F908BD00BF12
:10FF500084D500100048704784D5001070B5054660
:10FF600016200E4602F064FB044670B1058036B1DF
:10FF7000162383702046BDE8704000F021BD014685
:10FF80000C22284600F07CFFF4E770BD437B827BA7
:10FF90001B0403EB0223C27B007B1344034A03EBE5
:10FFA0000063B3FBF2F002FB1030704740420F00D9
:10FFB000014B024A1A627047A4470010DCED0400AE
:10FFC000014B9860704700BFA87B0210014BD860BE
:10FFD000704700BFA87B0210014BC3E904017047C2
:10FFE000A87B0210034B0022C3E900221876FBF71E
:10FFF00011B800BFA87B0210FBF70CB9704770471F
:020000023000CC
:100000007047000037B50C46FFF7E8F980B2ADF84D
:10001000040078B1084D8DF80640EB6801A89847B8
:100020002B698DF8064001A898476B698DF806404A
:1000300001A8984703B030BDC47B021070B5C278E8
:10004000837803EB02239BB2032B04461ED942792B
:10005000017901EB022189B20A1D934216D143783E
:100060000078A57900EB0320E37905EB0325ADB219
:10007000052D0D4BC0F30B0005D0062D0BD0042D24
:100080000BD11B6800E09B68224698472046BDE8DC
:10009000704002F0D9BA5B68F6E71E6A0A4623464A
:1000A0002946B047F2E700BFC47B021013B50446EF
:1000B000CDE90021FFF792F988B1FFF717FADDE9E2
:1000C000002138B9074B9B694BB1204602B0BDE80F
:1000D00010401847012802D1024BDB69F4E702B057
:1000E00010BD00BFC47B0210002102F0A9BA0000BD
:1000F000094B0A4A0A490B48C3E900220A4A9A6096
:100100000A4A5A61C3E90322094A1A62012283F8A2
:100110002420FFF761BF00BFC47B0210FDFF020077
:10012000050003003D000300AD00030001000300D3
:10013000FFFF0200034B042807BF1960DA60596013
:100140001A617047C47B021010B41970D4B2090A46
:100150005970211D9970111D0912120A9871000A17
:100160001C71D8715DF8044BD9705A711846FAF7B2
:10017000B3BF70B505460E200E461446FFF7B4FF18
:10018000034680B1012202720222827204730022AD
:10019000240AC2724672447329460622BDE87040A2
:1001A0000520FFF7D1BF70BDF8B50D46517A044662
:1001B000002939D01D4B167A1818007D88422BD1A2
:1001C000D77A907A00EB072080B2071DBD4223D179
:1001D000132E19D1022821D12344002119755F7CE7
:1001E000517B157B114805EB012502F030FC122FE5
:1001F000ADB20BD1012E18BF2946204608BF012100
:10020000BDE8F84017F0A4B8012EE4E729462046DF
:10021000BDE8F84017F0ACB8012E05D0204600220A
:10022000BDE8F840FFF7A5BFF8BD00BFE4D500105A
:10023000034B044ADA61044B00229A829A75704794
:10024000C47B0210A9010300E4D500102DE9F041A0
:10025000204E371805460C4630461E214FF0120836
:1002600087F8118002F0EAFB14203581FFF73CFF8C
:10027000034660B3184980F8088091F82420427240
:10028000FF2A3A751ABF0132D2B2012281F8242026
:10029000082282720022C272228802732288120A05
:1002A0004273628882736288120AC273A2880274DF
:1002B000A288120A4274E2888274E288120AC27426
:1002C00029460C22BDE8F0410520FFF73DBFBDE8FF
:1002D000F08100BFE4D50010C47B0210024B012264
:1002E0009A72187318747047E4D500100B4629B140
:1002F0008978012902D1188817F02AB87047C37984
:1003000033B9C36823B90089003818BF012070478A
:1003100001207047F8B50446FFF77EF8FFF738FA7A
:1003200006462046FFF782F8174C0546022720466E
:10033000FFF7E5FF28B9012F04F118040CD00127BD
:10034000F5E7A379B342F6D12946204602F007FC2F
:100350000028F0D02046F8BD0B48FFF7D0FF78B159
:100360000A48FFF7CCFF68B9084C18220021204644
:10037000E7F7CCFCA6712946204602F0EBFBE9E743
:10038000014CF2E7024CE5E714D600102CD6001021
:10039000FCD50010044890F8553023B94FF47A7119
:1003A000483002F04FBB7047FCD5001010B50B4C25
:1003B00094F85530012B03D104F1480002F047FBBB
:1003C000064858220021E7F7A1FC054B93F8E030DE
:1003D00084F854301F2384F8523010BDFCD500102F
:1003E000EC7B021008B5FFF795FFC06808BD000060
:1003F00010B50C46FFF78EFFC4711CB1024B1B6891
:10040000DB68436110BD00BFA047001008B5FFF7CF
:1004100081FFC07908BD000010B5FFF77BFF01899F
:100420000C4A0446A1B113689B8A13FB01F39BB2EB
:1004300011680A68C8685A43824298BF23810B69D1
:100440008CBFE060E2602361FFF7A4FFE06810BDAD
:100450000123EDE7A047001008B5FFF75BFF024B53
:100460001B681B69036108BDA0470010F8B51E4C4E
:100470001E4E03252046FFF742FF70B32269E36852
:10048000B2F57A7F38BF4FF47A72B3F57A7F38BF0E
:100490004FF47A73A3F57A73E3606369B3F57A7FF7
:1004A00038BF4FF47A73A2F57A72A3F57A7322619A
:1004B000636152B932682089918AB0FBF1F78842B2
:1004C00028BF1269278128BF226103B9E371204642
:1004D000FFF715FF08B1FFF75DFF013D15F0FF05C0
:1004E00004F11804C6D1F8BDFCD50010A0470010D7
:1004F0002DE9F34105460078AB783E4E272B00F1FD
:10050000FF3452D1FEF7F2FF482303FB04630028B7
:100510003FD1012283F83A200B22482707FB0464CD
:10052000287883F83F204FF00008EB88238784F871
:100530003D0084F83B8084F83C80FFF767FF2D780E
:1005400084F8420084F8438084F83E802846FFF710
:1005500049FF0446D0B196F8EC3005F1FF38284643
:10056000E3B1FEF7C3FF01280CBF2623242307FBBA
:100570000867102187F83E30482303FB08F3F21880
:100580000B449176F018214602F05CFA02B0BDE807
:10059000F081002283F83A200122BEE7FEF7A6FF91
:1005A00001280CBF0D230C23E1E7482202FB046461
:1005B00094F83D20002AE9D0282BE7D194F8421086
:1005C000FFF716FF2B88ADF804300A238DF80630AC
:1005D0002B7A2046203301A98DF8073017F054F903
:1005E000606B002584F83D500028CFD002F02CF835
:1005F0006563CBE7EC7B021008B5FEF7EFFE20B198
:10060000024B0138482202FB003008BDEC7B02108F
:1006100030B587B00D461446FFF7EEFFD8B1237A08
:100620005A1E0D2A17D8104AD25CAA4213D190F84C
:100630003F209A4211D0052B0DD107238DF80230AF
:10064000637A8DF8033090F83D30ADF8003069469C
:10065000019417F019F907B030BD052AEDD0062333
:100660008DF80230EFE700BFE8ED0400024B4822AE
:10067000013802FB00307047EC7B0210F0B50446F5
:1006800089B094F83A3090F83D000E461546002B9C
:100690005AD0FEF7EDFE02F06FFA002852D094F81F
:1006A0003D00FEF7CBFE074694F83D00FEF7D8FE6E
:1006B00002F062FA00285FD094F83D00FEF7ACFE2D
:1006C0002B460DF1120113F8022B57406A788DF872
:1006D000107050408DF8110005F1090704F1200059
:1006E00013F801CB10F8012BBB4282EA0C0201F88F
:1006F000012BF5D104F1270010350DF1190113F884
:10070000017B10F8012BAB4282EA070201F8012BB2
:10071000F5D10B23194A009392F8E02094F83D306C
:1007200004A93046FBF788FDFF2884F8410007D173
:1007300040F6030303A92046ADF80E3017F0A4F8E5
:1007400009B0F0BD0127AFE7FEF78AFE02F014FA08
:1007500080B194F83D00FEF75FFE074694F83D0037
:10076000FEF786FE02F008FA30B194F83D00FEF77D
:1007700065FEA5E70127F1E70120A1E7EC7B021068
:100780002DE9F041044688B094F83A3090F83D00E5
:1007900088461746002B58D0FEF76AFE054602F041
:1007A000EBF920B194F83D00FEF752FE054694F8AF
:1007B0003D00FEF755FE064602F0DEF920B194F842
:1007C0003D00FEF733FE064604A8BB1D3A4601462F
:1007D00016F801CB12F801EB8CEA0E0C9A4200F8E5
:1007E00001CBF5D107F10C060DF1160015F8012B20
:1007F00013F801CB82EA0C02B34200F8012BF5D1C9
:100800003B7B8DF81C307B7B8DF81D30BB7B8DF8DE
:100810001E30FB7B8DF81F30184A0B23009392F893
:10082000E02094F83D304046FBF706FDFF2884F8B1
:10083000410007D140F6030303A92046ADF80E306E
:1008400017F022F808B0BDE8F081FEF709FE054672
:1008500002F092F920B194F83D00FEF7E7FD05465D
:1008600094F83D00FEF704FE064602F085F90028E4
:10087000AAD094F83D00FEF7EBFDA4E7EC7B021054
:1008800070B588B0164604460D4604A8194602F015
:100890008BF9314606A802F087F90B230B4A009327
:1008A00092F8E02094F83D3004A92846FBF7C4FCF8
:1008B000FF2884F8410007D140F6030303A920462E
:1008C000ADF80E3016F0E0FF08B070BDEC7B021002
:1008D00070B5046B261D94F8201005463046FBF7D2
:1008E000C3FE94F820000021C0F110023044E7F765
:1008F0000DFA94F8312094F8303003EB02232246AD
:10090000A38352F8323F63615368A3610123A37745
:1009100095F8403013F0040F14BF02230123E3774E
:100920002F23A3702046BDE87040FFF70FBA0000E8
:1009300070B590F83C3004460D462BB1406B08B1C1
:1009400001F082FE656370BD0A7A0B460349BDE87B
:1009500070408A5C018F0620FFF7F6BBE8ED0400CB
:10096000F8B50678134F013E482404FB067405468B
:1009700094F83D20E2B18378012B0CBF01230023C2
:1009800084F83C3014D0616B21B1002363632046AE
:10099000FFF7CEFF482303FB067696F83E303BB1C7
:1009A0000C23AB7029462046BDE8F84016F06CBF1A
:1009B000F8BD00BFEC7B0210002101F041BE000039
:1009C000024B014693F8E00001F047BEEC7B0210B9
:1009D00090F840305B070BD590F82B3090F824202E
:1009E000934228BF1346102B0CBF032002207047F0
:1009F0000120704738B5134A92F8EC40013813468D
:100A00007CB1482404FB0024626C15784DB19269D6
:100A10003AB12046FFF7DCFF0870636C986910302C
:100A200038BD482202FB0033186B0028F8D093F839
:100A3000402012F0040F14BF022201220A70186B2A
:100A40002030EDE7EC7B021070B5144C054684F8BD
:100A5000E000FFF7ABFC02230126A4F85030A4F815
:100A600060300F490F4A257303230620268125771E
:100A7000268384F8545084F8645084F89C50A4F879
:100A8000983084F8AC50A4F8A830FFF753FB3046F8
:100A90000549BDE87040FEF7E3BB00BFEC7B0210E8
:100AA0001106030061090300F104030013B50C46AD
:100AB00021B18B781F2B03D1FFF7D8FC02B010BDFA
:100AC0001C2B03D1886808B101F090FD23781348EE
:100AD000013B482202FB030292F83D100029EDD0B1
:100AE000A1780B2912D192F84110E27891420DD0F1
:100AF00000230B4C8DF807300DF10701204601F063
:100B0000BCFD0028DAD001F09FFDF5E74822214620
:100B100002FB030016F0B8FED0E700BFEC7B02102A
:100B2000AC780210C378002B0CBF082309230146C0
:100B300083700020FFF7BABF38B5456C6B69044677
:100B40001BB9602001F030FD6861656CAB681BB9B2
:100B5000402001F029FDA860656CAB691BB920201D
:100B600001F022FDA861656CEB681BB9402001F023
:100B70001BFDE860656C2B691BB9202001F014FD9A
:100B80002861636C586948B1986838B1986928B190
:100B9000D86818B11869003818BF012038BD436CF7
:100BA00010B50446586920B101F020FD636C0022A5
:100BB0005A61636C986820B101F018FD636C0022E3
:100BC0009A60636C986920B101F010FD636C00229B
:100BD0009A61636CD86820B101F008FD636C002253
:100BE000DA60636C186920B101F000FD636C0022CB
:100BF0001A6110BD73B51C461C23019394F83D3057
:100C000000930B4B069E93F8E0300D46FBF7E4FB98
:100C100060B9284601F0EAFC40F60303314620465D
:100C2000738002B0BDE8704016F02EBE02B070BDF9
:100C3000EC7B021070B50E46154601F0B5FC04467B
:100C400030B940F603036B802946304616F01CFE8F
:100C5000204670BD2DE9F04706460F4615460A4668
:100C6000014641209DF82090DDF824801C46FFF7C6
:100C7000E1FFF8B12A46034605F1200152F8045B72
:100C800043F8045B8A42F9D1234600F1200204F1C3
:100C9000200153F8044B42F8044B8B42F9D180F801
:100CA000409033460897014641224046BDE8F04750
:100CB000FFF7A0BFBDE8F087094B0A4A5A6402F16A
:100CC0001C013832C3F8D420074AC3F8E420074A8D
:100CD000C3F8E8200122C3F88C1083F8EC20704799
:100CE000EC7B0210DC7C0210017B04006D7D0400B3
:100CF00038B505461446E6F79DFA281938BD10B5F3
:100D0000044601F048FF04F1100010BD70B5012247
:100D100004460E4690F83D001146FEF7BBFB204608
:100D200016F088FB4920FFF747FE0546A8B10C23C3
:100D30000372636C2022D968093001F05BFF636C99
:100D4000D968202205F12900114401F053FF2946FA
:100D50002046BDE87040FFF7EBBD40F6030373800B
:100D600031462046BDE8704016F08EBDF8B51746F6
:100D7000012204460E4690F83D001146FEF78AFB1C
:100D8000204616F057FB1920FFF716FE054660B106
:100D90000D23037239460930102201F02BFF29463A
:100DA0002046BDE8F840FFF7C3BD40F6030373805B
:100DB00031462046BDE8F84016F066BDF8B5174646
:100DC000012204460E4690F83D001146FEF762FBF4
:100DD000204616F02FFB1920FFF7EEFD054660B107
:100DE0000423037239460930102201F003FF29461B
:100DF0002046BDE8F840FFF79BBD40F60303738033
:100E000031462046BDE8F84016F03EBDF8B517461D
:100E1000012204460E4690F83D001146FEF73AFBCB
:100E2000204616F007FB1920FFF7C6FD054660B106
:100E30000323037239460930102201F0DBFE2946F4
:100E40002046BDE8F840FFF773BD40F6030373800A
:100E500031462046BDE8F84016F016BD436CDA78FE
:100E60005969D308C3F10F0351FA83F302F0070263
:100E700093F82000104100F001008030C0B27047AC
:100E8000F8B50C4617460646FFF7F0FB90F84230DF
:100E9000013380F8423005462680E7703046FFF780
:100EA000DBFA054B1A6895F84230D27993420CBFB1
:100EB0000D230323A370F8BDA047001013B504222F
:100EC0000DEB0201044690F83D00FFF7D9FF01A9A0
:100ED000204616F0D9FC02B010BD0000024B034AB8
:100EE000C3F8D820FFF7E8BEEC7B0210D0EE040078
:100EF000054B064AC3F8D820054AC3F8E420054A42
:100F0000C3F8E820704700BFEC7B021064F10400D6
:100F1000E9780400F1790400044B0022DA721A60C7
:100F2000DA761A6183F82B201A62704754D60010C3
:100F3000F8B50A4E074603250024307928B1FEF79C
:100F4000D5FAB84204BF0134E4B2013D15F0FF0503
:100F500006F13006F1D12046F8BD00BF607D0210D9
:100F6000034B3022013802FB00304079704700BF4C
:100F7000607D0210014B187001F08EB8407D0210A8
:100F800003460846B1B18B781F2B02D90C4B5B6826
:100F900018470F2B02D90A4B1B68F9E7012B04D025
:100FA000022B04D053B901F017BA01F014BA087833
:100FB000FEF77EB9DB0601D501F016BA704700BF17
:100FC000307D021010B504460430FEF7DFFF01F05B
:100FD00001FA20780121BDE81040FEF7BFBF0146AD
:100FE00013220320FEF74CB9044B187920B993F86B
:100FF000340008B993F86400704700BF607D0210A8
:10100000302301385843014B18587047607D021057
:1010100073B53023013959430E4B05465C58FAF736
:101020003FF9A0B120460022042101F00BF904464B
:1010300068B1867DFEF74CFF2A88019201220346A3
:10104000009204F1100122463046FEF70BFD02B07B
:1010500070BD00BF607D021038B50446C8B101F014
:10106000A7F9B0B1204601F0A9F9054688B90246B2
:101070000421204601F0E6F858B100F110010122E8
:10108000807DFEF721FD29462046BDE8384001F06D
:1010900092B938BD10B4421E094C0A49302353435B
:1010A000E218097882F82C102033022182F82A10E5
:1010B00010851E21E0185DF8044B01F0C3BC00BF91
:1010C000607D0210407D021070470000044B4FF419
:1010D0007F42A3F89C20034B034A5A60704700BF2D
:1010E000FC7D0210307D0210C910030007B5CDE968
:1010F0000021FFF785FF30B1DDE9002103B05DF885
:1011000004EB01F027B903B05DF804FB38B50446E1
:10111000FFF776FF054690B10821002201F092F812
:10112000014660B12046002215F0BCFF284601F0C0
:1011300039F901462046BDE8384015F0BDBF38BD3D
:101140008378272BF7B504782FD12046FFF758FF77
:10115000054600B301AA0DF1030101F0F5F8019A6B
:101160009DF80310204615F051FF284601F0D9F8EC
:1011700001462046FCF7C4F89DF80330032B05D147
:101180004FF6FF720121204601F030F92046FFF7AB
:10119000BDFF03B0F0BD01462046FCF7B1F82A467A
:1011A0000121204615F032FFF0E72A2B2DD10379DB
:1011B000DB07EBD52046FFF7D3FE05460028E5D137
:1011C0002046FFF71DFF06460028DFD0FCF712F986
:1011D0000746E9B28F420DD801A90122204615F039
:1011E0004BFF204615F056FF01AA0146304601F09C
:1011F000B1F8CBE72046FCF7D1F8024618B1A9B206
:10120000304601F090F80135E3E7282BC1D12046A4
:10121000FCF7B6F82046FFF7F3FE05460028B8D0E5
:10122000204615F051FF0146284601F0BEF8B0E710
:1012300010B5044601F0A4F8014620B16068102200
:1012400018F06EF890B1606801F09EF8032100205C
:1012500001F088F80321002015F0BCFEBDE8104025
:101260004FF6FF720121002001F0C0B810BD438984
:10127000122B10B50DD104782046FFF7C1FE10B136
:10128000002101F06FF820460021BDE8104015F064
:10129000A1BE10BD83780F2B03D0112B03D1FFF714
:1012A000C7BFFFF7E4BF7047014815F0BFBE00BFDE
:1012B000ED10030010B4421E094C0A493023534379
:1012C000E21809781177102191761083064A126886
:1012D0000B44E01811685DF8044B01F0B3BB00BF8C
:1012E000607D0210407D0210587D02102DE9F04F04
:1012F00001EB80031E4C03F1100254F8239034F8E4
:101300001250203300F1280234F81330ED1AABB23A
:1013100034F812500F469D424FF0010185B08346CC
:101320004FEA800A28BF1D4607EA010215B905B039
:10133000BDE8F08F0AEB070808F12008FB2D34F810
:101340001830039296BF2E46FB2602314B4498BFBD
:10135000C9B200935846F3B215F034FF34F8183090
:10136000039A3344AD1B24F81830ADB20021DDE7F9
:101370009C7E021049002DE9F041CDB205EB8003BF
:101380001D4C03F12002103334F8122034F81330CE
:101390006E1C9A425FFA86F807464FEA800602D230
:1013A0002946FFF7A3FF06EB080303F120021033E1
:1013B00034F8122034F813309A4203D241463846AA
:1013C000FFF794FF354405F12003103534F813205E
:1013D00034F815309A420DD3464406F120031036F6
:1013E00034F8132034F816309A4222BFE019012352
:1013F00080F85530BDE8F0819C7E02101FB50223B5
:10140000437304460079FEF75FF8002808BF012304
:10141000207918BF002311D1A27A7AB1237B01333E
:101420002373084B1B685A689B68029301A9064BFB
:1014300001920393FDF760FF04B010BDA372FFF7A4
:1014400039FFF9E7587D02100000FFFF8378102B69
:101450000CD10088064B0138302202FB0030437B60
:10146000022B01D1FFF7CABF01234373704700BFAE
:10147000607D021013B50446006898B10DF10702B3
:10148000012100F0DFFE034660B16279B2FA82F218
:101490005209A2719DF807200121207915F0AAFFB9
:1014A00002B010BD0023A3711A461946F5E70000EB
:1014B00030B5114A92F85D305B00DBB25D1C03EB86
:1014C00080032033EDB232F8134081001CB10024B8
:1014D00022F8134001244B19203332F8131039B18C
:1014E000002122F813100244002382F8553001E055
:1014F000002CF8D130BD00BF9C7E0210034B1B684E
:101500001B6813B1103001F0A2BA7047587D021069
:101510002DE9F8430023CB8000F10A090D4604466B
:101520004946407A00F050FE286070BB94F809806C
:10153000B8F1010F1BD1E37B03F0C003402B16D1A0
:10154000154D95F8747097B900F00EFE064670B10F
:1015500004213A4600F076FE014640B12288484612
:10156000FEF75EFA2E6785F8748085F86C700B4D77
:101570002B681B796BB100F013FE50B12B682078FB
:101580001978BDE8F84315F024BF054B01221A7005
:10159000EDE7BDE8F88300BF9C7E02103C7D0210A1
:1015A00084D60010086808B508B100F0C0FD024BF1
:1015B00000221A7008BD00BF84D600100C4900221A
:1015C000A1F15E030A608A808A81C1F806204A81FF
:1015D000032183F8571099654FF47F41C3E91E2218
:1015E00083F87420A3F85C10024B034A1A6070471A
:1015F000FA7E0210307D02104D1403002DE9FF41E8
:101600008378222B044631D0482B2FD0008887497D
:10161000451E30226A43372B02EB01060F4600F0CD
:101620009A800CD8203BDAB2092A0FD8092B0DD8A2
:10163000DFE803F0170C1C0C0C0C0C234C6D572B23
:1016400000F0DE8005D8402B00F0BC8004B0BDE87F
:10165000F081662BFAD10020F8F7CEFBFEF702F8F6
:10166000F4E7734B0022C3E91E22EFE7704B9B6F38
:10167000002BEBD020469847E8E7302303FB051307
:10168000C0B218716B4B1B681A68B2B1228A998874
:1016900091420AD8D988914207D3618A1A89914226
:1016A00003D1A28A5B899A4207D0302303FB0575D8
:1016B0000023AB722B73FFF7FDFD5D4BDB6F0BB1AE
:1016C000204698472078FFF7E5FCBFE730235D43CD
:1016D00001EB05084859FFF7BFFC3046FFF70EFF46
:1016E000534B98F80910002288F8042088F80D2040
:1016F00083F8742049B188F8092083F85D201A64C2
:1017000083F855209A6483F85620DB6FB0E7494B85
:101710001A681368002B99D0E3788BB923899188D4
:10172000994206D8D2889A4203D33046FFF7E6FEA4
:101730008CE7302303FB05752879FFF7BBFD85E7B0
:101740000C2B83D0302303FB0515137B297B994297
:10175000BFF47CAFF0E7364F97F874303D46002B6E
:101760003FF474AF94F80380B8F1000F10D1324BFE
:10177000012018703B6F535097F86C3023B13046FE
:10178000FFF778FE87F86C80002385F874305DE7FA
:10179000B8F1050FF8D1386F0028F5D000F0E4FC5F
:1017A00038670028F0D00022042100F04BFD0746E6
:1017B0000028E9D03079FDF739FE22883946FEF756
:1017C0002FF943E71D4B1B681B788BB9E288ADF8F6
:1017D00004202289ADF806206289ADF8082030790E
:1017E000A289ADF80A2001A90393FDF7ADFD2DE70D
:1017F000012B7FF42BAF30791121FDF7C1FD25E7D7
:10180000237A9B0605D540F64802FB21C0B2FDF7BE
:10181000CDFD302303FB05756B7B012B03D13046D7
:10182000FFF7ECFD12E702236B730FE7607D0210F8
:101830009C7E0210587D021084D60010DC470010F8
:10184000F0B5194CBDF814E0BDF818C001EB8006E6
:10185000054644F8263006F1100324F8132006F15B
:101860001803203624F813E000F1280324F813C0ED
:10187000002324F81630231893F85730032B2346FF
:101880000CD094F85D40B4EB510F07D1FB2A05D87A
:10189000624503D8BDE8F040FFF728BD1D44002392
:1018A00085F85530F0BD00BF9C7E02102DE9F74F42
:1018B000374CDDF830A094F85AC0074694F8590028
:1018C00099469DF8343001931546ACF10403021F8C
:1018D0000E46DBB2D2B2884607EB010B594512D156
:1018E00005EB470306F1FF3800934FF05E0B009BBA
:1018F0009D4222D153464A463146384603B0BDE8A0
:10190000F04F15F087BC11F801EBBEF1000F0CD1C0
:1019100008B1012AE2D80120FFF70AFB1D4B1B6822
:101920001B788342DCD803222DE0BEF1010FD5D114
:10193000BCF1000FEFD0012BECE7019B93B12A889B
:1019400098F80100114615F0ADFC98F80100062347
:10195000211813FB00B391F86A2091F85910234421
:1019600015F010FC18F8010F231893F855301BB927
:1019700094F85D10FFF7FEFC0235B8E718F8013B5C
:10198000234483F85720D845F8D103B0BDE8F08F41
:101990009C7E0210F07D02102DE9F3470E469DF863
:1019A0003010214CDDF8288094F85D50022907465C
:1019B00009D1CDE9002300F0F3FBDDE9002390B964
:1019C000012184F8541084F85D1094F85D40AC4215
:1019D0000BD10121CDE90A813846314602B0BDE87C
:1019E000F047FFF763BF0021EBE76400E4B2601C3F
:1019F000DFF834C0C0B2314607EB060A4FF0000EE4
:101A00005145E6D011F8015B04EB850909F1200985
:101A10002CF819E000EB850909F1200965442CF840
:101A200019E085F855E0EBE79C7E02101FB501290F
:101A30008DF80F00ADF80C20ADF80A3027D004293E
:101A400025D0194CC0B2231893F859208A421ED0D1
:101A500083F8591094F85D30FF2B18D0FFF728FD5C
:101A60009DF80F30234493F85720032A11D1002208
:101A700083F857209DF81C30019306AB009303AA0E
:101A80000DF10A030DF10F010120FFF70FFF04B064
:101A900010BD012003220DF10F0183F85B0083F8D4
:101AA000572015F0E3FBF2E79C7E02102DE9F74F7B
:101AB00004460288A178A348561E302303FB06FC87
:101AC00027390CEB00070546182962D8DFE811F02A
:101AD000190020006100270061004C0061006100D6
:101AE0007400EC008600610061006100610061002B
:101AF000610061006100220131016100610061004B
:101B000017013946204603B0BDE8F04FFFF700BD8E
:101B10003946204603B0BDE8F04FFFF743BD03FB55
:101B200006F28318D979002933D0805801215971E0
:101B300010B1D97A00F0F4FA834B002283F85420D4
:101B400093F85D20012A02BF302303FB06535A722B
:101B500030237343EA18EB58DBB11179204603B008
:101B6000BDE8F04FFFF754BA03FB0603997929B19A
:101B7000217919B10121597100219971734B1B7899
:101B80003BB1D4B22046FFF73BFA00F0CAFB064651
:101B900080B903B0BDE8F08F36F815201AB1394688
:101BA0002046FBF705FC0135FBF724FCEFB2B842F9
:101BB000F2D8EEE70025F7E77343C218D179002980
:101BC000E7D0C0580028E4D0A17FD37A0B43214648
:101BD000D37203B0BDE8F04F00F051BB5A4B93F8FD
:101BE0005430002B33D05A4F22793B684FF03008E5
:101BF0001B7808FB06F8134005EB080A03F0010305
:101C00008AF80730002B39D1302202FB065200231C
:101C1000D3723B68107993F8018093F80290FDF736
:101C2000FBFB01284FF0300000FB0655E0793968D6
:101C3000A3790A78C97809EA000008BF48F00208C9
:101C40000090287908EA030315F0A4FBA1E72379A3
:101C5000DB07C8D5302303FB06035A7922B1187974
:101C6000FDF70EFC0028BED0302303FB06530521F0
:101C7000187903B0BDE8F04FFEF7DEB855F808B0AC
:101C8000BBF1000FC0D19AF80400FDF7C5FB8146F7
:101C90009AF80400FDF7CAFB5A460146484600F090
:101CA00001FA45F80800AFE703FB06F28358BBB919
:101CB000B4F80E800634B8F1000F05D1254908228A
:101CC000204617F02DFB88B12146404600F09CFAD3
:101CD00030237343E85018B11B4B002283F8742063
:101CE000384603B0BDE8F04FFFF7C4BB164B93F87E
:101CF0007420002AF4D0012283F86C2049E7E378AD
:101D0000002B7FF446AFFDF731FD03B0BDE8F04F87
:101D100000F0ECBBE378002B7FF43BAF5CF80000F5
:101D200000283FF436AF012103B0BDE8F04F00F0CA
:101D300042BBE17800297FF42CAF5CF8000000285A
:101D4000F2D126E7607D02109C7E021084D600103E
:101D50003C7D0210F7F30400014B83F854007047F8
:101D60009C7E021010B50446FDF78AFB38B9044B7F
:101D70001B6820461978BDE8104015F02ABB10BD3D
:101D80003C7D0210064B93F85720022A06D993F89F
:101D9000580002288CBF00200120704701207047A6
:101DA0009C7E021070B5044658B10F4D0B46084496
:101DB000032683420BD013F8012B2A4482F8576084
:101DC000F7E7094B032283F8572083F85820FFF7E1
:101DD000D9FF18B9044BFF2283F85D202046BDE8E7
:101DE000704015F043BA00BF9C7E0210064B074AB4
:101DF000986F20B99A67064ADA6701207047831AFC
:101E000058425841704700BF9C7E0210A11E03003B
:101E1000651E03001FB5114B114A1B6892F857103D
:101E200003EB4100C088ADF80E0098B100228DF898
:101E30000C208DF80D2001200DF10D02009203EB16
:101E4000410301900DF10E0203A9FFF72FFD05B02C
:101E50005DF804FB032382F85730F8E75C7D02103D
:101E60009C7E021082780D4B282A06D193F87520AB
:101E700072B1002283F875207047272A08D193F8A1
:101E80007520002AF5D1002283F85720FFF7C2BF42
:101E900093F85720032AF6D0704700BF9C7E0210AB
:101EA0008378482B01D1037993B10A4A92F85B30C9
:101EB00033B1002382F85B3082F85730FFF7AABFB6
:101EC00092F857300133DBB2022B82F85730F5D944
:101ED000704700BF9C7E02101FB504460392FFF7B7
:101EE00085FF039B58B11F221F29CDE900224FF027
:101EF00000000A4628BF1F222146FFF7A1FC04B0BC
:101F000010BD00007FB50146FFF770FFA0B10C4A7D
:101F1000002382F857308DF816308DF81730094BB2
:101F20001B6802910DF117020120009201909A1D89
:101F30000DF11601FFF730FD07B05DF804FB00BF9F
:101F40009C7E02105C7D021007B5FFF74FFF38B191
:101F500000230DF1070101208DF80730FFF722FF64
:101F600003B05DF804FB000013B50146FFF73EFF28
:101F700060B1074B002083F85700064B1A68012414
:101F80001388D288CDE90004FFF750FD02B010BDE0
:101F90009C7E02105C7D02100A4B70B51E680546DF
:101FA00000243359013B033306EB040105EB040025
:101FB00006D8C422C434E5F73DF9B4F5137FF0D157
:101FC00070BD00BFE44700102DE9F0412E4E376888
:101FD00005464FF000083B6801334DD0394628468E
:101FE00000F0BDFD044650B33468284B284E184617
:101FF00032882146E5F71EF9C422294602FB080073
:10200000E5F718F9F4F732F8C4F345320546C4F39E
:10201000C0412048F3F7DCFD33881C491D4813F00C
:10202000030F4FEA930314BF01339BB22246F3F729
:10203000D3FD2846F4F71EF80120BDE8F08108F131
:102040000108B8F1030F07F1C407C4D1F4F70EF883
:1020500031680746C1F345320E48C1F3C041F3F77A
:10206000B7FD32680B4831232946F3F7B5FD3846F2
:10207000F4F700F82046E0E731233A4629460548C0
:10208000F3F7AAFDD8E700BFE44700101C7F021059
:10209000E847001021433412014B1868FFF77CBF5A
:1020A000E04700102DE9F0411B4B164693F82F2016
:1020B00080460F46FAB193F8F320F2B193F8B721B6
:1020C000F2B903F5C474C42200212046E5F71EFED0
:1020D000012384F82F30204684F80680394600F02A
:1020E00039FD002384F8313084F8323084F8C3603D
:1020F0002046BDE8F0811C46E5E703F1C404E2E7B1
:10210000064A146803F5137104F1C4058D4208BF33
:102110001D461560D7E700BF88D60010E0470010C5
:10212000012280F8302080F82E10FFF74DBF90F884
:1021300030300BB980F82F3070470000094A014653
:10214000032092F82F3023B192F830300BB1914236
:1021500006D0431E13F0FF0002F1C402F1D1704714
:102160000120704788D6001010B5044648B1FFF72B
:10217000E5FF28B104F1C400074B984203D30020C7
:1021800010BD0648F8E790F82F201AB190F83020DB
:10219000002AF5D1C430F0E7D4D8001088D600105A
:1021A000084B032093F82F2012B193F8C32032B1CB
:1021B000013810F0FF0003F1C403F3D17047012090
:1021C000704700BF88D60010F8B50E46FDF7E0FA5C
:1021D0000C4C0746032594F82F3043B9013D15F008
:1021E000FF0504F1C404F6D12C462046F8BDA379BE
:1021F000BB42F3D13146204600F0B1FC0028EDD0BF
:10220000F3E700BF88D60010F8B50D4C06460F4620
:10221000032594F82F3053B1B4F84C30B34206D1B3
:102220000822394604F1440017F07AF830B1013D34
:1022300015F0FF0504F1C404EBD12C462046F8BD8F
:1022400088D6001090F82E300B4016D0013907299F
:1022500013D8DFE801F00409120E1212121090F8E0
:102260004E3013703430704790F86A30137050302D
:102270007047073070471E3070470020704730B4F9
:102280008B7F013B072B17D8DFE803F004181629D2
:102290001616163DCB7F80F84E3000F134020B1D30
:1022A00001F11C0518685968144603C40833AB4291
:1022B0002246F7D11B88138030BC7047CB7F80F853
:1022C0006A3000F150020B1D01F11C0518685968B5
:1022D000144603C40833AB422246F7D1EAE70B1D8C
:1022E000C21D01F1180453F8045B42F8045BA342D9
:1022F000F9D11C8814809B7893708B7E837130BCDD
:10230000143100F027BC0B1D00F11E02143153F8EC
:10231000044B42F8044B8B42F9D10023C0F88030C3
:10232000CAE76C30704700EB410110B5A1F86C2092
:102330000446FEF759FEFEF713FE20B12046BDE825
:102340001040FFF741BE10BD90F884300B7085300F
:10235000106070472AB120B180F88410137880F89B
:102360008530704738B9054B83F8841083F84811DD
:1023700083F80C12704780F88410704788D60010DC
:1023800000487047E9D8001040B1054B00F1100239
:1023900050F8041B43F8041B9042F9D1704700BF6A
:1023A000E9D80010D0F880007047C0F8801070475E
:1023B00090F83100704780F83110704790F8320083
:1023C00070470000024B5B6803B11847704700BFBD
:1023D0006881021070477047024B9B6803B1184731
:1023E000704700BF688102107047000073B5144B3E
:1023F0001E7804461D46A6B1ADF80410ADF80620BF
:1024000088B9012469782046FAF7DCFF28B101ABCE
:10241000042212212046FBF759F90134E4B2042CBE
:10242000F0D102B070BD5978FAF7CCFF0028F8D08F
:1024300001AB042212212046FBF748F9F1E700BF67
:1024400074810210152907B508D1012201A914F0E1
:1024500013FE049B9DF804205B681A70002003B0F3
:102460005DF804FB10B40C46152C1946BDF8042089
:10247000029B03D15DF8044B14F0DEBD00205DF833
:10248000044B7047142910B528BF14210C460A4686
:1024900001460348E4F7CEFE024B1C8010BD00BF8E
:1024A00003D90010FCD8001010B5044CE380044B95
:1024B000A2800822208061801A8010BD17D90010E8
:1024C000FED8001008B50448FBF7F2FABDE8084052
:1024D0000248FBF7EDBA00BFEC47001000480010BF
:1024E000014BC3E90201704700480010014B18700E
:1024F000704700BF02D900102DE9F041274C284D4C
:102500002160C00802EB42042A7001EB840401EB55
:10251000C000043301F10C054FF0080C0027A04265
:1025200002D20020BDE8F08192B333F8046C072E8C
:1025300019D825F80CCC35F80C6C13F802EC05F81A
:102540000AEC45E90244F608F600BEF1010F13D883
:10255000A04203F1040305F10C05E2D3013A276020
:10256000D2B23444DBE716F0070F1CBF26F0070693
:10257000083625F80C6CDEE7A042D2D304EB06083F
:102580000EF1FF3EC4F800805FFA8EFE4446DCE7A1
:10259000044B601A80B21880C4E700BF40D9001015
:1025A0007681021078810210F8B50E4B1E680E4B32
:1025B0001C7807460CB925460CE03388BB420DD386
:1025C00000F06AF8B5683DB12B68B36000236B601A
:1025D00000F06CF82846F8BD00F068F8013CE4B261
:1025E0000C36E7E740D900107681021038B50D4A65
:1025F0000D4B14781B680C22054602FB04340C3C7E
:10260000A34200D938BD6268AA42F8D800F044F865
:10261000064B6B60A3682B60A560BDE8384000F0F6
:1026200045B800BF7681021040D900100DD0ABFA3A
:10263000083008B580B2FFF7B7FF00B1083008BD19
:10264000084480B2FFF7F4BF0838FFF7CFBF02F8A5
:10265000041CA2F1080100F021B913B50446019150
:1026600000F08AF82146019AFFF7F1FF0121204688
:1026700002B0BDE8104000F06DB810B50C4600F097
:102680001FF910B103792370083010BD006810B134
:1026900003790B7008307047034B1A7802B972B691
:1026A0001A7801321A70704744D90010034A13781F
:1026B000013BDBB2137003B962B6704744D9001016
:1026C000FFF7EABFFFF7F2BF07B5124803683BB157
:1026D000EFF305833BB90068012114F00DFB78B9D5
:1026E00003B05DF804FB0023016801930A4801ABC5
:1026F0000122F7F761FB0028F2D0019B002BEFD0FD
:10270000064B4FF080521A60BFF34F8FBFF36F8FAD
:10271000E6E700BF48D900105F6D040004ED00E05B
:1027200008B5FFF7B9FF0A4B00F00F00184490F806
:102730002420114393F8382080F8241042F004023A
:1027400083F83820FFF7B2FFBDE80840FFF7BCBFB1
:102750007C81021008B5FFF79FFF064B93F83820E5
:10276000114383F83810FFF7A1FFBDE80840FFF7D9
:10277000ABBF00BF7C81021000487047AC810210E3
:10278000044A92F83930591C42F8230082F8391073
:10279000184670477C81021010B5064C06483C2252
:1027A0000021E5F7B3FA236813B914F030FA20607A
:1027B00010BD00BF48D900107C8102102DE9FF47F1
:1027C00000F09AF9324C274604F1300894F838307A
:1027D00083B900F091F994F8383043B94FF0FF32E3
:1027E0002C48009201220068114614F01DFA04B032
:1027F000BDE8F087FFF750FF94F83860002384F8B5
:102800003830FFF753FFF10730D4B20703D500206B
:1028100000F05AF998BB7307D8D51F4E0925A6F1C9
:10282000240A4FF0000916F8013B73B1DAF80030C2
:102830005BB1FFF731FF16F8010C06F8019CFFF7BA
:1028400035FFDAF8003000219847013D15F0FF050B
:102850000AF1040AE7D1B9E79DF80F30002057F8D4
:102860002330294698472846FFF7EEFE0DF10F0169
:102870004046FFF702FF05460028EDD1C5E7037B80
:1028800000F1080157F8233000209847BFE700BF48
:102890007C81021048D90010A081021038B50023B5
:1028A00004460B600D46FFF7F7FE23682BB9256041
:1028B0006560BDE83840FFF7F9BE63681D60F7E763
:1028C00038B50446FFF7E8FE25681DB12B68236084
:1028D00003B96360FFF7EAFE284638BD38B5044601
:1028E0000D46FFF7D9FE23682B6003B965602560AC
:1028F000BDE83840FFF7DABE70B506460D4614460F
:10290000FFF7CAFE336813B17368A34207D12946A3
:102910003046FFF7C3FFBDE87040FFF7C7BE24B9DC
:1029200029463046FFF7DAFFF5E723682B6025607C
:10293000F1E770B504460D461646FFF7ADFE236875
:10294000AB4209D12B6823606368AB4208BF666065
:10295000BDE87040FFF7AABE002EF5D02B683360AB
:10296000F2E713B50446FFF797FE2368002290B202
:1029700001322BB90190FFF799FE019802B010BD0A
:102980001B68F4E702210020FFF7E4BE084B10B5F6
:102990001C68002204B910BD844202D0224624687B
:1029A000F8E703482146FFF7C4FF00236373F2E70B
:1029B000B881021038B504460D46FFF781FE637BEF
:1029C00013B12046FFF7E2FF01236373094B6560F3
:1029D0001B68002213B15968A94207D9214605484E
:1029E000FFF78AFFBDE83840FFF76CBE1A461B6848
:1029F000F0E700BFB881021013B50B4B0B4C00225F
:102A0000C3E9002223686BB9094A009209481A46B3
:102A10000A21F7F781F8206000B9FEE7F6F782FC9B
:102A2000054B186002B010BDB8810210C0810210C1
:102A300085290300EDF304004CD9001064235943A9
:102A4000FFF7B8BF0A23B1FBF3F1FFF7B3BF07B538
:102A50000190FFF735FE0198FFF798FF03B05DF88E
:102A600004EBFFF72FBE000070B50546FFF728FE08
:102A70000A4B1C6800261CB9BDE87040FFF722BE57
:102A80006368AB4203D95B1B63602468F3E7207B78
:102A900066600221FFF75EFEF7E700BFB881021013
:102AA00010B50446FFF70CFE064A13682BB92370D5
:102AB0001C46FFF707FE204610BD01232370136854
:102AC0005C68F6E7B881021038B5FFF7F9FD0948F0
:102AD000046854B1656845B92A462146FFF729FFC5
:102AE0006573FFF7EFFD204638BDFFF7EBFD0024CF
:102AF000F9E700BFB881021030B5144D85B0F6F784
:102B000011FC2B68C31A092B044605D90A20B3FB14
:102B1000F0F0FFF7A9FF2C600DF10F00FFF7C0FFE9
:102B200088B142F21072504364234FF47A72B0FBC2
:102B3000F2F207480093006800230421F7F708F831
:102B4000012800D0FEE705B030BD00BF4CD9001011
:102B5000C08102100B6803608B888380704708B5C2
:102B6000062216F0DDFBB0FA80F0400908BD002314
:102B7000036083800630704707B50023062269464C
:102B80000093ADF8043016F0CBFBB0FA80F04009AA
:102B900003B05DF804FB01F1100351F8042B40F879
:102BA000042B9942F9D170470B6803604B6843606E
:102BB000704710B500F1100210F8013B11F8014BFD
:102BC000824283EA040300F8013CF5D110BD000005
:102BD00010B5074C11448A4201D1C04310BD12F810
:102BE000013B4340DBB254F8233083EA1020F2E784
:102BF00008F4040070B50024551E23B2934204F17A
:102C0000010400DB70BDCE5CEB1AC654F5E710B5CD
:102C1000431800EB5101884200D110BD13F8012D7B
:102C200004781C7000F8012BF5E70B7803704B78E3
:102C300043708B788370CB78C3700B7903714B79B9
:102C400043718B798371CB79C3710B7A03724B7AA1
:102C500043728B7A8372CB7AC3720B7B03734B7B89
:102C600043738B7B8373CB7BC37370470A78037882
:102C7000534003704A784378534043708A7883788E
:102C800053408370CA78C3785340C3700A7903797C
:102C9000534003714A794379534043718A79837968
:102CA00053408371CA79C3795340C3710A7A037A56
:102CB000534003724A7A437A534043728A7A837A42
:102CC00053408372CA7AC37A5340C3720A7B037B30
:102CD000534003734A7B437B534043738A7B837B1C
:102CE00053408373CA7BC37B5340C373704710B593
:102CF0000B7814786340037054784B7863404370CA
:102D000094788B7863408370D478CB786340C370B9
:102D100014790B796340037154794B7963404371A3
:102D200094798B7963408371D479CB796340C37193
:102D3000147A0B7A63400372547A4B7A634043727D
:102D40008B7A947A63408372D47ACB7A6340C3726D
:102D5000147B0B7B63400373547B4B7B6340437357
:102D6000947B8B7B63408373CB7BD27B5340C37359
:102D700010BD0000A1F110032DE9F047DCB2102CCA
:102D800006D80123A34003F0013323F080732BB94D
:102D9000002382F8F030FF20BDE8F087531E44186E
:102DA000A0424FD101F11C039B005FFA83F8C3F3EB
:102DB0000313013B2B4C82F8F0304FF001090B4616
:102DC000D518B3FBF1F001FB103010F0FF0015F83F
:102DD00004AC15F803CC15F8027C15F8016C36D15B
:102DE0004FEAD91014F80CE014F807C0A75D14F8E6
:102DF0000A604FEA400A504400EBC00089EA0E0E18
:102E000080EA49005FFA80F9F246581AC0B212F817
:102E100000E08AEA0E0A02F803A01044043390F896
:102E200001E08CEA0E0C85F801C090F802C087EA38
:102E30000C07AF70C078DBB246409845EE70BFD843
:102E40000020A9E710F8015B03F8015FA8E7182943
:102E5000DBD9102801BF14F80AA014F80CC0E75DF4
:102E6000A65DD2E708FF04002DE9F04F92F8F0309C
:102E700007EE901A89B01746002B00F05C810146DE
:102E80006846FFF734FFAD4CAD4DAE4E4FF0010834
:102E900097F8F030434507EB081259D8A74B9DF837
:102EA00000109DF80500595C8DF800109DF8041085
:102EB000185C595C8DF804109DF80810595C8DF869
:102EC00008109DF80C10595C8DF80C109DF801103D
:102ED0008DF801009DF80900595C185C8DF805001B
:102EE0009DF80D008DF80D10185C8DF809009DF807
:102EF0000A009DF80210185C8DF802009DF80E0083
:102F0000595C8DF80A109DF80610185C8DF80600C3
:102F10009DF80B00595C185C8DF80E109DF80F1091
:102F20008DF80F009DF80700185C8DF80B009DF8D8
:102F30000300185C8DF807005B5C8DF8033017EE1A
:102F4000900A6946FFF7D3FE002009B0BDE8F08F74
:102F5000694604A8FFF769FE9DF810E09DF815A0EA
:102F60009DF81A909DF81FC016F80AB015F80E309B
:102F700014F8090014F80C1083EA0B0343404B408B
:102F80008DF8003014F80E3015F80AB059408BEA6D
:102F9000010116F809B015F8099081EA0B018DF8C6
:102FA000011014F80A109DF819A04B40414016F882
:102FB0000E009DF814E016F80AB083EA090316F82B
:102FC0000C90484015F80C109DF813C083EA0903D3
:102FD0009DF81E908DF80230484015F80E308DF89F
:102FE000030014F8090014F80C1083EA0B034340A3
:102FF0004B408DF8043014F80E3015F80AB05940E3
:103000008BEA010116F809B081EA0B018DF8051071
:1030100014F80A1015F809909DF81DA04B40414086
:1030200016F80E009DF818E016F80AB083EA0903B6
:1030300016F80C90484015F80C109DF817C083EA5C
:1030400009039DF812908DF80630484015F80E30AF
:103050008DF8070014F8090014F80C1083EA0B032C
:1030600043404B408DF8083014F80E3081EA030BD2
:1030700015F80A108BEA010116F809B015F8099045
:1030800081EA0B018DF8091014F80A109DF811A0BF
:103090004B40414016F80E009DF81CE083EA0903FE
:1030A00016F80C90484015F80C109DF81BC083EAE8
:1030B00009039DF816908DF80A30484014F809303D
:1030C0008DF80B0014F80CB016F80A0015F80E1065
:1030D0004140594014F80E008BEA01018DF80C10A4
:1030E00015F80A108BEA000B8BEA010116F809B0FB
:1030F00015F8099081EA0B018DF80D1014F80A10EB
:1031000048404B4016F80E1080EA090016F80C9063
:103110004B4015F80C1080EA09004B408DF80E006A
:103120001146684608F101088DF80F305FFA88F8FB
:10313000FFF79CFDACE6FF2007E700BF08FF040097
:1031400008F8040008F90400F8B506460F461D46C5
:1031500014460CB92046F8BD31462846FFF786FDD7
:10316000069A2946FFF780FE013C30B938462946C9
:10317000FFF75BFD10361037EBE70120EBE70000AF
:103180002DE9F04F914692F8F02089B08846002A48
:1031900000F09A81014609EB02126846FFF7A7FD8D
:1031A000CA4C9DF800209DF80910A25C8DF8002003
:1031B0009DF80420615CA25C8DF804209DF8082035
:1031C000C34DA25C8DF808209DF80C20C14EA25C76
:1031D0008DF80C209DF80D208DF80D109DF8051030
:1031E000A25C615C8DF809109DF801108DF801203A
:1031F000615C8DF805109DF80A109DF80220615C55
:103200008DF802109DF80E10A25C8DF80A209DF832
:103210000620615C8DF806109DF80710A25C615CC9
:103220008DF80E209DF803208DF803109DF80B10EB
:1032300099F8F070615C8DF807109DF80F10A25C92
:10324000615C8DF80B10013FFFB28DF80F2009EB88
:1032500007174F4508D140463A466946FFF747FDF4
:10326000002009B0BDE8F08F39466846FFF7FEFC44
:10327000694604A8FFF7D9FC9DF810A09DF811E05D
:1032800095489DF812C016F80E3015F80A209DF8E2
:1032900013105A4010F80C305A40904B13F801B0FC
:1032A00082EA0B0215F80EB0A25C8DF8002013F82C
:1032B0000A2082EA0B0216F80CB082EA0B0210F820
:1032C00001B082EA0B0213F80EB0A25C8DF8052063
:1032D00010F80A2010F80EE082EA0B0215F80CB084
:1032E00013F80CC082EA0B0216F801B0695C82EA9E
:1032F0000B02103FA25C8DF80A2016F80A209DF8F8
:1033000014A082EA0E0282EA0C024A409DF815E0FF
:10331000A25C9DF816C09DF817108DF80F2015F8C7
:103320000A2016F80EB082EA0B0210F80CB082EAFE
:103330000B0213F801B082EA0B0215F80EB0A25C82
:103340008DF8042013F80A2082EA0B0216F80CB05C
:1033500082EA0B0210F801B082EA0B0213F80EB0F9
:10336000A25C8DF8092010F80A2010F80EE082EA1D
:103370000B0215F80CB013F80CC082EA0B0216F819
:1033800001B0695C82EA0B02A25C8DF80E2016F88F
:103390000A209DF818A082EA0E0282EA0C024A4036
:1033A0009DF819E0A25C9DF81AC016F80EB08DF8D1
:1033B000032015F80A209DF81B1082EA0B0210F872
:1033C0000CB082EA0B0213F801B082EA0B02A25C95
:1033D0008DF8082015F80EB013F80A2082EA0B02C7
:1033E00016F80CB082EA0B0210F801B082EA0B0268
:1033F00013F80EB0A25C8DF80D2010F80A2010F81A
:103400000EE082EA0B0215F80CB013F80CC082EA49
:103410000B0216F801B0695C82EA0B02A25C8DF81F
:10342000022016F80A209DF81CA082EA0E0282EA09
:103430000C024A409DF81DE0A25C9DF81EC016F8E3
:103440000EB08DF8072015F80A209DF81F1082EAAB
:103450000B0210F80CB082EA0B0213F801B082EAFA
:103460000B0215F80EB0A25C8DF80C2013F80A20A0
:1034700082EA0B0216F80CB082EA0B0210F801B0D7
:1034800082EA0B0213F80EB0A25C8DF8012010F84E
:103490000A2010F80E0013F80C3082EA0B0215F81F
:1034A0000CB082EA0B0216F801B082EA0B02A25CB1
:1034B0008DF8062016F80A20424053406A5C5340BB
:1034C000E35C8DF80B30C4E6FF20CAE608FE04007A
:1034D00008FD040008FB040008FC040008FA0400CE
:1034E000F0B5054685B00E461F4614460CB9204679
:1034F0000BE029466846FFF798FB0A9A31462846B2
:10350000FFF73EFE013C10B1012005B0F0BD304692
:103510003946FFF7ABFB69463846FFF786FB1035A7
:103520001036E3E71FB5044601A8F1F7C3FF019B7E
:1035300040F6B830B3FBF0F06043F2F777FB04B02D
:1035400010BD00001FB5044601A8F1F7B3FF019BB1
:103550000348B3FBF0F06043F2F768FB04B010BD22
:10356000C0C62D0007B5002300931A461946184619
:1035700015F0F8FA03B05DF804FB000030B585B033
:1035800000201546019315F0DFFA019B2A4612F838
:10359000014B8CB92A460B49204615F0C7FC09ABF4
:1035A0000899039303AA204615F092FB064920468A
:1035B00015F0CAFA05B030BD5C2C01D02F2CE6D135
:1035C0001546E4E70800050035BE04001FB5CDE947
:1035D000010101A80392E1F79CFE05B05DF804FB30
:1035E000044B054A93F8A831022B18BF062382F832
:1035F00088347047D4DE001054D90010034BD3F840
:10360000483313B1DB6803B11847704754D9001031
:10361000034A137843F002031370FFF7EFBF00BFB4
:1036200050D90010034A137843F008031370FFF7D2
:10363000E5BF00BF50D90010034A137843F00403DC
:103640001370FFF7DBBF00BF50D90010074BD3F852
:10365000402322F48072C3F8402393F8892442F077
:10366000100283F88924FFF7C9BF00BF54D90010A6
:103670002DE9F04116461D4680460F460DF0C7FA6B
:10368000084A094C1378278123F0110343F01103F2
:10369000C4E90008668125731370BDE8F041FFF7A7
:1036A000ADBF00BF50D90010C48102101FB5094B37
:1036B0008DF8090093F88C208DF80A2093F85800B3
:1036C0000D2202A98DF8082005F06DFDC0B205B0ED
:1036D0005DF804FBD4DE001010B5154C94F8C92138
:1036E00094F85030012A4FF0010294BF84F8D5219C
:1036F00084F8D721013394F8C821DBB29A4284F8C8
:10370000503009D80B480DF045FA002384F85030AA
:10371000BDE81040FFF772BF074C04F2BC40D4F87C
:10372000DC140DF063FA04F2BC400DF0BFF9EFE7D2
:10373000D4DE001010DE001054D9001010B5074C74
:1037400004F57F700DF026FA94F8163413B10123B6
:1037500084F81534BDE81040FFF750BF54D900106D
:1037600010B50C4CD4F8402342F08002C4F840233A
:1037700094F8162412B10020FFF7E0FF94F8893482
:1037800023F0120343F0120384F88934BDE810409B
:10379000FFF726BF54D900102DE9F0414F4C90B0EF
:1037A00008B984F8C001B4F8DC30A4F8483094F8C3
:1037B000B93084F879304A4B4A4ED3E9100183E896
:1037C0000300D3E9120103F1080282E80300B4F810
:1037D000CC20A4F88C20D4F8D420C4F89420D4F8B9
:1037E000D820D4F8D010C4F8982000254FF0010854
:1037F00003F5407203F54573C4F89010A56384F88F
:10380000AB51A4F8B08184F84A5084F8AD5184F8E3
:10381000AE51C4F8C451A4F8C85103A9C6F8E45481
:10382000A6F8145486F81654C4E9735594F8580051
:10383000A4F8D65104932C4B84F8D55103920593E8
:103840008DF8188005F0F4FCE36FC6F8D83394F8CF
:103850008D3086F8E43386F8D45394F8C03186F876
:10386000E73306F575770FCF06F57A740FC486F83F
:10387000E55386F8E6833B682360022386F8FA3333
:10388000D6F8483386F81754CDE9015586F8F98300
:103890001BB15A68DB6801920293144B0793A3F1A2
:1038A0004C020892A3F114020992114A0B9221339F
:1038B0000A93A2F18C030C93A2F188030D93131DBC
:1038C0000E9301A902F1DC0307A802F5C6620F936B
:1038D00003F0F0FB10B0BDE8F08100BFD4DE0010B3
:1038E00050DF001054D9001000E60010BCDD0010BD
:1038F000B8DF001037B5214CD4F8C43113B1E36CF4
:103900000133E36494F8BE311D4DCBB101A90B2006
:1039100004F05CFBA0B9B4F85230B4F8982001333D
:103920009BB29A42A4F852300AD195F8893484F8AF
:10393000C00143F0080385F889340F2385F8683403
:1039400095F88934990703D595F82D34012B07D9BB
:1039500094F8AA3123B1A36B5A1C18BF0133A36397
:103960000023A5F8143485F81634D5F84033012027
:1039700023F00203C5F8403303B030BDD4DE00109D
:1039800054D9001013B50DF042F90A4B6C4618607B
:1039900020460CF057FF94E80300074A074B83E8E2
:1039A0000300137843F02003137002B0BDE8104009
:1039B000FFF724BED481021050D900108CDC001017
:1039C0002DE9F0412A4D95F8A831022B07460E4605
:1039D00002D0284BDB6A984703F096FC044628B1D6
:1039E000022003F0BDFC002003F0C6F995F8A831D1
:1039F000012B17D103F098FC804630B1002003F072
:103A000089FB002003F08EF9444603F097FC48B18F
:103A1000002003F085FB002003F08EF9BDE8F041A3
:103A2000FFF7DEBD002CF9D1134C94F8882494F8EC
:103A30001634B2B90BB184F84174384604F0C2FBB5
:103A4000E86B0DF0EBF8D4F8BC339842E6D30B48A2
:103A50000DF0A0F894F8893443F0100384F8893409
:103A6000DCE70BB184F84164304604F0ABFBF1E7CE
:103A7000D4DE0010BC04050054D90010F4DC0010A2
:103A800073B5154C154D04F57A76EB6D95F86020FD
:103A900095F9881095F85800009605F040FC02232F
:103AA00084F8FA3395F8C03184F8FB3395F8580060
:103AB000012304F58462314684F8F93305F062FC91
:103AC00038B1074B00205B6B984794F8FA3384F8C1
:103AD000883402B070BD00BF54D90010D4DE00108D
:103AE000BC040500F8B53D4F97F8A851012D0446D8
:103AF0003E465DD0022D62D065B938B9D7E91F01C5
:103B000007F1840383E803000020F8BD01284FD0AB
:103B1000022801D00320F8E7DFF8CCE086F8A801FE
:103B20000EF5757CBCE80F000EF57A770FC7DCF850
:103B300000303B6032468EF8FA43734692F8E91043
:103B400081B392F8001102292CD1302202FB0565C5
:103B5000D5F80421C6F88420C3F8EC2396F88D200C
:103B600095F8081183F8F823032286F8881083F863
:103B7000FA2393F8171483F8E813012283F8F92342
:103B8000002283F81624164BDB6A9847FFF778FF6C
:103B900096F8BE31002BB7D012490122202004F044
:103BA0008DF9B1E70135042D02F13002C6D1E7E706
:103BB00003F0C8FD0028A8D187F8A841A5E7002890
:103BC000A8D1094B87F8A801062283F88824044B62
:103BD000DB6A984797F8BE31DCE700BFD4DE0010FF
:103BE000BC0405007CE0001054D90010F8B50B4F60
:103BF0000B4D0C4E0C460CF0CDFF3B6B984796F8E6
:103C0000580005F58462214605F0BCFB28B17B6BAA
:103C1000706E9847A37C85F88834F8BDBC04050015
:103C200054D90010D4DE00100E4890F8173480F8F4
:103C3000C0330D4B93F8792080F8C32393F88D207F
:103C400080F8D02393F8C03180F8D333002280F875
:103C5000D12380F8D22300F5707100F56270FFF770
:103C6000C5BF00BF54D90010D4DE0010104890F832
:103C70008834DBB190F8173480F8D4330D4BDA6F09
:103C8000C0F8D82393F88D2080F8E423002280F830
:103C9000E52393F8C03180F8E733012280F8E6236A
:103CA00000F5757100F56870FFF7A0BF704700BFA1
:103CB00054D90010D4DE00102DE9F04F91B04FF030
:103CC0000008012B05460F4602928DF81180ADF8D1
:103CD000148005D8C44EC14606F28C4AB94502D3B9
:103CE00011B0BDE8F08F15F8090004F0E7F9484479
:103CF000B842F5DC15F8093009F10104013BE4B2E2
:103D00001F2BEDD801A252F823F000BF8D3D030018
:103D1000B93D0300E93D0300F73E0300233F0300E4
:103D2000C33F0300F13F03006540030093400300DD
:103D30003F410300234103009F410300AF420300C2
:103D4000C741030031420300754303009B43030056
:103D5000DF4303001D440300E13C0300E13C03009A
:103D6000E13C0300E13C0300E13C0300E13C0300D3
:103D7000E13C0300E13C0300E13C0300E13C0300C3
:103D8000E13C0300E13C030093420300974B2A5DB2
:103D900093F8BE3109F102099A425FFA89F900F2FB
:103DA000BE8007A9012004F011F9002840F0B78077
:103DB000079804F0E1F8B2E0052004F01DFA88B19C
:103DC0000521002004F0ECF92B5D86F85C3409F144
:103DD000030409F102095FFA89F9E4B215F8093020
:103DE00086F85D34A14679E700238DF812308DF80E
:103DF00013308DF818308DF82030B8F1000F75D1E0
:103E0000DFF8E8814FF0050BC14698F88C208DF85B
:103E10003920631E98F849208DF83B202B4498F8F0
:103E200048200D938DF83C2098F8AA3198F8782016
:103E30008DF83D20D8F8BC218DF83A300C92D3B1E2
:103E40007B1C1B1BDBB28DF8383008AB019306AB33
:103E5000009399F858000DF113030DF112020CA90B
:103E600005F0E2FA99F8AA318DF811002BB98DF816
:103E70001130002323E00523E5E700F007000728C1
:103E8000F7D199F949209DF9123089F849309A42C1
:103E90009DF8133089F84830B8BF01229DF81830DA
:103EA000B8BF89F8AD2189F87830E2E701220DF139
:103EB00011010320039304F001F8039B0133D9B2ED
:103EC0009DF82020B2FBFBF08842EFD81444E4B206
:103ED000631EDBB29F4205D9EA5C032A95D0A74254
:103EE00098BF23461C464FF001087BE709F10509FE
:103EF0005FFA89F3F6E72B5D3C4903F00F030122DB
:103F000081F8AB3109F1020902FA03F3A1F8B031EB
:103F10005FFA89F9002205A9042003F0CFFF4C467F
:103F200060E707238DF811302B5DDFF8C0B0C3F3D5
:103F3000021203F00F030F2B8DF8303004BF9BF8F3
:103F400080308DF830308DF8312009F1050409F109
:103F5000020209F1030309F10409DBB25FFA89F9EE
:103F6000E95C15F809309BF85800D2B21B04AA5C32
:103F700043EA01231343642253430CA90D9305F034
:103F800087FA00F00703072BE4B28DF8110010D177
:103F90009DF830309DF831208BF880308BF88830D8
:103FA0000D9BCBF87C30CBF884308BF87920C6F8A9
:103FB000EC338DF81400012205A9052003F07EFFE3
:103FC00010E7D6F848336BB11B685BB19847029B8A
:103FD0008DF8140003F03F038DF81530022205A977
:103FE0000620EBE7FF20F2E754D90010D4DE0010E2
:103FF00003238DF811302B5D8DF824300CAB089322
:1040000009F1040209F10303DBB2D2B2E95CAB5C53
:1040100009F10202D2B21B04AA5C43EA0123134352
:1040200009F10604642209F1050953435FFA89F98D
:104030000C9300230D9315F809308DF83830CA4BD6
:1040400008A993F8580005F041FAC3B20028E4B279
:104050008DF81130FFF6C6AE8DF81430012205A997
:104060000720ABE72B5D03F00F03012B38BF0123C3
:104070001A464FF47A735343BB4A09F10209936617
:1040800003F57A73D3665FFA89F9002205A908203F
:1040900043E72B5DB44C00228DF8182013F020026A
:1040A00018BF01228DF81920DA0648BF012203F05B
:1040B0000F0394F8580048BF8DF8182006A98DF812
:1040C0001A3005F032FA09F1020901305FFA89F974
:1040D0003FF425AFBDF81820A449A4F88C209DF822
:1040E0001A209DF818308A5C94F858008DF8323008
:1040F00007EE902AF8EE677A02220CA98DF830209C
:10410000C4ED247A05F04FF894F94930089040B294
:104110009842B8BF184684F84900002205A9092032
:10412000FBE6914B2A5D93F8BE3109F102099A42F0
:104130005FFA89F93FF6F3AE07A90B2033E60323B4
:104140008DF811302B5D8DF8303009F1040209F142
:104150000303DBB2D2B209F1050409F10209E95CFB
:10416000AB5C5FFA89F91B0415F8092043EA0123C7
:104170001343642253430D937B4B0CA993F85800CF
:1041800005F0F1F9C3B20028E4B28DF81130FFF662
:1041900029AE8DF81430012205A90A200EE72A5D08
:1041A000714802F00F010123120903FA01F109F12C
:1041B00002049340A0F89A10A0F89830E4B20022CC
:1041C00005A90C20FAE62B5DDFF89CB1039303F000
:1041D00007028BF8C82109F10202D2B20020A95CC3
:1041E000C1F302118BF8C911AA5C202102F00F0261
:1041F0008BF84920E1F7B2FC039B2022C3F3C203F2
:1042000002FA03F318440023C6F8DC348BF850306C
:10421000574B98429CBF4FF47A73584309F10304FB
:1042200098BFC6F8DC040020E4B2FFF755FAD9E5E0
:104230002B5D00201A090A3201218DF814004C4828
:1042400001FA02FC09F102048445E4B21DDC03F02A
:104250000F03043344488DF8141001FA03F39BB2A2
:10426000C0F8C4314FF47A73C0F8CCC103FA02F23B
:104270005046C6F8D4240CF08DFC5046D6F8D41421
:104280000CF0B4FC50460CF011FC012205A90F20E3
:1042900094E609F1020407A92020E4B203F096FE97
:1042A00000287FF49FAD079803F066FE9AE5092089
:1042B00003F0A2FF002854D00921002003F070FF72
:1042C0000023ADF8263009F1030209F10203DBB245
:1042D000D2B2E95CAB5C2A5D1B0443EA01231343C1
:1042E00009F1040209F10604D2B209F105095FFAE5
:1042F00089F9AA5C15F8091043EA02634FF47A724F
:104300004A430DF1300B121258460393ADF82420A6
:104310000CF098FA039B03F1965303F5A91303F5E8
:10432000EC530893D6F83C3300930DF1200999E83B
:104330000600D6F838330AA80CF047FA0B9B009316
:104340009BE806000A9B48460CF023FA99E8030014
:104350000CF057FA03F00AF90123E4B286F8383476
:1043600040E586F838043DE5D4DE00101000050075
:10437000378941000C2003F03FFF00283FF432ADA5
:104380000C21002003F00CFF96F88834043B012B2D
:104390007FF628AD03F058F824E509F1020309F18E
:1043A0000302D2B2DBB2295DE85CAB5C09F1050423
:1043B00009F104095FFA89F91B0443EA002315F89F
:1043C00009000B436421594300F00F0003F04EF83D
:1043D000E4B28DF81400012205A91120EEE50D20AC
:1043E00003F00AFF00283FF4FDAC0D21002003F08C
:1043F000D7FE09F10203DBB2164AE85C2B5D1268B6
:1044000009F1040409F103095FFA89F943EA00207C
:1044100015F80910E4B203F071F8E3E4285D09F13E
:10442000020309F1040409F10309DBB25FFA89F917
:10443000EA5C15F809301B0443EA022303436420B5
:10444000584303F0EFF8E4B28DF81400012205A9F7
:104450001320B3E5C481021038B50F4C0F4D04F2A0
:10446000A4400CF097FBD5F8D0210D498A429EBF9D
:104470004FF47A735343C4F8D834FFF7BFF80123DD
:10448000D4F8D814074885F8D6310CF0AFFBBDE856
:10449000384004480CF00ABB54D90010D4DE001098
:1044A00037894100F8DD001038B50F4C0F4D04F28C
:1044B0008C400CF06FFBD5F8CC210D498A429EBF91
:1044C0004FF47A735343C4F8D434FFF797F80123B9
:1044D000D4F8D414074885F8D5310CF087FBBDE833
:1044E000384004480CF0E2BA54D90010D4DE001071
:1044F00037894100E0DD0010094BD3F84023012A41
:104500000AD008490978C90708D43AB993F88A0447
:10451000013818BF01207047002070470120704704
:1045200054D9001050D9001007B5002301A80193F9
:1045300003F086FD054B93F94900FFF7B7F8019B9F
:10454000C01A80B203B05DF804FB00BFD4DE0010D7
:104550002DE9FF47504EBDF830A000240F46191E2C
:1045600008BFA2468046914606F59C705246CDE9AA
:104570000244348086F816440191E1F7FCFA5FFAB0
:104580008AF286F8372298F80030B37098F8000065
:1045900040090428354608D0072801996ED0022822
:1045A00006D0022004B0BDE8F087012386F8163457
:1045B000042385F80431394CC5F80841FF2385F8F8
:1045C0000C31374E98F8003085F80D31D6F8E430CC
:1045D00085F82891C5F810313B7885F8143102A888
:1045E00004F59B7385F83021C5F82C3104F05CF894
:1045F00000284FD1029BA5F8440403A8A5F8163162
:10460000C5F84C3403F01CFD08B11320CAE7039B26
:104610000BB90020C6E796F94900FFF747F895F86F
:104620003732DBB1039B0F2B0FD804F58B7203A934
:104630000F2003F011FD0028E7D13B78039A62F3C5
:1046400003033B7085F81431ACE704F2FE4203A982
:1046500003F002FD0028D8D10A20A3E704F2FE44AB
:10466000224603A903F0F8FC0028CED1039B85F86D
:104670002801C5F82C4185F8303193E70029C8D0CE
:10468000002AC6D0F01CE1F776FA96F837320133EB
:104690003380BEE7122085E754D9001056D90010A8
:1046A000D4DE001070B54D4C4D4D88B000238DF810
:1046B0000B3094F849308DF8113094F848308DF86B
:1046C0001230D4F890300593D4F8943006932B88A8
:1046D0008DF810000646ADF81C3094F8580005F52A
:1046E00083630DF10B0204A904F06BFE012385F82E
:1046F000413494F8493085F842349DF80B3085F800
:104700004334D5F81834C5F85064C5F84834C5F8B2
:10471000583402F047FE26462C46B0B996F8A83128
:10472000012B01D102F0C8FF02F0E2FF0023039346
:1047300094F8043196F9495094F81724042B0CD8B6
:10474000DFE803F00E2E320B3600D5F8180402F025
:104750008BFF0028E2D0102000E0032008B070BDDD
:10476000204803F0FDFF002834D194F80C31238059
:10477000D4F840331C48217843F00203C4F8403396
:1047800094F814340133DBB284F8143484F84534DB
:10479000164B00259B6AC4F8E45498472846DDE789
:1047A000104804F031F8DEE70E4804F059F8DAE773
:1047B00003A8019203F078FF70B994F81434019AB9
:1047C00013B1039B013B0393064B0398E9B204F03A
:1047D00071F8C8E71120C1E71220BFE7D4DE00104E
:1047E00054D900105CDA001056D90010BC04050042
:1047F0002DE9F0418EB0064602F086FD002840F01B
:10480000E580744C94F8A831012B0CD0236C724DC8
:10481000ABB195F80431042B00F2DA80DFE803F045
:10482000171D21D8250002F07FFD18B10F200EB012
:10483000BDE8F08102F082FD0028E7D0F6E7B4F889
:10484000B0315A1ED5F8183453432364E1E7634866
:1048500004F08FFB68B11120E9E7604804F0BDFB6C
:10486000F8E75E4804F0F1FBF4E75C4804F025FC4F
:10487000F0E795F80C312B80236C08930DF11808A4
:1048800094F849308DF82830404694F8AC318DF8D2
:104890002A300BF0FAFFD4F8B831009302AF98E851
:1048A0000600D4F8B43138460BF08FFF97E80300C8
:1048B0000BAB83E80300E36B099300238DF83430DE
:1048C0002B88ADF8363094F8C03101228DF82920BC
:1048D0001BB98DF834208DF82930414B0093414BA2
:1048E00094F85800A3F1C90208A904F08AFEA0B107
:1048F0000B289CD1D5F8E01479B1002E97D0D5F8CB
:104900004033394843F02003C5F840330CF06EF9CA
:1049100035480CF0CBF8002089E794F8587094F9EA
:10492000793094F9492094F88D10304E384604F0CF
:104930009CFEE36D94F86020009641B21436384630
:1049400004F0EDFCE36D94F9801094F858000096A3
:1049500094F8602004F0E3FCD5F8CC63A36ED5F89E
:10496000E003E16E3344C5F8B83395F804310144EF
:10497000042BC5F8BC1307D0226F636F3244034485
:10498000C5F8B823C5F8BC330023059394F8C031AB
:104990007BB105A803F054FBB0B994F9490095F830
:1049A00037629DF81470FEF781FE3E4480B2B0423B
:1049B00008D395F81704EAF7FDFB95F81704FFF7FD
:1049C00071FE34E7082032E7132030E70E202EE78F
:1049D00003202CE7D4DE001054D900105CDA00105C
:1049E00014DF001034DE0010C4DC001014DD0010F1
:1049F00010B5184C04F55C700CF0CCF8D4F84033CA
:104A0000D4F8E40423F02003C4F8403348B10CF098
:104A100005F9B0F5FA5F04D90F4B002283F84A205C
:104A200010BD0120FFF7E4FE0028F9D00B28F7D0D5
:104A3000094B93F8493084F84234092094F814342F
:104A400084F8453484F8410403F0BCFBBDE8104011
:104A5000FEF750BF54D90010D4DE00102DE9F0430A
:104A60003A4C8BB09046994694F8C021B4F848303F
:104A7000B4F848700E46A16B049105465BBA002A53
:104A800061D094F8AB2102B9226494F8A82194F87B
:104A9000AA0102F1FF3CDCF1000242EB0C024FEAFA
:104AA000C01C62F3041C94F84A208DF80CC02AB193
:104AB0005FFA8CF242F020028DF80C20ADF8203025
:104AC00094F878308DF8223094F88C308DF82330BB
:104AD00094F858308DF8243004AB012200931C4B1D
:104AE0008DF81420D4F898208DF8150006910792BF
:104AF000A3F12F01A3F1300205A802F09FF89DF861
:104B00000C30CDF8009060F386138DF80C303246EF
:104B1000434603A92846FFF71BFD08B10A2803D125
:104B20000020FFF765FE20B1A4F848700BB0BDE887
:104B3000F083049B84F84A00A36303F055FA00282D
:104B400018BF1320F2E70720F0E700BFD4DE001003
:104B50004CDF0010F8B502284FF000040646274647
:104B600001D02BD888BB404B404C012283F8D42184
:104B7000022284F80421A218D3F8E030C4F80821F6
:104B8000FF2284F80C21062262F3471784F80F31C4
:104B90001A0A1B0C84F8102184F8113184F80E6174
:104BA00084F80D710AF088FC0822014604F589702A
:104BB000E0F7E1FF04F58D7108202DE0FF2831D0EA
:104BC0000120BDE8F840FFF713BE284C264A012318
:104BD00082F8D431A21CC4F80821FF2284F80C21E9
:104BE000062262F3471784F8043184F80E3184F802
:104BF0000D710AF077FC0822014604F20F10E0F76D
:104C0000BAFF0AF059FC0822014604F21710E0F737
:104C1000B2FF04F59071092003F074FD0028CFD095
:104C20001120F8BD114D2046FEF75CFF64F34717D5
:104C3000AB1CC5F8083185F8044185F80C6185F88E
:104C40000D710AF04FFC0822014605F58770E0F768
:104C500092FF0AF031FC0822014605F58B70E0F75F
:104C60008AFF2046ADE700BFD4DE001054D9001003
:104C7000084B10B5044608461146DB6B224649B284
:104C80009847054AD2F8403343F00203C2F8403354
:104C9000002010BDBC04050054D900100346D0B15B
:104CA000C9B1027B12F00F0205D090F8200010B1BC
:104CB00000200870704793F8280010B901230B708A
:104CC000704752B993F8200008B90223F7E703238D
:104CD0000B70104670470320704717207047000084
:104CE0002DE9F04F89468BB090460646002800F02B
:104CF0008B81002900F088810368002B00F08481FB
:104D00004368002B00F080818368002B00F07C81D9
:104D1000C368002B00F07881104604F03AFA0028AE
:104D200000F07481BB4CBC4D304603F0EDF940F20D
:104D30002C7200212046E0F732FF4FF4B0620021D0
:104D40002846E0F72CFFB54BC4F8BC3104F55F737F
:104D5000069304F5647300274046079306A9B04BF9
:104D600084F8588084F8A8718DF82470089304F0B2
:104D70005FFA0E2304A994F858008DF8103004F05F
:104D800012FAC01B18BF01204FF00A0B84F8AC01C7
:104D900004A994F858008DF810B004F004FA4FF00C
:104DA000060A84F8DC0004A994F858008DF810A0D5
:104DB00004F0F9F90F2384F8DD0004A994F85800F1
:104DC0008DF8103004F0EFF910230DEB0301C4F857
:104DD000A40094F858008DF8103004F0E4F9112381
:104DE000C4F8A80004A994F858008DF8103004F015
:104DF000DAF91223C4F8AC0004A994F858008DF82D
:104E0000103004F0D0F91323C4F8B00004A994F8CA
:104E100058008DF8103004F0C6F91523C4F8B4001A
:104E200004A994F858008DF8103004F0BCF916234A
:104E300084F8B90004A994F858008DF8103004F0F3
:104E4000B2F91723C4F8BC00C4F8C40004A994F84C
:104E500058008DF8103004F0A6F9C0B21C2384F875
:104E6000C00084F8C80004A994F858008DF81030E8
:104E700004F099F91D2384F8CC0004A994F8580093
:104E80008DF8103004F08FF91E2384F8CD0004A9AA
:104E900094F858008DF8103004F085F91F23C4F8F9
:104EA000D00004A994F858008DF8103004F07BF974
:104EB0000B23C4F8D40004A994F858008DF81030DE
:104EC00004F071F90C2304A9A4F8D80094F8580050
:104ED0008DF8103004F067F9D4F8A4306366D4F884
:104EE000A830A366D4F8AC30E366D4F8B0300390B1
:104EF0004FF00108A4F8DA0023673846D4F8B4303C
:104F0000636784F8B880C4F89CB084F8A0A0C4F8A3
:104F10005CB084F860A084F8788084F8AF81FEF7F4
:104F20003BFC404985F8897405F55C70C5E9D16999
:104F3000C4E90F7784F8A981C5F840830BF0AEFD72
:104F4000394905F562700BF0A9FD384905F568701F
:104F50000BF0A4FD364905F57F700BF09FFD354938
:104F600005F28C400BF09AFD334905F2A4400BF09A
:104F700095FD6E46314905F2BC400BF08FFD304681
:104F80000BF083FC96E8030004F5DA7383E8030072
:104F90002B4B1F602B4BC5F84C332B4BC5F85433B0
:104FA0002A4BC5F85C332A4F2A4BC5F850332A4B9D
:104FB000C5F8583305F553703B68984704F5EE7013
:104FC0000AF092F820B1112630460BB0BDE8F08F00
:104FD000204603F043FB0028F5D102F061FFB8B989
:104FE0001E4803F0A7FB06460028ECD17B699847D2
:104FF000E0F7AEFDBB6D94F8A9019847FB6A9847AE
:10500000012385F88A34DFE70326DDE70926DBE79D
:105010001326D9E7D4DE001054D900100001010195
:1050200000E60010F1490300293C03006D3C030039
:105030003D370300A944030059440300D936030057
:1050400050D900108539030071360300393603004A
:10505000BC0405002536030011360300BCDF001038
:1050600008B5034B0020C3F84003FEF7B9FA08BDAA
:1050700054D9001010B5FFF73FFA0A4C60B90A4B3B
:1050800093F8A831022B02D1084BDB6A9847012321
:10509000C4F84033002010BDD4F84003013818BFD5
:1050A0000120F8E754D90010D4DE0010BC0405003C
:1050B00070B52D4B8AB0054693F8DD008DF80900D8
:1050C00093F8DC008DF80A0028489A6B90F81404D5
:1050D000039200268DF80B0004960C4600293ED062
:1050E0000692D3F898200792B3F8482093F8AA11B3
:1050F0008DF8151052BAADF8202093F88C2093F853
:1051000058308DF8243003AB8DF822008DF8232021
:1051100000930DF10A020DF10B030DF1090105A831
:105120008DF8146001F08AFD9DF90900FEF7BEFAC2
:10513000607004A802F084FF98B9049B0F2B0AD872
:105140006278934207D8D11A1D442170AA4238BF11
:1051500008200AB070BD002323700820F9E703205F
:10516000F7E71320F5E700BFD4DE001054D9001094
:105170001FB50446002800F0388100784C2800F262
:105180003081DFE810F04D00530058005D006000F2
:10519000630067006C002E012E012E012E012E01EE
:1051A0002E01F200DE002E012E012E012E012E0115
:1051B0002E012E012E012E012E012E012E012E0177
:1051C000700074007E00850088008B0090008E00C7
:1051D0009200960099009C009F00A200A500B400D8
:1051E000B800C000BC00C400C700CB00D200D00093
:1051F0002E01D600030107012E012E012E012E01E2
:105200002E012E012E012E012E012E012E012E0126
:105210002E01FF000B011001140118011C012501D2
:10522000744B93F8A831237104B010BD714B93F8FF
:10523000C031237102E00AF03FF960600020F3E71B
:105240000AF050F9F9E70AF063F9F6E7694B93F8C9
:10525000AA31EEE7674BD3F8E0306360EEE7654BC9
:10526000D3F8E430F9E7634B93F8A931E1E71B2366
:105270008DF808305F4B02A993F8580003F093FFB4
:10528000DBE75D4B043493E8030084E80300D5E7D3
:105290005A4B0434F7E75A4B0434F4E7594B0434BF
:1052A000F1E71923E4E71823E2E7524B93F878304B
:1052B000BFE7504B5B6ED0E74E4B9B6ECDE74D4B3F
:1052C000DB6ECAE74B4B1B6FC7E74A4B5B6FC4E70C
:1052D00002238DF80830474B02A993F88C2093F8ED
:1052E00058008DF80A2003F05EFF2071A6E7414BBD
:1052F00093F8DD309DE73F4B93F8493099E73D4BFC
:1053000093F8DC3095E73B4B93F8483091E7394B05
:10531000DB6DA2E7374B93F860308AE7354BD3F863
:10532000943063608AE7334B97E7324BD3F8D4303D
:10533000F7E7304BD3F8BC31636004F0E7F9A060C5
:105340007CE72C4A0023114692F8F001072805D18A
:1053500003EB031303F2F1130B447EE70133172B26
:1053600002F11102F0D102205EE7224A0023114629
:1053700092F8F0010628EBD00133172B02F111024D
:10538000F6D1F0E71B4B93F8AF3152E7194BD3F846
:10539000CC3162E7174BD3F8D0315EE7154BB3F849
:1053A0009830A3804AE7134BB3F89A30F9E7114BD2
:1053B000B3F8D830F5E70F4BB3F8DA30F1E70D4B1F
:1053C00093F858200AB1062A11D1B3F80837E8E754
:1053D000084B93F858200AB1062A08D1D3F80C37A5
:1053E0003BE7204602F016F81EE703201CE71720D3
:1053F0001AE700BFD4DE001050DF001090DF00106D
:1054000058DF001098DF0010F0B5044685B010B9E1
:10541000032005B0F0BD9B4DD5F840339A0700F14D
:105420002C8302784C2A00F22583DFE812F04D002D
:105430005300610067006B006F00740079007E000C
:1054400089008F0095009B00A100A700AD00B3006C
:10545000B900BF00C500CB00D100D700DD00E300DC
:10546000E900EF00F500FB00010123030901310110
:1054700044016B018D017E0191019A019E01A201FF
:10548000A601AA012303AE01C001E801D601FA0179
:1054900004020B0210021502A2022303C102DF0262
:1054A00023032303230323032303230323032303CC
:1054B00023032303230323032303AE02FB0200037E
:1054C00005030A030F0319030079FEF70BFB0028FD
:1054D0009FD105E00379022B9AD06B4A82F8C03144
:1054E00095F8893443F0200385F88934002090E74B
:1054F000406809F0D3FF00288AD1F1E7406809F03D
:10550000E1FFF8E7406809F0F3FFF4E75E4B02794A
:1055100083F8AA21E4E75C4B4268C3F8E020DFE7A8
:10552000594B4268C3F8E420DAE7416800293FF4A8
:105530006FAF002003F04CFB0028D1D0112068E7AA
:10554000416800293FF464AF0120F3E74168002976
:105550003FF45EAF0220EDE7416800293FF458AF09
:105560000320E7E7416800293FF452AF0420E1E758
:10557000416800293FF44CAF0520DBE74168002972
:105580003FF446AF0620D5E7416800293FF440AF1D
:105590000720CFE7416800293FF43AAF7F20C9E7F1
:1055A000416800293FF434AF8020C3E741680029F7
:1055B0003FF42EAF8120BDE7416800293FF428AFBA
:1055C0008220B7E7416800293FF422AF8320B1E78A
:1055D000416800293FF41CAF8420ABE741680029F3
:1055E0003FF416AF8520A5E7416800293FF410AFCE
:1055F00086209FE7416800293FF40AAF872099E79A
:10560000416800293FF404AF882093E741680029EE
:105610003FF4FEAE89208DE7416800293FF4F8AEE3
:105620008A2087E7416800293FF4F2AE8B2081E7AA
:10563000154B007983F8A901144B9B6D98474FE7F0
:10564000114E037A8DF8043096F8580096F88D3094
:105650008DF80530072201A903F007FE00283FF46A
:10566000D7AE636896F858000193002201A903F0B1
:10567000FCFD00283FF4CCAE7C36D4E9010186E87D
:1056800003002DE754D90010D4DE0010BC0405003F
:10569000C04E037A8DF8043096F8580096F88D3095
:1056A0008DF80530072201A903F0DFFD00283FF443
:1056B000AFAEBC36E1E7B74E037A8DF8043096F80A
:1056C000580096F88D308DF80530072201A903F0B7
:1056D000CCFD00283FF49CAED4E9010106F184031F
:1056E00083E8030096F8A831022B7FF4F9AE96F810
:1056F000C031002B3FF4F4AEA74BDB6A9847FEF7AE
:10570000BFF9EDE6A34E037A8DF8043096F8580001
:1057100096F88D308DF80530072201A903F0A5FD1C
:1057200000283FF475AEC436A7E74368029301230F
:105730008DF80C30974B02A993F8580003F0D1FD77
:1057400000287FF4CDAE63E6436802930023EFE7C1
:1057500003795A1E0E2A3FF65BAE8E4A82F87830E5
:10576000BEE68C4B42685A66BAE68A4B42689A6635
:10577000B6E6884B4268DA66B2E6864B42681A673C
:10578000AEE6844B42685A67AAE6824C037994F8E5
:1057900058008DF80430062201A903F066FD0028A8
:1057A0003FF436AE9DF8043084F8DD3098E6794C4D
:1057B00003798DF8043094F8580094F88C308DF803
:1057C0000630052201A903F050FD00283FF420AE69
:1057D0009DF8043084F8493082E66E4C037994F8E1
:1057E00058008DF804300A2201A903F03EFD00287C
:1057F0003FF40EAE9DF8043084F8DC3070E6654C62
:10580000037994F858008DF80430092201A903F0B7
:105810002CFD00283FF4FCAD9DF8043084F848309E
:105820005EE64368B3F5FA7F3FF6F2AD594AC2F837
:105830009C30D36554E6574B027983F8A02083F857
:1058400060204DE6534B4268C3F8942048E6514B24
:105850004268C3F8D42043E64468002C3FF4D8AD36
:10586000012B40F00A8134212046E0F79FF9636B59
:10587000984204D1474838222146E0F77CF904F1E8
:1058800038061C213046E0F791F9636D984204D147
:10589000424820223146E0F76EF904F158074FF4F0
:1058A000C0713846E0F782F9D4F8D83198421ED159
:1058B000384E4FF4C27206F158003946E0F75BF9F2
:1058C00095F8173485F8E833D6F88430C5F8EC330A
:1058D00096F88D3085F8F833012385F8F9330223E3
:1058E00085F8FA332C4B96F8A9019B6D984704F57F
:1058F000EE764FF4CE713046E0F758F9D4F87833AD
:10590000984205D126484FF4D0723146E0F733F97A
:1059100004F55F7610213046E0F748F9D4F88C336F
:10592000984204D11F4814223146E0F724F904F5C7
:1059300064764FF460713046E0F738F9D4F81037E8
:10594000984205D118484FF461723146E0F713F9D7
:1059500004F2147614213046E0F728F9D4F82837F9
:1059600098427FF4BDAD114818223146E0F703F9A3
:10597000B6E58379012B3FF64BAD064B4268406894
:10598000C3F8BC2102F088FED6E5024B027983F809
:10599000AF21A5E5D4DE0010BC0405000CDF00102B
:1059A000B0E0001050E2001064E20010E8E50010E2
:1059B0004268344B9A423FF62BAD334B93F8C011FB
:1059C00002297FF425ADC3F8CC214FF47A735343F9
:1059D0002E48C5F8D4340BF0DDF82C48D5F8D41493
:1059E0000BF004F929480BF061F879E54268254B82
:1059F0009A423FF60DAD244B93F8C01102297FF473
:105A000007ADC3F8D0214FF47A7353432048C5F84B
:105A1000D4340BF0BFF81E48D5F8D8140BF0E6F8D4
:105A20001B48E0E7184B8288A3F8982058E5164BEE
:105A30008288A3F89A2053E5134B8288A3F8D820D4
:105A40004EE5114B8288A3F8DA2049E50E4B93F816
:105A500058200AB1062A12D1A288A3F808273FE5E8
:105A6000094B93F858200AB1062A08D16268C3F896
:105A70000C2735E501F0DAFC29E50120C9E41720FF
:105A8000C7E400BF37894100D4DE0010E0DD00101C
:105A9000F8DD0010F7B52C4FD7F840339B070546CB
:105AA0004DD48478032C4CD8DFF8A8C030230646A8
:105AB00003FB04C40FCEE8340FC40FCE0FC497F815
:105AC00089243368236042F0200287F889242A78E9
:105AD000AB7864468AB11D4A019202AA1344A968B0
:105AE00013F8040C03F074F820B96968A87803F07F
:105AF0004DF9C8B1112003B0F0BD154A009202F172
:105B00000132019202AA1344A96813F8080C03F0A9
:105B10005FF80028EED1AA78E96802AB1A4412F8BF
:105B2000040C03F055F8E4E7AB78302202FB0343A2
:105B30004FF0FF32D3F80C3100201A60DBE7012070
:105B4000D9E71620D7E700BF54D900108083868993
:105B50008184878AD4DE0010F0B5154FD7F84063F2
:105B600016F002068BB01ED103281ED8114C30232C
:105B700003FB004494F8E930BBB12422314601A86C
:105B800001ADE0F70CF80FCDE8340FC40FCD0FC412
:105B90002B68236097F8893443F0200387F8893411
:105BA00030460BB0F0BD0120FBE71620F9E700BF3F
:105BB00054D90010D4DE00102DE9F04700F0030A9C
:105BC000564D0AF11C0313709046D5F8402312F08D
:105BD00002098CB007460E4640F09C800A78013AD4
:105BE000012A03D903200CB0BDE8F087032800F296
:105BF00093804B4C302202FB004292F8E920002AAD
:105C000000F08A8003F00F0388F8003091F9083023
:105C10008DF8043094F8580094F88D308DF80530E4
:105C2000072201A903F021FB28B198F8003023F0E6
:105C3000040388F80030736894F858000193002238
:105C400001A903F012FB28B198F8003023F00803F3
:105C500088F8003098F800305345C3D196E8070023
:105C6000302303FB074303F5807383E8070095F8AF
:105C7000893443F0200385F8893402A800238DF885
:105C80000830FFF775FA9DF80C30022B2FD1012355
:105C900002A88DF80830FFF76BFA9DF80C3033B38B
:105CA0001F4B93F8E9206AB3302303FB0949D9F865
:105CB0000431C4F88430C5F8EC3394F88D3085F89D
:105CC000F833032385F8FA33012385F8F9330023E9
:105CD00099F8082185F81634124B84F8882095F835
:105CE0001724DB6A85F8E8239847FDF7C9FE337867
:105CF000012B05D1302000FB0740E83001F0B2FD58
:105D0000002070E709F10109B9F1040F03F1300334
:105D1000C7D1ECE7012066E7162064E754D90010EC
:105D2000D4DE0010BC0405002DE9F04186B000234C
:105D3000ADF800300646002800F0F2800361FEF75F
:105D4000DBFB20B10124204606B0BDE8F08102F063
:105D500095FA07460028F5D102F08AFA20B9714871
:105D600014223946DFF71BFF6F4D95F88924012374
:105D700042F0040285F8553485F8892432788DF88C
:105D800004200021013A8DF80530ADF806100C2AE8
:105D900000F2A280DFE802F0075A62676C76A0A0EA
:105DA0007CA093808F00D5F8404314F02004C9D123
:105DB00096F80480B8F1020F30D1DFF870812046E8
:105DC000FDF7EAFC224696F9051098F8580003F012
:105DD000F9FB072388F84900FF208DF80530FEF70E
:105DE000B9FE044640B196F9051098F85800012212
:105DF00003F0E8FB88F84900D5F8E0343361002C63
:105E00006ED002F035FA00289DD195F8893485F8D6
:105E1000160460F3820385F8893494E7B8F1010F22
:105E20004FF0020058D1414F8DF8140002A997F8A5
:105E3000580087F8AD4103F0FBF9337987F8C0319A
:105E40008DF805408DF806804746D5E7022385F892
:105E500054340020FEF77EFE0446CDE7032385F888
:105E600054340120F6E7042385F854340220F1E786
:105E700000226946022002F021F808B90024BBE79D
:105E80001324B9E7327BB168B088FEF7F1FEE3E78F
:105E9000002269460D20EEE7244B93F8A831DBB9C8
:105EA000347904F0070001F08BFA8DF800400122EC
:105EB00069461020DFE7002269461220DBE78DF8F3
:105EC000073001F065FA044640B901F049FA20466E
:105ED00000F052FF27468FE702248DE701248BE76D
:105EE00001A802F025F9002F3FF42DAF104B1A78CE
:105EF0002AB901220F4910481A700AF0CFFDD5F8CF
:105F000040330D4843F48073C5F840330AF042FE35
:105F100009480A210AF06AFE07480AF0C7FD12E79D
:105F2000032410E7A8DD001054D90010D4DE0010BF
:105F300090E600104D3603003CDE00102DE9F04FD6
:105F4000C64CABB00AA8DFF78BF8256800230AA877
:105F50002360A346DFF786F8C14C002D00F0E380F4
:105F60005FFA85F9AD0665D5BE4D95F8A831022BCF
:105F700002D0BD4BDB6A984711A8BC4EDFF770F822
:105F80000AF045FE3368D4F8B8131F1A3944B848EC
:105F90000AF02CFEB6480AF089FDD4F8BC13B548C7
:105FA00039440AF023FEB3480AF080FD11A8DFF758
:105FB00059F894F81634002B00F0E281142314A948
:105FC00095F858008DF8503003F0EDF8D4F8BC1374
:105FD0000D900144A8480AF009FEA7480AF066FDA2
:105FE0000FAF336894F81724EB6338468DF87820A8
:105FF0001F930AF04AFCD5F8B831009306AE97E833
:106000000600D5F8B43130460AF0DFFB96E803000D
:1060100021AB83E80300D4F81834209395F8C031FD
:1060200095F85800002B18BF01231EA98DF8793070
:1060300003F0E1F819F0100F49D09BF800108F4AD7
:10604000884DB2F90AA092F90C8057681689A4F815
:106050002AA4002363F300010C93ADF8243084F8E4
:106060004434A4F81E3484F82134C4F82434A4F849
:10607000283484F82E34C4F8303484F81C34C4F83E
:10608000343484F83834C4F83C34774B8BF800103F
:1060900094F88814D5F8E420DB6A84F82C8484F81A
:1060A0002D140492984794F82D34744A059213B92C
:1060B00070480AF06FFD3146384601F037F88346E4
:1060C000002800F06081A4F87AA484F87C8419F098
:1060D000080F1AD0634B93F8A831022B02D0624B01
:1060E000DB6A9847FDF77CFA022084F8410402F04D
:1060F00069F894F8163413B1012384F8153494F830
:10610000893443F0100384F8893419F0040F03D064
:1061100006210520FDF754FC19F0020F03D00421DD
:106120000320FDF74DFC01F0C9FB94F88924D70644
:106130005FD5002384F88A34D4F840331E0644BF68
:1061400023F08203C4F8403312F0050F00F0F5830A
:106150000B2002F051F8002800F0EF8394F8893406
:10616000DD0700F1EA83580740F10D84D4F840338D
:1061700023F00203C4F84033D4F8402382BB94F8E0
:10618000895415F001011EBF2B4662F3000384F809
:10619000893494F889345E0744BF6FF3820384F82E
:1061A0008934012384F88A3421B1D4F84433344843
:1061B0001B6898476D070BD5324802F029F802F0AA
:1061C00057F828B194F8893443F0040384F88934EB
:1061D00001F006F994F889346FF3041384F88934D4
:1061E000012384F88A3494F8893443F0200384F836
:1061F000893494F88934180708D56FF3C30384F8F9
:106200008934D4F844332048DB68984794F88934BB
:10621000990708D56FF3410384F88934D4F84433DF
:106220001A485B689847D4F840238ABB0D4BD3F8D3
:10623000C411D86C81421D4640F0EA8393F8BE0138
:10624000002800F0E583002900F0E283DA641EA84C
:1062500002238DF87830FFF767FD19E050D9001060
:1062600054D90010D4DE0010BC040500D481021003
:10627000DCDC0010F4DC001050DD0010C4810210E2
:1062800094DD0010A8DD0010BCDD001070DD0010F2
:1062900094F88834022B01D1FDF7F2FB94F889348D
:1062A0009A066AD5D4F840536FF3451384F88934BD
:1062B000002D62D1B94E34213046DFF777FC736B85
:1062C000984218BF70634FF01C01B54818BF0125F4
:1062D000DFF76CFC736D984218BF70654FF4C071A6
:1062E000B04818BF45F00205DFF760FCD6F8D8319A
:1062F000984218BFC6F8D8014FF4CE71AA4818BF0B
:1063000045F00405DFF752FCD6F87833984218BF01
:10631000C6F878034FF01001A44818BF45F00805EF
:10632000DFF744FCD6F88C33984218BFC6F88C03CC
:106330004FF460719E4818BF45F01005DFF736FC3A
:10634000D6F81037984218BFC6F810074FF014015E
:10635000984818BF45F02005DFF728FCD6F8283705
:106360009842D4F848331CBFC6F8280745F04005CA
:106370001BB19B680BB1284698472BB0BDE8F08F46
:1063800084F841342CE695F8A831012B0CD100F0AB
:10639000CBFF824668B1584600F0BCFE584600F07C
:1063A000C1FC042384F82D347EB9012384F81D3404
:1063B000B6E100F0C3FF0028F6D0504600F0B0FE72
:1063C000504600F0B9FC0523ECE73B7803939807AF
:1063D000EBD15B09013B062B00F29B82DFE813F057
:1063E00007009902F5009902F20099028A02102E24
:1063F000DBD995F8C0311497F6B28DF854601BB113
:1064000095F8D431002BD0D009F06CF814AA0146CD
:10641000FF2002F0F3FBB8B309F064F814AA0146B8
:10642000002002F0EBFB88B309F05CF814AA0146E7
:10643000012002F0E3FB58B309F054F814AA014616
:10644000022002F0DBFBA8B904279DF8603003F0BE
:106450000F020F2A1ED0C3F303038DF8783095F88E
:10646000580095F88D308DF8793007221EA902F07A
:10647000FCFE78B9012001F0BFFE002878D0012190
:10648000072001F08DFE73E00127DEE70227DCE73D
:106490000327DAE79DF85B309DF85A209DF86010DD
:1064A0001B0443EA02239DF859201343C5F8E0304A
:1064B000179BC5F8E430C1F3021385F8793001F079
:1064C0000F030F2B1EBFC1F3030385F8803085F83F
:1064D00088309DF86130002B5DD0AB66AA6E95F8D0
:1064E00058004FF47A735343334AAB6611F0800F70
:1064F00003F57A73EB66314B18BF1346C5F8BC3110
:106500000DF1620312934FF0010894F817348DF8DF
:106510004430113E11A985F878808DF84C6002F066
:10652000C3FE022385F8C03195F8BE314BB100227D
:10653000A5F8522009A942460B208DF8243001F01D
:10654000BDFC384601F058FE18B13946002001F074
:1065500027FE95F8D4312BB10023194885F8D431A2
:106560000AF018FB023F012F02D80120FDF714F9B1
:1065700094F82D34012B00F2DA8194F81634002BB4
:1065800040F0CD8194F8893443F0100384F88934C5
:10659000FDF726F89BE501239FE700BFD4DE00103E
:1065A0000CDF00102CDF0010B0E0001050E20010F3
:1065B00064E20010E8E500100001010100040001A0
:1065C00010DE0010012384F81C3495F88D308DF80E
:1065D000363094F820348DF8353095F858000D2376
:1065E0000DA98DF8343002F0DEFDA6F10D031BB2CB
:1065F0000B9023EAE37300B283423FF7D6AE0B2E33
:106600007FF6D3AEB84B27930DF1780BFF23584696
:106610001E978DF87C608DF8A03002F04FFC074685
:1066200000287FF4C2AE95F8A831012B14D100F0F8
:106630007BFE0646002843D0384600F06BFD384606
:1066400000F070FB04239DF88410209884F82D340A
:10665000C1F3001101F014F9209BC4F8343411A9DE
:106660005846FEF71BFB074600287FF49EAE209994
:106670009E4B0C908246D3F8EC208A422CD193F8A2
:10668000E90048B3302303FB0A5393F8EAA0D3F898
:106690000C311B680C9395F8A831022B02D103230F
:1066A00084F82D349DF84430032B7FF47EAE9DF8A2
:1066B000843013F0600F7FF478AE0492012712E06B
:1066C00000F03CFE0028C7D0304600F029FD3046DF
:1066D00000F032FB0523B6E70AF1010ABAF1040F14
:1066E00003F13003C7D19DF8443095F8BE61BAF18B
:1066F000040F29D8DFE80AF022031E201700052620
:10670000BDF886100CAA304601F0DAFFF0B1072878
:106710000CBF0823012384F81D340C9BC4F83034CB
:10672000FDF71EF8D3E4012E0AD15BB1032B08BF9D
:106730000226E5E70626E3E70726E1E70426DFE78A
:106740000326DDE70226DBE70123E4E70C9B04993F
:10675000CDF800B03246504602F074F920B102285C
:106760000CBF0A230B2321E60C9B94F82D24C4F8BC
:1067700030349DF8843084F81D04C3F34013012A9B
:1067800084F82E3484F844349EBF0123A86385F82E
:10679000AE31012F84F81E74C4F8240484F8280450
:1067A00084F8410424D1022384F81C3495F84A303B
:1067B000002B36D19DF88430D90632D4D4F83C343D
:1067C00013B1012384F82134012A94F840149DF870
:1067D000843005D8012901D19A0601D501F012FCB7
:1067E0009DF84430032B78D8DFE803F0263F703063
:1067F000039B03F0E003A02B18D195F8BE110123F1
:1068000085F84A3009B929996964012A84F81C3449
:1068100007D94FF4FA53C4F83C34059B1B68C4F8FD
:10682000E43495F8A831002BCBD0C7E7002385F8D6
:106830004A3084F81C34BDE79DF8841094F82D3458
:10684000424601F00F0122A8FDF736FA9DF8983074
:1068500084F81F34279BC4F824349DF8A03084F8B2
:106860002834012384F829340DE09DF8841094F82D
:106870002D34424601F00F0122A8FDF71DFA9DF8C4
:10688000983084F81F3495F8D4315BB1002618484D
:1068900085F8D4610AF07EF994F889345B0748BF23
:1068A00084F855649DF89820E02A08D195F8AF3116
:1068B0002BB984F81F24C4F82434A4F8283494F89D
:1068C000893443F0020384F8893451E694F82D3476
:1068D0009DF8A01027984246CFE7012384F81D3485
:1068E000FCF73EFFCFE700BF8CDB0010D4DE0010CA
:1068F00010DE00105E4D013EB2B2791C2846DFF773
:106900003AF90323A4F81C34C4F8245484F8286406
:10691000D5E7012384F81D34FCF722FF28E694F81C
:106920004434002B3FF42EAE0020FCF707FF94F810
:106930002D34022B3FF42CAE24E694F88934590709
:1069400021D5012001F058FC48B1002384F814340B
:10695000D4F8403323F00203C4F8403313E002209C
:1069600001F04AFC0028F0D1032001F045FC00288A
:10697000EBD1042001F040FC0028E6D1062001F014
:106980003BFC0028E4D194F88934DA077FF5F4ABB6
:1069900094F840240AB1032A19D1364A94F8141401
:1069A00092F87820914205D29B0724D594F82D3493
:1069B000012B20D830480AF0EDF8D4F8403323F00A
:1069C0002003C4F84033FCF795FFFFF7D5BB012A3D
:1069D00011D194F81524002A3FF4CEAB254A94F83F
:1069E000141492F878209142E4D29F0703D594F8CA
:1069F0004434002BDED194F8893400206FF3041363
:106A000084F8893484F81504FDF7F2FFFFF7B4BB6E
:106A100095F8D5315BB102231EA88DF87830FFF7C9
:106A200083F900287FF434AC85F8D50130E495F87B
:106A3000D6315BB103231EA88DF87830FFF774F9C7
:106A400000287FF425AC85F8D60121E495F8D731EC
:106A5000002B3FF41DAC04231EA88DF87830FFF7FF
:106A600063F900287FF414AC85F8D70110E400BF67
:106A70008CDB0010D4DE0010C4DC00102DE9F04FD8
:106A800007468DB018B903200DB0BDE8F08F002384
:106A90000361FDF731FD0546002873D13E460FCE58
:106AA000564E97F8008097F90EB08DF8085007AC55
:106AB0000FC4BB89524C01931422294606F5886005
:106AC000DFF76DF8012286F8412494F8C021022AEC
:106AD0000BD194F8A821022A07D194F8AE2122B94B
:106AE000B8F1010F38BF4FF00108B8F1010F2CD0F9
:106AF000B8F1030F2DD0B8F1000F3BD19DF808205D
:106B0000022161F347129DF82090DDF824A08DF852
:106B10000820012594F88C108DF81610022205A982
:106B200094F858008DF8142002F03DFB94F8AA1157
:106B300040B2022259B394F8C01194F8AD31012942
:106B400022D10BBB45BB104654E09DF80820042120
:106B5000D7E79DF80830DDF820A09DF926B043F076
:106B6000E0038DF80830BDF82430019301254FF083
:106B70000009CFE74FF0000BD946CBE7002386F89A
:106B8000163437E001207FE7CDB9022032E0002D36
:106B9000D9D05845B8BF584694F88C308DF81000BD
:106BA000052294F858008DF8123004A902F05DFB1C
:106BB00000283FF468AF9DF8103084F84930D6F8CB
:106BC000E40438B10AF02AF8B0F5FA5F84BF002374
:106BD00084F84A30019B5246494602A8FDF73EFF21
:106BE0000028CBD196F8893486F8408443F001031D
:106BF00086F88934D6F8E0343B6145E754D9001073
:106C0000D4DE001037B50B4D8DF8040004460E227B
:106C100095F8580001A902F028FB40B1064A85F812
:106C2000AC4192F8893443F0200382F8893403B0F0
:106C300030BD00BFD4DE001054D900102DE9F04F54
:106C40008BB047780093149B90F90C8090F90D60FD
:106C500090F80E908B464168196004469246002FCA
:106C600056D002238DF8103004A9C37B007C8DF828
:106C7000123002F098FAB4F808C0618943B2606833
:106C8000984545466144B8BF1D46604534BF00275E
:106C90000127884209D30A218DF81010207C019326
:106CA00004A902F080FA019B46B22089B4F80AC018
:106CB000616800EB4C0E71451FD3091AB1FBFCF063
:106CC0000CFB1011C9B998450ADC237833B10223B3
:106CD000207C8DF8243006A902F0AAFA4FF00109B1
:106CE00020238DF81030207CE37B8DF8115004A90F
:106CF0008DF8123002F057FA45B2009B8BF8005025
:106D000038468AF8006083F800900BB0BDE8F08F39
:106D10004546F2E7024BD3F89C3003B11847704761
:106D200098E60010034A137843F002031370FFF74C
:106D3000F1BF00BF5CE70010034A137843F004037F
:106D40001370FFF7E7BF00BF5CE700101FB571B914
:106D500033238DF80830074B8DF80C00D3F8B4308E
:106D600002A9187802F01FFA05B05DF804FB2E2383
:106D7000EFE700BF98E6001008B509F048FF074BA1
:106D8000186403F1500009F005FF054A137843F039
:106D900001031370BDE80840FFF7BCBF98E6001080
:106DA0005CE700102DE9F04782460E4690461F46EC
:106DB00009F02DFF1E4B814693E8030009F077FD93
:106DC0004FF4FA34A9EB0000B0FBF4F304FB130416
:106DD0001E2303FB0A9000F64800051BA9450FD9A6
:106DE000241A03FB06F24C44B4FBF2F40134E4B27F
:106DF000664303FB0655444504D30020BDE8F087F5
:106E00000024F8E70B4CD4E9090109F050FDA0F685
:106E1000D630A842F1D3084BDB6D9847A5EB0905A6
:106E200094ED040A281A09F008FF38600120E5E70C
:106E3000B4E6001098E60010BC04050070B588B0F8
:106E4000064615466846102200211C46DEF7A7FEBE
:106E500010220DEB02000021DEF7A1FE04AB8C2214
:106E600010216846CDE9006508F0F2F99DF811207F
:106E70009DF8103003EB0223B3FBF4F204FB123352
:106E80000C9A138008B070BD30B5B8B10446014407
:106E900041F22105002014F8013B082280EA03207A
:106EA00010F4004F4FEA400302F1FF3218BF6B406D
:106EB00092B298B2002AF3D1A142ECD130BD0000C9
:106EC00070B5134D81600023C3602B7B13F0120F4C
:106ED00086B004461AD030238DF81030D5F8B4307F
:106EE00004A9187802F05FF9D5F8B820B5F9486020
:106EF000136803900146D5F8B40012790078009425
:106F0000B34238BF334649B202F009FA06B070BD49
:106F100098E600102DE9FF4105460F46164632BBA4
:106F20003523DFF854808DF80830D8F8B43002A942
:106F3000187802F038F9C4B2012C019019D9322323
:106F40008DF80830D8F8B43002A9187802F02BF97F
:106F500005EBD711B1FBF4F304FB131454FA80F0E2
:106F60003146C0B2FFF7F2FE04B0BDE8F081312334
:106F7000D7E70020F4E700BF98E60010F0B506461A
:106F80001B4D85B01746084661B301210020FFF76D
:106F9000DDFE184B1B681A7BD107044648BF1C69ED
:106FA0002B7B1A0708D56FF3C30395F838002B73B2
:106FB0000121FFF7CBFE0446CDE90264D5F8B430D9
:106FC000D5F8A420ADF804701878043201A902F0B5
:106FD0007FFBD5F8A030D5F8A420DC6012791A74B4
:106FE00005B0F0BD696901228031FFF793FFD0E75A
:106FF00098E6001094E6001030B5184D184B194C67
:10700000286885B0002118221960DEF7C8FD0C221F
:1070100000212046DEF7C3FD4022002104F10C00D0
:10702000DEF7BDFD104B2361D4F8983013B19847BB
:1070300084ED040A34238DF80830D4F8B43002A962
:10704000187802F0B0F82A68002310725372A4F87E
:107050004C3084F84E3005B030BD00BF94E60010CF
:107060005CE7001098E600100000C8412DE9F843E5
:107070000F4E33681D7BD3F810901C78D3F8048032
:1070800093F90870FFF7B8FF33681A7B1F7205F099
:10709000010565F300021A731A78C3F81090C4F35F
:1070A000400464F341021A70C3F80480BDE8F88319
:1070B00094E6001070B5044602B303C9104E114B9C
:1070C00086E803001A600FCC06F108050FC50FCC47
:1070D0000FC5A6F1480023680B492B6009F0DEFCC0
:1070E000A6F13000094909F0D9FCA6F118000849B9
:1070F00009F0D4FCBDE87040FFF77EBF70BD00BF53
:1071000030E7001094E60010796D0300256D030050
:10711000396D0300014B83F84D00704798E600106D
:10712000014B83F84E00704798E600102DE9F047B8
:107130006F4F8CB02F238DF81830D7F8B430054638
:107140000E46187806A902F02EF897F84C300590F4
:10715000092B3C4604D0387B10F0100000F0C280B0
:107160009DF81430B34240F0B2809DF81570284667
:10717000791DFFF789FEEA199179537943EA0123D2
:10718000834240F0B280EB5DD4F8A01059484B75B3
:10719000C35CA4F8483053786361907843EA0023D5
:1071A0006361D07843EA00436361127943EA026382
:1071B0006361514A002323830B1D92E8030083E897
:1071C00003004FF001099DF8161007F10E0807F1B2
:1071D000070A884405EB0A000731FFF755FE05EB67
:1071E00008035A7815F8083043EA022383420BD18A
:1071F000D4F8A00015F80A30837507F108010622BB
:1072000029441730DEF7B7FCB9F1000F5FD0302307
:107210008DF81830D4F8B43006A9187801F0C3FFFF
:1072200036238DF81830D4F8B4308DF81900059055
:1072300006A9187801F0B7FF37238DF81830D4F875
:10724000B4300590074606A9187801F0ACFFF6B2F5
:1072500002962A4E0590012300250A22CDE900233B
:107260000146766A03953A461846B0474FF47A735A
:10727000B0FBF3F3C3EB431203EB8202A0EBC200BB
:107280001F4AADF8240012E9030082E803001D49FB
:10729000E0690144E161099900910AAE06CA3046ED
:1072A00009F077FA96E8030009F0ABFA237B23F0A4
:1072B000030343F00303237308232386E38002239D
:1072C00063632846052384F84C30FFF755FD94F896
:1072D0004C30092B05D10223002084F84C30FFF7F5
:1072E0004BFD01200CB0BDE8F0874FF000096AE7C4
:1072F00098E6001020000500ACE60010BC04050074
:10730000B4E60010803DD512064B1A7BD20606D497
:1073100093F84C00A0F109035842584170470120EE
:10732000704700BF98E60010034B93F84D00C31E52
:1073300058425841704700BF98E60010034B93F83D
:107340004E00C31E58425841704700BF98E60010D7
:10735000024B187BC0F30010704700BF98E6001086
:1073600008B50A4A58B9137B5B0706D5FFF7F0FF4B
:1073700018B9012382F84C3008BD0023FAE792F8CF
:107380004C30012B88BF82F84C00F5E798E60010DE
:10739000034B93F84C00012801D0FFF7D9BF704789
:1073A00098E60010054B1A7BD20705D493F84C00E1
:1073B000431E5842584170470120704798E600101C
:1073C000064B1A68802343FA00F050704FF4805344
:1073D000C0B2B3FBF0F05080704700BF94E60010DD
:1073E0000B4B93F84C20062A11D11A7B42F0200255
:1073F0001A7392074FF0050158BF04224FF00000A6
:1074000083F84C1058BF83F84C20FFF7B5BC704789
:1074100098E600100378452B01BF034B1B681B7ACD
:1074200003710220704700BF94E600100378452BDB
:1074300002BF044B02791B684FF0020008BF1A72AA
:10744000704700BF94E6001008B50C2000F0D4FE91
:1074500048B10C21002000F0A3FE034B1A681378FA
:1074600043F00103137008BD94E600102DE9F341C9
:10747000204E0546884629B3D6F8B43001911878D5
:10748000002201A901F0F1FE0028074619BF0324DC
:10749000074601270224D6F8B83093F831308DF82A
:1074A00005306DB2D6F8B4308DF804501878072244
:1074B00001A901F0DAFE40B904F0FD04204602B053
:1074C000BDE8F0810F460324E5E7032C0FD10A4BFA
:1074D0001A68137837B143F002031370C2F80480BE
:1074E0001572EBE767F3410313705760F8E7022466
:1074F000E4E700BF98E6001094E6001073B51E2381
:10750000194C5843E0630D20164684F8381000F0FB
:1075100073FE90B1E16BB1F5FA3F10D90023E3633C
:1075200084F838300D210F2000F03AFED4F8A8304E
:10753000E26BDA6094F838201A7402B070BD237BD5
:107540006D4623F00C0343F00C03314428462373AB
:1075500009F0CCF995E8030004F1240383E8030063
:107560000D210020E0E700BF98E600102DE9F04370
:1075700089B004AF384609F065F9049C97E8030028
:1075800009F095F924F07F0808F1800300250493A1
:10759000ADF81450214CADF81C50814697E803001B
:1075A00004F1240686E80300079B009302AF96E8E7
:1075B00006008023384609F008F997E8030004F133
:1075C0001C0383E80300092000F016FE10B396E8C0
:1075D000030009F06CF948450AD2E561258465622B
:1075E000258509210F2009B0BDE8F04300F0D8BD82
:1075F000237B96E8030043F00403237309F057F953
:10760000074B2583A0EB09004344E0636361092134
:107610002846E8E709B0BDE8F08300BF98E600100F
:1076200080C22AED13B5044690B10D4B0190D3F8FA
:10763000B4300022187801A901F017FE30B1094BCF
:107640001B681A7B1C6142F001021A7302B010BD64
:10765000044B1B681A7B60F300021A730120F5E7E4
:1076600098E6001094E6001070B5054609F0CFFAD0
:10767000104E0446D6E9090109F019F9D6F8B830D8
:10768000D3E903231A44C2F17F4202F57F0202F5D7
:1076900074424832531B03449C4208D300F648010D
:1076A00040F64803A1428CBF1846002070BD002060
:1076B000FCE700BF98E6001013B50B4C04F168001E
:1076C00009F068FA04F1800009F064FA01A8DDF716
:1076D000C7FC064A137823F00603137001A8DDF7F0
:1076E000C1FC02B010BD00BF98E600105CE70010BE
:1076F00013B5114C237BDB071BD594F84C3003F0FA
:10770000F703022B02D10020FFF736FB01A8DDF7BB
:10771000A7FC0A4B1A7801A86FF300021A70DDF774
:10772000A1FC074809F036FA062384F84C30FFF72D
:10773000C3FF02B010BD00BF98E600105CE7001068
:10774000E8E60010012810B504460DD10A4B1B7B5A
:10775000DB070FD5094B1B681B7813F0010F0CBF1B
:1077600002240024204610BD20B9FFF7C1FFFFF717
:107770007DFCF7E70224F5E798E6001094E6001098
:1077800038B5104B1B681B78DB0719D50E4C00254C
:10779000012104F1680084F84D5009F027FA04F142
:1077A000680009F083F904F18000012184F84E504B
:1077B00009F01CFA04F18000BDE8384009F076B900
:1077C00038BD00BF94E6001098E600102DE9F7439D
:1077D000234D88460746D5E90701164609F067F8A4
:1077E0004FF4FA33301AB0FBF3F403FB14041C1B00
:1077F000E9463119484609F079F899E8030005F19E
:10780000240383E8030095ED040A204609F015FAE5
:107810004045044688BFA0EB08042644EE62FFF70B
:10782000AFFF2B7B9B060CD4D5F8A0300A221A7030
:107830005F70D5F8AC20137823F0180343F01803D9
:1078400013702B7B6FF345132B7340F6B8339C42B8
:1078500088BFA4F6B834204603B0BDE8F08300BF6B
:1078600098E6001050B1428C8023134180F82830F4
:107870004FF48052DBB2B2FBF3F343857047000054
:107880000C4BD3F8B0201268824210B503D10A4BDA
:107890001B68597210BDD3F8BC3003F1C00223B18C
:1078A0005C68844208BF83F82E1030339342F6D1CF
:1078B000F0E700BF98E6001094E600102DE9F041D3
:1078C0008AB004A8DDF7CCFBB04B1C68002204A8EA
:1078D0001A60DDF7C7FB002C00F06B82E307E6B20D
:1078E00060D5AB4C94F84C30226C0A2B00F28381AB
:1078F000DFE813F0B2000B00CB008101E9000201C8
:1079000081011E01430181016001237B13F01008F6
:1079100004D0A04BDB6A98470A2399E00821022291
:1079200013F004032186E180626300F08E8005A8D5
:10793000FFF7C6FAE16B49B309F069F9964F0546BE
:1079400097E8030008F0B3FF854217D297E80300D9
:1079500008F0ADFF94ED040A401B09F06EF9089B96
:107960008342054600DA1D440023E3638B48294621
:1079700009F03CF9894809F099F813E0237B84F871
:107980004C8023F00C0323730125EDE7237BBDF826
:107990001C2023F0140343F01003237340F6480027
:1079A000FFF7ECFAB10740F17A81794B93F84D106B
:1079B0000022012905921C4613D0022900F01F81E4
:1079C000002940F0E681764BD4F8B0201B68201DDA
:1079D0005B88009012686069FFF730FA012384F831
:1079E0004D306F4DA088296805AB4A784988FFF76C
:1079F000D9F9002800F05381237B9A071AD5D4F8CF
:107A0000B820B4F9487013682968D4F8B400654DFB
:107A1000127991F9081000780095BB4238BF3B46B7
:107A200001F07DFCAB68059AE380EB689342BCBF34
:107A30009B1805930223059984F84D305A4809F0A4
:107A4000D5F8594809F032F829E163622385E363E8
:107A500084F84C30012589E7237B13F010057FF46F
:107A600058AF0821022243F0100305A82186E180C7
:107A700062632373FFF724FA2846BDF81C20012116
:107A8000FFF77CFA4FF4FA3570E76369803363617E
:107A900000232383636B5B00B3F5807F88BF4FF4C3
:107AA00080736363238E5B009BB2FF2B88BFFF2331
:107AB0002386E3885B009BB21E2B88BF1E23E380D6
:107AC000042384F84C30237B03926FF34103237328
:107AD000364B93E8030008F0EAFE039A344B101A81
:107AE00098423FF619AF616B0E20FFF76FFE054617
:107AF000072384F84C3039E7237B00216FF304130C
:107B00000D202373FFF762FED4F8AC301B785F07BB
:107B10000546EDD50B2000F06FFB0028E8D00B21C7
:107B2000002000F03DFBD4F8A83000225A60DFE7C7
:107B3000D4F8983013B1984784ED040A154BE76ADE
:107B4000DB6D98473F1A09F062F8218E054605A8BB
:107B5000FFF7B6F9AF420ED90823781B94ED040A5B
:107B600084F84C3009F069F8089B83420546BFF65B
:107B7000FDAE1D44FAE604236AE7092384F84C307D
:107B8000FFF79AFDBDF81C20002107E75CE7001015
:107B900098E60010BC040500BCE60010E8E6001002
:107BA00094E6001074E7001000E70010B4E600103F
:107BB00000DD6D00D4F8AC301A78500712D50B20D8
:107BC00000F01AFB18B10B210F2000F0E9FAFFF7C3
:107BD00073FDFFF74BFAD4F8AC20137843F0100391
:107BE0001370DFE6D4F8A0200E2111801A7842F03D
:107BF00008021A70EBE7002384F84C30D2E698496B
:107C00000B681A7812F00202884600F0B4805F68B0
:107C1000A36843B1D8F8002093F82E30527A9A42E4
:107C20008CBF0023012394F84E20032A0FD1002B90
:107C300000F0AB808B4B1B6B98478B4800231E21B9
:107C400084F84E3008F0D2FF874808F02FFF032356
:107C500084F84D30D8F80030844D1B7A6B70D4F81E
:107C6000B8306F6093F831302B740423AB74002765
:107C7000D4F8C0306F741B78EB74D4F8A420D4F817
:107C8000B43004321878294601F07CFB754B6A7CCD
:107C90005B6B002A77D1D4F8B820906898477307B7
:107CA00040F18780724ED6F8BC50002205923446CF
:107CB000002D7ED096F84E30032B7AD0012B17D0B2
:107CC000022B69D0002B40F0C78005F1C0066B780D
:107CD00043B105F12C026B8D00926A686069002146
:107CE000FFF7ACF83035B542F1D1012384F84E30BE
:107CF000D4F8BC600025A56006F1C00773786BB1AD
:107D000096F82820718DB08D05ABFFF74BF828B1A0
:107D1000059B0DB1AB4201D21D46A6603036BE4276
:107D2000ECD1A368002B44D0237B524E13F0020FFA
:107D300014D0D4F8B8204A491368B4F948700968D7
:107D4000D4F8B400127991F9081000780096BB427B
:107D500038BF3B4601F0E3FAB368E380F368AB4217
:107D6000B8BFED18022384F84E3029463E4808F08B
:107D70003DFF3D481BE0D4F8B03061691868FFF75B
:107D8000C9F8074644E7384688E784F84D301E2195
:107D900054E683F84D2082E7B3686BB906F18000A2
:107DA000012186F84E3008F021FF06F1800008F02E
:107DB0007DFE0AB0BDE8F081DE692EB93246616908
:107DC0005868FFF7A7F8064694F84D30032B15D1F5
:107DD000234BA2681B6892F82E205B7A9A424FF0E0
:107DE000000535D21F4B1B6B9847234884F84D5034
:107DF0001E2108F0FBFE204808F058FE032384F8FB
:107E00004E30A3681B4D93F820306B70D4F8B83017
:107E10006E6093F831302B740523AB740026D4F8D0
:107E2000C0306E741B78EB74D4F8A420D4F8B4304E
:107E300004321878294601F0A5FA0A4B6A7C5B6B7C
:107E400022B9D4F8B82090689847B2E73046FBE7EB
:107E500084F84E501E2189E786F84E20A9E700BF1E
:107E600094E60010BC04050018E7001074E7001049
:107E700098E6001060E7001000E7001001280CD021
:107E80000538C0B21B2807D8012383400348184097
:107E9000003818BF01207047002070477910000893
:107EA00010B5054C4FF4037220460021DDF777FE34
:107EB0000020C4E9000010BD88E700102DE9F0475C
:107EC00081461746002947D0284B002603F1010CB4
:107ED0001A463001103312F8018FB8F1000F3ED16D
:107EE0009A42F8D1224C23680BB9C4F800C06368E9
:107EF0000BB1C3F800C02318002501369D6083F83C
:107F00000C900D303301BAB22044E750C4F804C0DD
:107F1000DDF731FE484609F1FF395FFA89F9FFF7CD
:107F2000ADFFB9F11F0F98BF124DD4F8082204EB32
:107F3000061A98BF25FA09F504EB061602F10102AC
:107F400098BF05F0010517448AF804007571C4F85C
:107F500008724046BDE8F0874FF00108F9E70136A6
:107F6000202EB3D14FF00208F3E700BF8FE70010D7
:107F700088E700100104008010B510B3124B1A6896
:107F8000904204D102681A60002204E00A4612B14D
:107F900011688842FAD15968884208BF5A600AB10C
:107FA00001681160D3F808228168013A0024521A4E
:107FB00004602146C3F808221022DDF7F0FD2046B8
:107FC00010BD0120FCE700BF88E70010054B1B68CF
:107FD00013B11A798242FAD1002B0B600CBF032037
:107FE0000020704788E7001010B5054B186800B9ED
:107FF00010BD037B04680BB9FFF7BEFF2046F6E710
:1080000088E7001038B50C4B0C4C196809B90846C4
:1080100038BD0A790D681046FFF730FF50B1013ABC
:10802000D2B21F2A03D824FA02F2D30702D4084698
:10803000FFF7A2FF2946E9E788E700100104008066
:1080400028B1044BD3F808320360002070470120A8
:10805000704700BF88E700102DE9F04107460E4643
:10806000154632B329B3144B1C6800232CB9304693
:10807000FFF7E6FF0020BDE8F081A268F91A01329F
:1080800091420FD32279EA54581C22895FFA80F872
:10809000611D55FA80F0DDF76EFDA3682468434446
:1080A000DBB2E3E720462468FFF766FF002CF9D136
:1080B000DDE70120DFE700BF88E700100138C0B22C
:1080C0001F289ABF014B185C002070472400050050
:1080D00030B50B4B93F8202082B100241C33E5B25D
:1080E000AA4202D80021084630BD0D788542FAD058
:1080F00099420CBF034904310134F0E71146F2E71D
:1081000094E90010A0E9001010B5084C002320608D
:10811000142204F10C00FF2184F82030C4E901008E
:10812000DDF73DFD012384F8213010BD94E90010F6
:108130000F4B93F82020042A17D89A680178117001
:1081400041785170C178D1708178917093F8201086
:10815000013183F8201003F11C018A4214BF04325C
:1081600003F10C029A60012070470020704700BFA5
:1081700094E90010094B93F8200068B15A6803F1A4
:108180001C018A4200F1FF3014BF043203F10C02DB
:1081900083F820005A600120704700BF94E9001066
:1081A00010B5074B93F820200446084632B15968B1
:1081B000FFF78EFF10B101234470837010BD00BF24
:1081C00094E9001030B50A4A92F82010536882F8FA
:1081D000210061B1916801241C32DD78587005B925
:1081E0009C7093420CBF034B04339942F5D130BDD0
:1081F00094E90010A0E9001008B5044B5968FFF796
:1082000067FF003818BF012008BD00BF94E90010C7
:108210002DE9F3410422154D044600210DEB020027
:1082200095F82080DDF7BBFC0026F3B2984502D814
:1082300002B0BDE8F0816B68197821705A786270DD
:108240009F785FB12B6820469B689847FFF792FFA5
:1082500017B901A8FFF76CFF0136E6E7DB788DF868
:1082600004108DF805208DF80730EFE794E9001031
:10827000014B93F82000704794E90010034B93F8EA
:108280002000042894BF00200120704794E90010CA
:108290000138062823D8DFE800F0040A0E12161A67
:1082A0001E00104B1B681B690B60002070470D4BB4
:1082B0001B685B69F8E70B4B1B689B69F4E7094B8C
:1082C0001B68DB69F0E7074B1B681B6AECE7054B93
:1082D0001B685B6AE8E7034B1B689B6AE4E70520C1
:1082E000704700BFB8E90010F0B50D4685B00646EE
:1082F0001F46114682B300240628CDE901440394A9
:1083000023D0072826D005284FF0010419D08DF876
:1083100000402B0A8DF80150082201A82D0C8DF881
:1083200002308DF80350DDF730FC324621466846B6
:10833000ADF80C7007F00DF8002818BF0E2005B03E
:10834000F0BD03238DF80030E3E704238DF80030FF
:108350000124DEE70223F5E70920F0E71FB507282F
:108360004FF00004CDE902440CBF022401248DF833
:1083700000408DF801100C0AADF80420090C120C15
:108380008DF803108DF806208DF8073002461B0A81
:10839000012168468DF802408DF8083006F0D9FFBB
:1083A000002818BF0E2004B010BD2DE9F04188B0A0
:1083B0000D4690460F99064600284DD00024012016
:1083C000CDE904448DF810009DF838008DF81500B3
:1083D000ADF81630180CCDE900441B0ECDE902446F
:1083E0008DF81930ADF81A100B0C090E07948DF8A2
:1083F00018008DF81C308DF81D10E3B21F01002D00
:10840000FFB203DC002008B0BDE8F0810133102189
:108410008DF81F3042466B460DEB010006F018FF49
:108420000346D8B9102DAE46A8BF4FF0100ED9B2F2
:10843000714503F1010303DB103D2DB20134DCE78C
:1084400008AA07EB010C114416F80C0011F8201CC7
:10845000414006F80C10EAE70920D4E70E20D2E7E5
:10846000F0B5002489B006462948DFF8A8C00068A6
:10847000CDE90444CDE90044CDE90244CDE9064408
:1084800001248DF8104000686045DDE90E5708D9D9
:10849000A34204D9022B22D0082009B0F0BD8DF8E8
:1084A00014400B0C8DF818302B0C8DF81C30194B28
:1084B000ADF8161098424FEA1161ADF81A5088BF16
:1084C00001234FEA15658DF815208DF819108DF8E8
:1084D0001D5088BF8DF81F3026B90020DDE78DF8CC
:1084E0001430DEE710216B4606220DEB010006F08A
:1084F000AFFE58B908AB1A183B5C12F8202C534059
:108500003B54431CD8B2B042F4D3E6E70E20C4E794
:10851000B8E90010000001011FB500237F220821E7
:108520006846CDE90033CDE9023306F012FF00289A
:1085300018BF0E2005B05DF804FB00002DE9F043E4
:10854000C5B0DDE94C650C4690461F4681460028C3
:1085500049D0B1F5807F48D84FF488720021684631
:10856000DDF71DFB49238DF80030BFB3204B1B689E
:10857000DB688DF80130C3F307238DF802304FF428
:108580008072ADF80420320C8DF808202A0C0023EC
:10859000ADF80660ADF80A508DF80C204946224629
:1085A00004A8360E2D0E8DF803308DF80E308DF8A0
:1085B00009608DF80D508DF80F40DDF7DCFA04F1FD
:1085C00010014E9A434689B2684606F02BFE10B160
:1085D000012818BF0E2045B0BDE8F0838DF801706A
:1085E0008DF80270CBE70920F5E70D20F3E700BF17
:1085F000B8E9001070B586B0DDE90A650C4613468F
:1086000038B3B1F5807F26D84922310C029200227E
:10861000ADF80C208DF810108DF81620290C0C9A4E
:10862000ADF80E60ADF812508DF8141000920146AE
:10863000360E2D0E224602A88DF811608DF81550C9
:108640008DF8174006F0E8FD002818BF0E2006B090
:1086500070BD0920FBE70D20F9E7000010B5A8B1B7
:108660000B4C382200212060DDF799FA2368094A73
:108670001A6000204FF0FF32C3E90302C3E905226C
:10868000C3E90722C3E909221A6310BD0820FCE7E9
:10869000B8E9001000010101024B1B6818600020BE
:1086A000704700BFB8E9001030B1044B1B68DB68AD
:1086B000013303600020704709207047B8E90010BB
:1086C00013B500230C460193D2B101A9FFF7E0FDD9
:1086D00018B9019B591C02D1146002B010BD99B2A7
:1086E000611A002902DD0B441360F6E702D1136022
:1086F0000720F2E71B0C1B0403F580332344F3E748
:108700000920EAE779B1082803D0092807D0052015
:108710007047064B1B8801330B8000207047044BC9
:108720001B689B8DF7E70920704700BFBCE900106C
:10873000B8E9001080B1094B1B6803F11C024262CA
:1087400003F12002426503F124022833C0F884209B
:10875000C0F8B4300020704709207047B8E9001015
:1087600030B5044687B0002847D0264B1A68938856
:1087700001339BB2938000F10E05C3820023CDE943
:108780000233CDE904330822062329460DF10900FE
:108790008DF80830DDF7F9F90222012102A806F070
:1087A000D8FD90B9CDE90200CDE9040005230822E7
:1087B00029460DF109008DF80830DDF7E6F90322AE
:1087C000012102A806F0C5FD10B1122007B030BD8E
:1087D000204600F0CEFB08B11020F7E704F11803A3
:1087E000009321680123132206F016FD38B92046B4
:1087F00000F0BFFB0028E9D0EEE70920E6E70E20F5
:10880000E4E700BFB8E9001037B50446F8B1134DEE
:108810002B689A8D4FF6FF739A421AD000F0DDFB59
:1088200010B1102003B030BD04F11C030093216887
:108830000223142206F0F0FC68B9204600F0CDFBBC
:108840000028EED12A68938D01339385EAE7092049
:10885000E8E71120E6E70E20E4E700BFB8E90010E2
:1088600037B50446E8B1124D2A884FF6FF739A4295
:1088700019D000F0EAFB10B1102003B030BD04F1B4
:1088800014030093216805230F2206F0C5FC60B98C
:10889000204600F0DAFB0028EED12B8801332B8034
:1088A000EBE70920E9E70420E7E70E20E5E700BF52
:1088B000BCE900102DE9F04F04468BB088461746FE
:1088C0001E46002B48D05E4D2B68DB68834200F2C9
:1088D000B48096F82020002A14BF07220622834283
:1088E00006D3304600F0E9FB034608B310201CE035
:1088F000002301900093B36896F82810706AFFF780
:1089000054FD90B92B689B78012BEAD106F1100336
:1089100096F80CC0CDE9004302460346B1680CF05E
:108920000F00FFF79DFD0028DBD00BB0BDE8F08FF6
:10893000D5F8009096F804C099F802A03068B6F80F
:1089400008E0B268ACF1040CBAF1010F1FFA8CF127
:1089500068D1CDE9043308B90920E6E7B1F5807F95
:1089600001D90D20E1E796F80CA08DF81C701AF0E3
:10897000200FCAF340131CBFD9F830308DF81930DE
:108980004FEA124718BFC3F307234FEA126208BF2A
:108990008DF819308DF81A308DF821200023220C23
:1089A0008DF81D308DF824208DF82630220E04AB72
:1089B0004FF0490B8DF8252000930A460523014608
:1089C00006A88DF818B08DF81B80ADF81EE08DF864
:1089D0002070ADF822408DF827C006F01DFCF8B9D4
:1089E00005AA337B3179CDE90142B268009204399E
:1089F0003068C3F34013042289B2FFF7FBFD00285F
:108A000093D1BDF81030059A43EA0243F362304631
:108A100000F053FB00287FF469AF2B68DC6084E72B
:108A20000E2082E706F12C070092CDE901470622CD
:108A3000FFF7E0FD0028EAD077E7062075E700BFE2
:108A4000B8E900102DE9F04F89B08246129E8946A0
:108A500017461C46002E00F09680002307A91046FA
:108A60000793FFF715FC20B10625284609B0BDE89D
:108A7000F08F079B9C4201D80133F5D1304600F0BE
:108A80001DFA002840F08180414B1A4613F820104F
:108A9000514504D1B3684B4506D00225E5E70130C6
:108AA0000528F3D10B25E0E7DFF8E8B0337BDBF8EE
:108AB000001002EB8000897842780592F26A002962
:108AC0003179CDF80090CDE90142A1F1040182781D
:108AD0003068C3F3401389B208BF0023FFF72EFDAF
:108AE000D84605460028C0D196F820300194002BC6
:108AF0004FF001030093059A96F82810706A4B46D0
:108B000008BF0622FFF751FC05460028ADD1DBF86F
:108B100000309A78012A08D0013F062FA5D8DFE857
:108B200007F0151A1E22262A2E00BAF1040FF3D1DF
:108B3000307B1036CDE900463B46494600F00F0039
:108B4000FFF78EFC0028E7D005468EE7D8F8003006
:108B50001C611C6389E7D8F800305C61F9E7D8F83C
:108B600000309C61F5E7D8F80030DC617DE7D8F88B
:108B700000301C6279E7D8F800305C6275E7D8F8FD
:108B800000309C6271E709256FE70F256DE700BF94
:108B900014480010B8E900101FB5B1B90128CDE99B
:108BA000001108BF2023CDE902114FF008024FF059
:108BB0000001684608BF8DF8003006F0CAFB0028A7
:108BC00018BF0E2005B05DF804FB0A20FAE700008C
:108BD00038B5054606F0B8FB044650B955B9064B02
:108BE0001B6801469878FFF7D7FF10B9FFF794FC90
:108BF00000B10E24204638BDB8E900102DE9F0433D
:108C0000044691B089461646002A00F0B08000293B
:108C100000F0AD8000251D22294608A80795DFF742
:108C200075F8584A8DF81B501368FF2C9F889046A2
:108C300005D014F0FD0F0ABF534B9F8D1F880DF117
:108C40001B0307AD029301953379009333683A46CD
:108C50004946204606F099FB002840F08A8030689B
:108C600032792946DCF787FF304600F0D9F8002832
:108C700040F08180357AF2799DF81B00B3792D049C
:108C800045EA0225D8F80020012845EA0305936843
:108C900046D1AB422CBF00230123002B6DD0956041
:108CA0000021FFF779FF0446002835D1FFF734FC97
:108CB000044688BB9DF81B30012B35D13B464A4604
:108CC00029460420FFF710FB002858D13B464A46AE
:108CD00029460520FFF708FB002850D13B464A46AD
:108CE00029460620FFF700FB002848D13B464A46AC
:108CF00029460720FFF7F8FA002840D1D8F80030BD
:108D00009DF81B2020499A7000220A80DA604FF0FB
:108D1000FF32C3E904229A61204611B0BDE8F08316
:108D20005B1B18BF0123B8E7F27AB17A737A120499
:108D300042EA01221A4329463B4607200592FFF7E3
:108D40000DFBE0B9059A3B4629460620FFF706FBD6
:108D5000A8B9059A3B4629460420FFF7FFFA70B9E7
:108D6000059A3B4629460520FFF7F8FAC4E709248F
:108D7000D2E70E24D0E70F24CEE70324CCE7044645
:108D8000CAE700BFB8E90010BCE9001070B588B0B0
:108D9000002940D0214C002214F8223083422CD1EB
:108DA0000023CDE90133CDE9053304EB82040393BD
:108DB00007930123C1F30720CDB28DF80030C1F332
:108DC0000743090E8DF802008DF8041002268DF875
:108DD00012008DF814106278E1788DF80150684621
:108DE0008DF803308DF810608DF811508DF8133028
:108DF00006F0AFFA38B10E2003E00132052ACBD1DC
:108E00000B2008B070BDA278E17804A806F0A1FAA2
:108E10000028F6D0EFE70920F3E700BF1448001060
:108E200010B50446002845D00168002942D011F849
:108E3000013B437103220630DCF79DFE20460322EE
:108E400050F8091B0431DCF796FE2168CB79E3600A
:108E50000A7A43EA0223E3604A7A43EA0243E36080
:108E60008A7A43EA0263E360CB7A23740B7B6374F0
:108E70002379212B1AD110220D3104F11200DCF7D5
:108E80007AFE1D222168501C8B5C6362085C43EAF9
:108E90000023901C6362085C033243EA0043636270
:108EA0008A5C43EA02636362002010BD112B03DC7D
:108EB0000D22E7E70220F8E70120F6E710B50446A7
:108EC000002854D00168002951D00B7843714B78A9
:108ED00083608A7843EA02238360CA7843EA0243C4
:108EE00083600A7943EA026383604B7903738B7969
:108EF000C381CA7943EA0223027BC38102F00F02D5
:108F000008311030DCF737FE237B002203F00F031B
:108F100084F8202084F82820227903F10800111A0F
:108F200004290DDD21680933043AD21A085C84F85B
:108F30002000D2B2606A84F828201944DCF71BFEB6
:108F4000237922681A44002012F8043CE36212F8E4
:108F5000031C43EA0123E36212F8021C43EA0143C3
:108F6000E36212F8012C43EA0263E36210BD0220BF
:108F7000FCE710B5044660B3036853B30279162AC0
:108F800029D942791A700146082251F8060B01309E
:108F9000DCF7FBFD2146082251F80E0B0930DCF707
:108FA000F4FD2368E28A5A74E38A22681B0A9374E8
:108FB0002368A269DA74A36922681B0A13752368FF
:108FC000628B5A752368E27E9A75172323710020FD
:108FD00010BD0120FCE70220FAE710B50446002886
:108FE0002FD003686BB30279172A2CD942791A70F3
:108FF000036882795A700146082251F8070B023043
:10900000DCF7C3FD2146082251F80F0B0A30DCF7CC
:10901000BCFD2368228B9A74238B22681B0AD374AD
:109020002368E2691A75E36922681B0A537523688D
:10903000E28B9A752368E27FDA751823237100208A
:1090400010BD0120FCE70220FAE710B50446002815
:109050002FD003686BB30279122A2CD942791A7087
:10906000036882795A700146032251F8070B0230D7
:10907000DCF781FD2146082251F80A0B0530DCF7A8
:1090800084FD2368628A5A73638A22681B0A937379
:1090900023686269DA73636922681B0A13742368A0
:1090A000E28A5A742368E27D9A74132323710020A4
:1090B00010BD0120FCE70220FAE738B5044600287D
:1090C00063D00168002960D0037B90F8282003F06A
:1090D0000F03002A57D108332079043213449842F1
:1090E00055D363790B702368A2685A70A36822680D
:1090F0001B0A937023686289DA702368E27A1A7116
:109100002368227B5A712368E2899A71E389226875
:109110001B0A2146D371227B51F8100B02F00F027B
:109120000830DCF728FD237B94F8282003F00F0398
:1091300003F108052AB1226894F82010515503F173
:109140000905206894F82820616A2844DCF713FD9B
:1091500094F828302268E16A2B44D1545A1CE16A01
:10916000206892B2090A81549A1C2168E08D92B25B
:109170008854DA1C216894F82F0092B20433885482
:109180002371002038BD0933A6E70120FAE7022049
:10919000F8E7012805D9053805288CBF00200120F3
:1091A000704701207047034682B008460A2B1FD83B
:1091B000DFE803F006091E1E1E0C0F1215181B0017
:1091C00002B000F0EDBA02B001F07AB802B002F0DD
:1091D000FDB802B003F03CBB02B002F01DBE02B00D
:1091E00005F044BA02B004F03FBD02B004F058B834
:1091F000002002B07047034608460A2B17D8DFE864
:1092000003F006081616160A0C0E1012140000F0D1
:1092100083BB01F007B902F06BB903F0ADBB02F0FC
:109220008DBE05F0C1BA04F0B5BD04F0CBB87047EF
:10923000034608460A2B17D8DFE803F0060816167F
:10924000160A0C0E1012140000F082BB01F006B9D1
:1092500002F06AB903F0ACBB02F08CBE05F0C0BAF4
:1092600004F0B4BD04F0C6B8704703460846114682
:109270000A2B17D8DFE803F006081616160A0C0E9C
:109280001012140000F0C0BB01F072B902F0B2B9C4
:1092900003F0F4BB02F0CABE05F02CBB04F0EABD3B
:1092A00004F01AB900207047034608460A2B17D865
:1092B000DFE803F006081616160A0C0E101214004A
:1092C00000F036BF01F07CB902F0E8BC03F028BF23
:1092D00003F0F4B905F032BB05F008B904F028B981
:1092E0007047034608460A2B17D8DFE803F0060844
:1092F0001616160A0C0E1012140000F0B1BB01F085
:109300009FB902F09FB903F0D5BB02F0B5BE05F0DE
:1093100055BB04F0D1BD04F031B90020704710B442
:109320000446084611461A46019B0A2C27D8DFE856
:1093300004F0060A2626260E12161A1E22005DF8D2
:10934000044B00F0ABBB5DF8044B01F0AFB95DF826
:10935000044B02F095B95DF8044B03F0C9BB5DF80E
:10936000044B02F0A7BE5DF8044B05F063BB5DF84B
:10937000044B04F0BFBD5DF8044B04F02FB95DF859
:10938000044B70470346084611460A2B17D8DFE8FE
:1093900003F006081616160A0C0E1012140000F040
:1093A000AFBB01F0AFB902F09DB903F0CDBB02F045
:1093B000B3BE05F06BBB04F0CFBD04F047B900208D
:1093C000704710B40446084611461A460A2C27D89E
:1093D000DFE804F0060A2626260E12161A1E2200C0
:1093E0005DF8044B00F0FABB5DF8044B01F0D6B910
:1093F0005DF8044B02F0E4B95DF8044B03F0F4BBF4
:109400005DF8044B02F0F6BE5DF8044B05F08ABB34
:109410005DF8044B04F00EBE5DF8044B04F05CB93B
:1094200000205DF8044B704730B4054608461146ED
:109430001A46DDE902340A2D27D8DFE805F0060ACE
:109440002626260E12161A1E2200029430BC00F0A8
:1094500041BC029430BC01F009BA029430BC02F065
:109460002BBA029430BC03F03FBC029430BC02F033
:109470003DBF029430BC05F0D5BB029430BC04F073
:1094800055BE029430BC04F095B9002030BC704742
:10949000034608460A2B17D8DFE803F0060816161D
:1094A000160A0C0E1012140000F0CCBC01F0ECBA3D
:1094B00002F0B0BA03F0C6BC02F0CABF05F0B2BCFD
:1094C00004F0E2BE04F06CBA0020704708B5034611
:1094D00008460A2B27D8DFE803F0060A2626260EC0
:1094E00012161A1E2200BDE8084000F05FBEBDE85B
:1094F000084001F0EFBABDE8084002F00DBCBDE83D
:10950000084003F04BBEBDE8084003F015B9BDE8C4
:10951000084005F0B3BCBDE8084005F025B804F0EC
:1095200065FA40B208BD0020FCE7034608460A2B56
:1095300017D8DFE803F006081616160A0C0E1012EC
:10954000140000F09DBC01F0C8BA02F086BA03F026
:1095500097BC02F09FBF05F094BC04F0B3BE04F0CA
:1095600047BA0020704708B5034608460A2B27D89B
:10957000DFE803F0060A2626260E12161A1E22001F
:10958000BDE8084000F07EBCBDE8084001F0A7BA85
:10959000BDE8084002F064BABDE8084003F074BCBE
:1095A000BDE8084002F07ABFBDE8084005F06CBC99
:1095B000BDE8084004F08ABE04F01CFA40B208BDC1
:1095C0000020FCE70346084611460A2B17D8DFE8BF
:1095D00003F006081616160A0C0E1012140000F0FE
:1095E00075BC01F07FBA02F065BA03F071BC02F0FD
:1095F00079BF05F04DBC04F08DBE04F0FDB900202C
:10960000704710B40446084611461A46019B0A2CBE
:1096100027D8DFE804F0060A2626260E12161A1EA0
:1096200022005DF8044B00F053BC5DF8044B01F0E0
:109630007BBA5DF8044B02F03FBA5DF8044B03F0CF
:1096400049BC5DF8044B02F04FBF5DF8044B05F0D8
:1096500041BC5DF8044B04F05FBE5DF8044B04F0C0
:10966000DFB909205DF8044B704710B40446084682
:1096700011461A460A2C27D8DFE804F0060A2626E7
:10968000260E12161A1E22005DF8044B00F0AEBD25
:109690005DF8044B01F0E4BA5DF8044B02F05CBBEA
:1096A0005DF8044B03F09ABD5DF8044B03F064B819
:1096B0005DF8044B05F0AABC5DF8044B04F074BFE0
:1096C0005DF8044B04F066BAC8B25DF8044B70470D
:1096D0000346084611460A2B17D8DFE803F00608B0
:1096E0001616160A0C0E1012140000F08DBD01F0B3
:1096F000C7BA02F037BB03F077BD03F04DB805F0F1
:109700008FBC04F057BF04F055BA7047004870474B
:1097100003000102064B10B51B6A0446984730B19E
:10972000044B0548234483428CBF0020012010BD18
:10973000BC040500403576C9405DC600F0B5114B4C
:1097400085B00C4610491F56054601F0B5FD0F4B7C
:10975000E4B25E6A072D4FF00103CDE902430146F2
:109760000AD105220023CDE900234FF47A727A430F
:109770001846B04705B0F0BD08220020CDE9002012
:109780003A46F5E76B00050044000500BC040500FF
:1097900004289CBF014B1870704700BFBEE9001041
:1097A0001FB502780023013A0093362A7ED8DFE8FD
:1097B00002F01C227D7D7D1F7D7D7D7D3F41437DAF
:1097C0004C4F5255585B7D631F696E7375787D7A77
:1097D00081247D7D7D7D7D7D7D7D7D7D7D7D7D8308
:1097E000878E7D7D908E7D949800C378002B5DD010
:1097F000022300935AE08378F8E743788DF8043029
:1098000007238DF805308378002B0CBF002302233B
:109810008DF8063010238DF80730354B1B6801A8F2
:1098200003F55872CDE9022301F027FD00903DE0D9
:109830004023DEE72023DCE7827890F9013012B97B
:109840002C4AD35CD5E72C4AFBE740F6B833D0E787
:109850004FF47A73CDE74FF4FA63CAE741F28833E5
:10986000C7E741F27073C4E724484FF47A71DCF71C
:1098700075F900F5FA60D9E7214B1A78214B53F8B6
:109880002230B6E71A4B1B6803F55873B1E7184B43
:109890001B6803F55B73ACE71023AAE7144B1B6846
:1098A000A7E70123A5E74FF083430093009805B095
:1098B0005DF804FB0023F8E7114B1A78124BDEE742
:1098C00040F21112ADF800208DF80230EEE70323CC
:1098D0008FE70B4B1A780D4BD1E790F901300C4A0A
:1098E000AFE70C4990F9010001F0E6FC9EE700BFEC
:1098F000C4E90010F3000500FB00050018FCFFFFA1
:10990000BEE9001050480010284800103C480010E4
:109910006B0005004400050037B50B4B1A6803784F
:109920000C2101FB03235B7A03EB4304074B1D6807
:1099300003690093C3684278816805EBC40001F0B5
:109940008DFA03B030BD00BFC4E90010C0E90010BB
:1099500030B587B0027B6423ADF80030012A4FF0A8
:109960000003CDE90133CDE903338DF802308DF8E2
:1099700014302CD0022A33D03ABB03682BB343688F
:109980001BB31C4D80682B601B4B18226946186066
:10999000DCF7F1F8194B1C782B680C225443184A59
:1099A000224407CA83E80700164A224407CA03F183
:1099B0000C0484E807000322A3F86C2303F55B7111
:1099C000012203F5587001F03AFA07B030BD094999
:1099D00008684360036100F55B7100F55870F2E7B9
:1099E000044B1B68B3F86023B3F86C130A43A3F865
:1099F0006023EAE7C4E90010C0E90010BEE90010E6
:109A000064480010A048001008B503460A2924D86D
:109A1000DFE801F006232323230B161B232121005B
:109A2000BDE808400068FFF775BE90F9000099781E
:109A3000072271B901F0C3F9003818BF012008BD31
:109A4000052293F900000021F4E790F9000059780D
:109A5000EEE70221EEE70722F3E70020EFE7000040
:109A600010B504791CB1012C0BD0002010BD0A4B9D
:109A700001681B68012203F5587001F0E0F901202C
:109A8000F4E7054B01681B68224603F55B7001F0A3
:109A9000D6F92046EAE700BFC4E90010F7B5072869
:109AA000144D1C46A8BF072058700E46294617467D
:109AB00001F002FC94F90130A070072B13D1322081
:109AC00001F0CCFA0C4BDB6D0546984704F10C0213
:109AD00008340346019200943A463146284601F084
:109AE000C2FA03B0F0BD054A55F82310D05C01F06E
:109AF000ADFAE7E744000500BC0405006B00050073
:109B00002DE9F04F304E90F90180736847688BB0B3
:109B10000546894698470446002852D1AB7C63B974
:109B20002A4A2B78126803EB430302EB830152F8B5
:109B300023704B68002B18BF1F46254B384613F97E
:109B400008B0F36898476B7CD6F818A0A968099309
:109B5000B8F1070F23D10023012289B2CDE90432E5
:109B60001C4A0291CDE907330521CDE900214FF4CC
:109B70007A720693039302FB0BF24CF250311846B3
:109B8000D047154B13F80810736D0D312046C9B23C
:109B9000984789F8008001200BB0BDE8F08F0027BE
:109BA000012489B20823CDE900730291CDE907743D
:109BB000CDE90577CDE90377A97823465A462046B3
:109BC000DEE70020E8E700BFBC040500C4E90010A0
:109BD0006B00050085450100F30005002DE9F04FFD
:109BE000374E90F90130374F9246374A12F903B099
:109BF000326803780C2505FB0323344A5B7A12682C
:109C000003EB430302EBC3038DB00446894690F98E
:109C1000020093F9021001F04BFB2D49804694F9A4
:109C2000010001F049FBD4ED020A94ED010A0B900A
:109C3000404601F040FA22780A9055433068FA68AD
:109C40004059904794F90120FB690025072A4FF4F9
:109C50007A629C46CDE90752DDE90A13CDE9055544
:109C600020D10122CDE903520522CDE901524FF462
:109C70007A7202FB0BF20092284646F2A812664660
:109C8000B047A18994F90100FFF758FD7B6DCAF830
:109C90000000217B28469847012089F800800DB0FC
:109CA000BDE8F08F01260822CDE90356CDE9016217
:109CB000CDF800B02A4630466546A8473546E0E76D
:109CC000C4E90010BC0405006B000500C0E90010E9
:109CD000440005002DE9F04F8FB0002405468A4668
:109CE000914698460494ADF81440ADF8024007261A
:109CF0004FF0010B2B7AA34206D9686804A92044CF
:109D000001F03CF900285DD102238DF8083002A84B
:109D10006B7A8DF80A30FFF743FDAB7A8DF81D3072
:109D20009DF811308DF81E309DF812308DF81F30DF
:109D30009DF810308DF82030EB7A8DF821302B7B98
:109D40008DF822306B7B8DF8233010238DF81C604A
:109D50008DF824303A4E8DF82C000DF102030A9351
:109D6000072332688DF82D30ADF834302B680C9213
:109D700006930DF1120204AB0DF1110106A801F0DA
:109D800017F9072805460BD130680C22002100F591
:109D90005870DBF704FF3368BDF80220A3F8602396
:109DA0009DF811308AF800309DF8123089F80030A3
:109DB0009DF8103088F80030189B28461C700FB0B2
:109DC000BDE8F08F9DF81330BDF81470ADF8027047
:109DD0000444E4B2F3B917B3194A00201168072606
:109DE00002464FF00C0C062B1BD10CFB00FE51F869
:109DF0000EE0BEF1000F04D00BFA00F21743BFB221
:109E0000012201301028EED1002A3FF473AFADF8E3
:109E100002706FE75A1E042A01D9062BDCD00626F1
:109E200068E747FA00FE1EF0010FEAD00CFB00FEC7
:109E300051F80EE0BEF1000F08BF0626E1E700BFB3
:109E4000C4E9001038B505464068FFF763FC0722F7
:109E500000284FF0000195F9000014BF07240624E4
:109E600000F0ADFF08B904F0050495F901000722E0
:109E7000002100F0A4FF08B904F0FB04204638BD1F
:109E80000020704710B503780F2B04461AD840689D
:109E9000FFF740FC22780C4902EB420209680028D7
:109EA00001EB820051F8222014BF032302231AB9C8
:109EB00003F0010358B210BD032B06BF6268426075
:109EC0000223F7E70020F6E7C4E9001002207047FC
:109ED0002DE9F04F5A4D2DED028B0446286899B0BC
:109EE0008946174600211E460122032300F55870BB
:109EF000CDE90611CDE908118DF814108DF8151073
:109F0000ADF8163000F07DFFA84630B92A68B2F8E7
:109F1000603343F00303A2F86033D8F80020637A7B
:109F20008DF8283002F55871CDE90B12454A94F9A5
:109F3000083012680D920DF116020F9222681092ED
:109F400062681192D4E90301A27A8DF848200122B7
:109F50008DF8492013AA82E803001025227DE18AAA
:109F60008DF8293018468DF85420ADF83850FFF799
:109F7000E5FB0AAB17930DF11503169000930197BB
:109F800005AB06AA314610A801F033F904460028B3
:109F90004AD1E3F7E2FF012839D1E3F7E2FF08EE07
:109FA000100AE3F7E2FF9DF81410834601392046BA
:109FB000DBF7D4FD24490B6924490393C6B218ABDF
:109FC00098199DF814C010F848AC039F701C0C231E
:109FD000B0FBFCF60CFB160603FB0AFCD8F80000ED
:109FE00018EE102A50F80C005B46B847F6B2174935
:109FF00038B189F800A0204619B0BDEC028BBDE84D
:10A00000F08F013D15F0FF05D9D10D24F3E79DF840
:10A01000141020460139DBF7A1FD18AB184410F8E5
:10A02000483C89F80030E6E70C2801BFD8F800204A
:10A03000B2F8603343F00303A2F86033DBE700BFFC
:10A04000C4E90010C0E90010BC040500400D030085
:10A05000F8B50679012E054601D80620F8BD0F2E69
:10A060002BD80368187A40F303000722002140B27E
:10A0700000F0A5FE2B680446187A40F3031007226F
:10A08000002140B200F09BFEA8B1B4FA84F4640948
:10A0900029680B7A086843F3030243F3031352B2AF
:10A0A0005BB29A42C8BF0124FFF734FB48B9002CC9
:10A0B000D3D10420D2E70124EAE70320CEE705202C
:10A0C000CCE7002CFBD10C4F29683B6806EB46001F
:10A0D00003EB80000C22DBF74EFD3A680C2303FBF8
:10A0E000062320465C72012303FA06F6B2F86033B9
:10A0F0001E43A2F86063B1E7C4E9001010B4017810
:10A1000001290FD9094B18680C234B43C4180022AE
:10A11000C250C4E9012200F558705DF8044B1022CA
:10A1200000F056BE00205DF8044B7047C4E90010F3
:10A130002DE9F04186B050238DF81430037A102BAE
:10A14000074630D14368DD7B6DBB0224A8466426F8
:10A15000062C14D87A68535D03932A44517843EA55
:10A1600001230393927843EA02437343CDE9033812
:10A1700063B968468DF80040FFF7C0FF0DE0CDF8E9
:10A180000C808DF81480CDF81080F2E703AB01A8A5
:10A1900001938DF80840FFF75BFF0134E4B2102C07
:10A1A00005F10305D4D106B0BDE8F0811FB5026802
:10A1B0000379116851B901A88DF80430FFF79EFFAB
:10A1C00078B9002040B205B05DF804FB02A8029205
:10A1D0008DF80C30FFF73CFF0628F2D8024B185CD4
:10A1E000F0E70320EEE700BF64000500C90020B9D6
:10A1F000034B19448856C0B27047024BF9E700BFC1
:10A2000073000500B300050010B586B00B4B019339
:10A210008368029340F21133ADF80C3000238DF8BF
:10A220000E30436804930388ADF8143001A80C463F
:10A2300000F05AFF0323237006B010BD6B00050029
:10A2400010B50C4B86B01A5605920C460A4901F01F
:10A2500033F8002201460820CDE900020748059A9C
:10A260000123E4B202940393446A1846A04706B05F
:10A2700010BD00BF6E01050004010500BC0405000F
:10A280000B4B10B51B6A0446984768B1094B0A4A44
:10A290002344934209D8094A534341F6F632B2EBBC
:10A2A000B31F2CBF0120002010BD0020FCE700BF21
:10A2B000BC040500608FF7C8401640005FF74359A3
:10A2C0001FB5002300930378013B362B25D8DFE828
:10A2D00003F01C202424242224242424434547243E
:10A2E000505356595C5F24671E696E737578247AE3
:10A2F0007D28242424242424242424242424247F66
:10A30000851E1E247F1E1E8D9100C3781BB9082355
:10A3100002E083780BB102230093009805B05DF84A
:10A3200004FB43788DF804300D238DF805308378D5
:10A33000002B0CBF002302238DF8063048238DF834
:10A3400007302F4B1B6801A803F55872CDE9022393
:10A3500000F093FF0090E0E74023DDE72023DBE7F8
:10A36000827890F9013012B9264AD35CD4E7264AA4
:10A37000FBE740F6B833CFE74FF47A73CCE74FF4FE
:10A38000FA63C9E741F28833C6E741F27073C3E765
:10A390001E484FF47A71DBF7E1FB00F5FA60D9E76C
:10A3A0001B4BB9E7164B1B6803F55873B4E7144B06
:10A3B0001B6803F55B73AFE74823ADE7104B1B68E1
:10A3C000AAE70123A8E7134B0093A6E70023FBE7C6
:10A3D000114A0F49007900F0BBFCBBE740F217437C
:10A3E000ADF8003003238DF8023096E790F9013084
:10A3F0000A4ABAE70A4990F9010000F05DFFA9E7AF
:10A40000D8E900107E0105008C01050018FCFFFF53
:10A41000A07008370000F041C02709006E01050058
:10A420000401050037B50B4B1A6803780C2101FBBA
:10A4300003235B7A03EB4304074B1D680369009316
:10A44000C3684278816805EBC40000F007FD03B0E3
:10A4500030BD00BFD8E90010D0E90010F0B587B0DA
:10A460000123047BADF800300023CDE90133CDE9B1
:10A4700003338DF802308DF8143024B1013C012CE7
:10A480004ED907B0F0BD0368002BFAD04268002A0D
:10A49000F7D0304D80682A602F4A304E10609C8182
:10A4A000182269463360DBF766FB28682C4B2D4F7A
:10A4B000024601464FF0500C0B6003F5433303F5A1
:10A4C000A073BB4281F808C04C7201F10C01F3D1BA
:10A4D000254B264966270024C2F8003303F5C31331
:10A4E00003F520638B4282F8087382F8094302F176
:10A4F0000C02F1D14FF0FF33C0E9DB33FF23C0F88A
:10A50000743300F55B71062200F5587000F097FC7B
:10A5100029683068062201F5587100F090FCB0E718
:10A520000C4C2068062200F55B7100F5587000F0B5
:10A5300086FC0A4B21681B6801F558719A1E0A3384
:10A5400032F8024F31F8020B9A4200EA0400108000
:10A55000F6D196E7D8E90010D0E90010D4E9001050
:10A5600000D88C36002850376086973660D65A3728
:10A5700008B503460A2921D8DFE801F0062020208B
:10A58000200B0B18201D1D00BDE808400068FFF7D8
:10A5900077BE997890F900000D2229B900F00FFCE0
:10A5A000003818BF012008BD0221F7E70D2208215D
:10A5B00093F90000F2E70E220021F9E70020F2E70C
:10A5C000F8B51C4B1B6804467BBB237A102B2FD19C
:10A5D0006668F37B012B2BD1174B1868174B1C684F
:10A5E00000F55875023C0022294606F1010C16F8C8
:10A5F00012302B801CF81270042A43EA072325F836
:10A60000023B04BFDBB2A0F8683334F8023F35F8F0
:10A61000027C01323B40052A2380E8D1BDE8F840A6
:10A62000062200F55B7000F00ABC98470028CCD0E9
:10A63000F8BD00BFC8E90010D8E90010D4E9001047
:10A6400038B504791CB1012C21D0002038BD154D3E
:10A6500001682B68062203F5587000F0F0FB2B68A8
:10A6600093F87423A3F874230F4AA3F8764312686F
:10A6700003F55873911E0A3231F8024F33F8020B7A
:10A68000914200EA04000880F6D10120DEE7054B84
:10A6900001681B68062203F55B7000F0D0FB2046C2
:10A6A000D4E700BFD8E90010D4E900107FB50D2829
:10A6B000114D0392A8BF0D200E46587029461C4626
:10A6C00000F0FAFD94F90130A0700C4855F8231001
:10A6D000C05C00F0BBFC0A4BDB6D0546984704F1FB
:10A6E0000C01083403460191039A00943146284630
:10A6F00000F0B9FC04B070BD040105006E01050056
:10A70000BC0405002DE9F0431F4E90F901907368D9
:10A7100045688DB0044688469847002832D1A37C0E
:10A7200033B92578194A1A4B05F0070502FB0535A0
:10A73000184B284613F90920F3680B929847637C5D
:10A74000218909930125002302910821CDE90031D7
:10A75000CDE90735CDE90533CDE903330B9AA1786F
:10A76000B7692B462846B8470B4B13F80910736D91
:10A770000D312846C9B2984788F8009028460DB098
:10A78000BDE8F0830020FAE7BC040500C0270900FB
:10A79000A07008376E0105007E0105002DE9F04725
:10A7A000DFF8C0A090F9013091462B4AD756DAF86D
:10A7B000002003780C2505FB0323284A5B7A1268E6
:10A7C00003EB430302EBC3038CB00446884690F9C5
:10A7D000020093F9021000F06BFD2149064694F93E
:10A7E000010000F069FDD4ED020A94ED010A0B901E
:10A7F000304600F060FC22780A905543DAF80000F9
:10A80000DFF864A04059DAF80C20904701250022B7
:10A810004FF47A630820CDE90723CDE90522CDE97D
:10A820000325DDE90A13CDE9015000972846DAF83F
:10A830001C70B847DAF85430217B28469847A18924
:10A8400094F90100FFF7FCFCC9F80000284688F8DD
:10A8500000600CB0BDE8F0876E010500D0E9001083
:10A8600004010500D8E90010BC0405002DE9F04FF3
:10A87000834E95B0CDE901123168039309AF0024EE
:10A880000546062201F558713846C7E90144079488
:10A89000ADF82040099400F0D2FAA0464FF0FF39FD
:10A8A0002B7AA34207D9686807A9204400F066FB09
:10A8B000002840F083809DF91D30052B07DC042221
:10A8C000002109A800F09DFA012840F2D6804FF03F
:10A8D000070802238DF8143005A86B7A8DF816301E
:10A8E000FFF7EEFCAB7A8DF835309DF81D308DF812
:10A8F00036309DF81E308DF837309DF81C308DF8BD
:10A900003830EB7A8DF839302B7B8DF83A306B7B11
:10A910008DF83B3048238DF83C300D238DF84530C1
:10A92000336812930E23ADF84C302B6804908DF8E9
:10A9300044000C930DF11E0207AB0DF11D010CA894
:10A940008DF83480109700F033FB0728054623D19B
:10A9500030680622394600F5587000F070FA494B0D
:10A9600032681B68B2F86003198801401980B2F898
:10A970006203598801405980B2F864039988014004
:10A980009980B2F86603D9880140D980B2F868137B
:10A99000B2F86A2319815A81019A9DF81D3013700B
:10A9A000029A9DF81E301370039A9DF81C301370A4
:10A9B0001E9B28461C7015B0BDE8F08F9DF81F3017
:10A9C000BDF820200444062BE4B205D1CDE9099955
:10A9D000D2B2ADF82C2063E7072B02D1CDE909886C
:10A9E000F6E7052B43D14FF0000CD2B261460123AC
:10A9F00003FA0CFA0CEA030B14AB03EB410E12EA58
:10AA00000A0F3EF82C3C0FFA8AF01DD0BBF1000F64
:10AA10000ED143F0FF032EF82C3CBDF82C30184328
:10AA2000ADF82C000CF1010CBCF1080FDFD137E7B9
:10AA300063F0FF032EF82C3CBDF82C301843013195
:10AA4000ADF82C00C9B2EDE7C043BBF1000F07D150
:10AA500023F0FF032EF82C3CBDF82C301840DFE724
:10AA6000DBB22EF82C3CBDF82C301840E7E714A9D7
:10AA700001EB430323F82C2C12E74FF0060828E7DC
:10AA8000D8E90010D4E9001038B505464068FFF752
:10AA9000F7FB0D2200284FF0080195F9000014BFC4
:10AAA0000724062400F08BF908B904F0050495F991
:10AAB0000030072B01D00D2B01DD04F0FD0495F9CA
:10AAC00001000522002100F07AF908B904F0FB0426
:10AAD000204638BD4FF0FF307047002070474FF0E0
:10AAE000FF3070470E4B5B6810B50C462BB90D4B11
:10AAF0001A68537B34B1013B05E0984740B2002807
:10AB0000F5D010BD01335373537BC3EBC30203EB8A
:10AB1000C203DBB21D2B34BF06200220F1E700BFC9
:10AB2000C8E90010D4E900102DE9F0470026A4B0D0
:10AB3000484D8DF80E6004460F469146314644223A
:10AB400013A898468DF80F601296DDF7DFF83146AE
:10AB50002868DFF808A1042200F053F9064648B936
:10AB6000DAF800102868042201F5587100F067F93E
:10AB70002B681E7394F908302A68DAF80010052B48
:10AB800004DD107A10B9B1F868031081CDE9052110
:10AB9000314A607A126807924822ADF820200022DC
:10ABA000099222680A9262688DF810000B92D4E92B
:10ABB0000301A27A8DF8302001228DF831200DAAF0
:10ABC00082E80300227DE18A8DF8113018468DF865
:10ABD0003C20FFF735FB04AB11930DF10F031090F0
:10ABE0000093CDF804900DF10E0312AA41460AA875
:10ABF00000F0FFFA064680B9637A93B19DF80E1013
:10AC00000139DAF7ABFF24AB184410F8483C3B702D
:10AC100039782868482200F0DBF8304624B0BDE8D7
:10AC2000F08794F908302868022B0AD0007A32465F
:10AC3000D3B240FA03F1C90702F10102F8D540335B
:10AC4000E5E73A4600F10C0100F03EF80328DFD1B9
:10AC50000646E2E7D4E90010D0E90010D8E9001078
:10AC6000064B10B5062404FB01318B56002B03DA8A
:10AC700000280CBF00230223D8B210BD44010500F8
:10AC800010B586B00B4B01938368029340F617030F
:10AC9000ADF80C3002238DF80E304368049303881E
:10ACA000ADF8143001A80C4600F01EFA08232370FA
:10ACB00006B010BD6E01050003C8024B83E8030017
:10ACC000704700BFC8E900102DE9F3410023CDE92A
:10ACD00000330E469046074618B9032002B0BDE87F
:10ACE000F0810029F9D0002AF7D00C786308E0073A
:10ACF00037F813104FF0000354BFC9B2090A1D46BC
:10AD000041FA03F2D207D8B205D502AA2A44013586
:10AD100002F8080CEDB20133082BF1D15DB1691EC8
:10AD20000020DAF71BFF02AB184410F8083C03EBD5
:10AD3000C40388F800300134E4B2082C28BF002492
:10AD40001DB93378A342D1D1C7E734700020C5E7DD
:10AD500002FB001070472DE9F0419A42079F03DB88
:10AD60009DF918309A4224DD0020BDE8F08131F8C9
:10AD700014801EFB0373002548FA05F6F6070ED56E
:10AD80000EFB053696F808C04CF303160CF00F0CBA
:10AD9000624576B203DB06F00F06B2420DDD0135E7
:10ADA000102DE9D10134E4B22301DBB29842DED8A0
:10ADB000DAE700244FF00C0EF6E70120D5E78842D1
:10ADC00004DB9042CCBF0020012070470020704778
:10ADD00010B51409B4EB111F4FEA11130FD39142B0
:10ADE0000DD21AB201F00F0130F81240012303FA1C
:10ADF00001F124EA010120F81210184610BD0020CC
:10AE0000FCE7F0B528B100EB410501260020914296
:10AE100000D3F0BD002435F8027B234606FA04FC7B
:10AE20003CEA070C08BF013304F1010408BFDBB2A0
:10AE3000102CF3D118440131C0B2C9B2E7E710B504
:10AE400000B149B910BD31F8134020F81340013367
:10AE5000DCB2A242F7D8F5E70023F9E782B010B5DB
:10AE60000488039312B9642C38BF6424012C38BFC2
:10AE700001246143BDE81040C3688B428CBF591A5E
:10AE80000021C16002B070472DE9F74F92460C4691
:10AE90000646984605F0BBFE344FDFF8DCB0019063
:10AEA000182212FB0A4A00254FF0FF39544507D1FA
:10AEB000002D14BF48464FF0FF3003B0BDE8F08FBF
:10AEC000606805F0ABFE0D9AB4F800C026B9BCF17D
:10AED000640F38BF4FF0640CBCF1010F38BF4FF066
:10AEE000010C6EBB224B49F6AF218A4298BF3B460C
:10AEF0001946216156BBB2F5616F27D31D4B49F648
:10AF0000AF2E724594BF1A465A46904204D2A368A7
:10AF10009A4201D163681BB9019BE160C4E9013227
:10AF20000F9B03FB0CFCE368634503D8B8F1000FEB
:10AF30000ED16EB1012323751D44EDB21834B5E76F
:10AF4000B8F1000F00D1E7603946D2E73A46DCE7B6
:10AF500000238C452375F1D2A268824228BF131AC0
:10AF6000994528BF99460135E7E700BF80EE3600D6
:10AF700070460D00803F5C02809B82070378032BA4
:10AF800014D1437803F00F021B098A704B70837849
:10AF90008B80C27843EA02238B800379C3F30212C9
:10AFA00003F00F03CA700B70052070470020704734
:10AFB0002DE9F74F99464379057990F9068090F984
:10AFC0000770067A04468B46924683B176B285B303
:10AFD000B8F10F0F12D194F909800F2F1FD194F9F6
:10AFE0000A70072D25D1002E08BF012621E090F917
:10AFF0000B6090F9098090F90A70E8E7A369019362
:10B0000094F915300093216994F91430207B42465D
:10B01000FFF7A1FE0028E0D105F0FD05DDE794F97A
:10B020001D3094F91C20BB420DDCBA42D9DA05F080
:10B03000FB0528468BF800808AF8007089F80060CC
:10B0400003B0BDE8F08F1F46CBE70000024B03FAC8
:10B0500000F0B0FBF1F0704740420F004FF4FA539C
:10B06000B3FBF0F0704730B54FF47A750C1F6A43AC
:10B0700000FB042252001EBF00F1FF341219B2FB84
:10B08000F0F28A4238BF0A4603990A6081005043B1
:10B090001CBF013040084FF47A72081A02FB1303F8
:10B0A000002BCABF03F2E73393FBF2F3B3FBF2F3D7
:10B0B000049A136030BD400007EE900AF8EE677AFC
:10B0C00008B530EE670A70EE607A17EE900AD9F78D
:10B0D000DDF941EC100B0EF0DFFE51EC100BD9F74F
:10B0E000DDFC40B208BD000070B5154D04468AB0C5
:10B0F000EB6A9847EB68606898476B6D217A01208E
:10B100009847637A2268AE69D25CE368B3FA83F346
:10B110005B090993237A0493002101230A20CDE9D6
:10B120000213CDE90010CDE90711CDE9051118464C
:10B13000A17AB0476B6BE0680AB0BDE87040184771
:10B14000BC0405002DE9F74FCDE9002300231D467F
:10B150001E464FF00C091A01048A5FFA82F802F0C9
:10B16000F002944206D8009B1E70019B1D7003B034
:10B17000BDE8F08F4FEA430C0022446834F80C40DD
:10B180001441E7072AD502EB080E876809FB0EF485
:10B1900007EB040A3C590CB3047834B9446924B170
:10B1A00034F80C401441E40718D59AF8084090F997
:10B1B00001B044F303077FB25F450FDC44F303148F
:10B1C00064B25C450ADB9AF8094004EB4407C468A2
:10B1D00004EBC704247D3CB90135EDB20132102ADD
:10B1E000CBD10133DBB2B6E7741C01F806E0E6B25E
:10B1F000F4E72DE9FF4704464068DDE90C781E4678
:10B200008A46914605F00AFD23681B1AC8F80030EB
:10B21000002501233B703570636813B123688342B6
:10B2200025D8CAF80050D4F81CC0A3699CF800E0E7
:10B230000393D4E9030101AB83E80300237D00936A
:10B24000DCF80C10237A627A7046FFF71DFE3B464D
:10B25000C8F800003246E0694946FFF773FF3378CB
:10B260002BB1C8F80050002004B0BDE8F0873B784F
:10B27000002B14BF0B200C20F6E737B590F9002007
:10B2800090F90250954204460FD0013A52B2AA42B8
:10B290000BD0A368019394F9013000936168E078C2
:10B2A0002B46FFF758FD0028EFD0104603B030BD05
:10B2B0008842B8BF0846704751F82000054B9842B5
:10B2C00005D0054B98420CBF02200020704701209A
:10B2D000704700BF90D0030020A10700F0B5114BCC
:10B2E00085B00C4610491F560546FFF7E5FF0F4B8A
:10B2F000E4B25E6A072D4FF00103CDE90243014637
:10B300000AD105220023CDE900234FF47A727A4353
:10B310001846B04705B0F0BD08220020CDE9002056
:10B320003A46F5E7C30105009C010500BC04050091
:10B3300038B5194B1B6A05460C46984730B1174B78
:10B34000174A2B44934202D80223237038BD154B71
:10B35000154A2B44934201D80023F6E7134B144AB5
:10B360002B44934201D80123EFE7124B124A2B449E
:10B37000934201D80523E8E7104B114A2B4493422E
:10B3800001D80323E1E70F4B0F4A2B44934201D826
:10B390000423DAE70020D9E7BC04050040AA8FCCDB
:10B3A0007F841E00C02571CCC0C62D00FF5E43CC3B
:10B3B000BF270900A0B038CC20A1070040022ECC46
:10B3C00090D00300606E29CCE09304001FB5027892
:10B3D00000230B3A00932C2A64D8DFE802F02C2FCC
:10B3E0003136383B3E414447634F6351565B5D63A2
:10B3F0006360671763636363636363636363636368
:10B40000634F697063634F706372760043788DF8A1
:10B41000043007238DF805304FF48053ADF8063023
:10B420002D4B1B6801A803F55872CDE90223FFF7E5
:10B4300024FF009036E04023009333E02023FBE715
:10B4400090F90130254AD35CF6E70123F4E740F692
:10B45000B833F1E74FF47A73EEE74FF4FA63EBE7B2
:10B4600041F28833E8E741F27073E5E71C484FF496
:10B470007A71DAF773FB00F5FA60DAE7194BDBE76C
:10B48000154B1B6803F55873D6E7134B1B6803F580
:10B490005B73D1E71023CFE70F4B1B68CCE74FF06E
:10B4A00083430093009805B05DF804FB0023F8E7A0
:10B4B00040F21112ADF800208DF80230F2E70323BC
:10B4C000BAE790F90130084ABDE7084990F9010050
:10B4D000FFF7F2FEADE700BFE0E90010CB01050089
:10B4E00018FCFFFF08E6D333C30105009C010500EB
:10B4F00037B50B4B1A6803780C2101FB03235B7AE9
:10B5000003EB4304074B1D6803690093C36842784B
:10B51000816805EBC400FFF7A1FC03B030BD00BF9C
:10B52000E0E90010DCE9001030B5A5B00446902237
:10B5300000216846DCF7EAFB4FF47A72ADF8302060
:10B54000ADF87820227B64230A21012AADF800306F
:10B55000ADF81830ADF84810ADF860302FD0022AA1
:10B5600038D052BB236843B3636833B31E4DA06821
:10B570002B601E4B902269461860DAF7FCFA1C4BD0
:10B580002C6893E8070084E8070003F10C0207CA5F
:10B5900004F10C05183385E8070093E8070004F16F
:10B5A0001805072385E80700A4F86C33012204F589
:10B5B0005B7104F55870FFF742FC25B030BD0A4BB3
:10B5C0001868002343600361C36100F55B7100F5F7
:10B5D0005870F0E7044B1B68B3F86023B3F86C13A2
:10B5E0000A43A3F86023E8E7E0E90010DCE9001073
:10B5F000E89F040007B50E2909D8DFE801F00C0820
:10B600000808081F151F081F1F0808082100002030
:10B6100003B05DF804FB00230DF1070100688DF80D
:10B620000730FFF785FEF3E7052290F900000021BF
:10B63000FFF7C5FB003818BF0120E9E70722F4E750
:10B640000120E5E710B504791CB1012C0BD00020D6
:10B6500010BD0A4B01681B68012203F55870FFF703
:10B66000EEFB0120F4E7054B01681B68224603F559
:10B670005B70FFF7E4FB2046EAE700BFE0E900105B
:10B68000F7B50728144D1C46A8BF072058700E4672
:10B6900029461746FFF710FE94F90130A070072BDA
:10B6A00013D13220FFF7DAFC0C4BDB6D05469847CF
:10B6B00004F10C0208340346019200943A463146E4
:10B6C0002846FFF7D0FC03B0F0BD054A55F823101B
:10B6D000D05CFFF7BBFCE7E79C010500BC0405005C
:10B6E000C30105002DE9F04F304E90F901807368D9
:10B6F00047688BB00546894698470446002852D1D2
:10B70000AB7C63B92A4A2B78126803EB430302EB44
:10B71000830152F823704B68002B18BF1F46254B3E
:10B72000384613F908B0F36898476B7CD6F818A030
:10B73000A9680993B8F1070F23D10023012289B228
:10B74000CDE904321C4A0291CDE907330521CDE948
:10B7500000214FF47A720693039302FB0BF24CF232
:10B7600050311846D047154B13F80810736D0D3142
:10B770002046C9B2984789F8008001200BB0BDE887
:10B78000F08F0027012489B20823CDE900730291CC
:10B79000CDE90774CDE90577CDE90377A97823468C
:10B7A0005A462046DEE70020E8E700BFBC0405005B
:10B7B000E0E90010C301050085450100CB0105004B
:10B7C0002DE9F04F374E90F90130374F9246374A06
:10B7D00012F903B0326803780C2505FB0323344AC1
:10B7E0005B7A126803EB430302EBC3038DB004469C
:10B7F000894690F9020093F90210FFF759FD2D498F
:10B80000804694F90100FFF757FDD4ED020A94ED4C
:10B81000010A0B904046FFF74EFC22780A905543F0
:10B820003068FA684059904794F90120FB69002577
:10B83000072A4FF47A629C46CDE90752DDE90A13E4
:10B84000CDE9055520D10122CDE903520522CDE9EC
:10B8500001524FF47A7202FB0BF20092284646F234
:10B86000A8126646B047A18994F90100FFF736FD9A
:10B870007B6DCAF80000217B28469847012089F893
:10B8800000800DB0BDE8F08F01260822CDE90356F7
:10B89000CDE90162CDF800B02A4630466546A8479A
:10B8A0003546E0E7E0E90010BC040500C3010500EF
:10B8B000DCE900109C0105002DE9F04F8DB000245B
:10B8C00005468A46914698460294ADF80C40ADF87C
:10B8D000064007264FF0010B2B7AA34206D9686871
:10B8E00002A92044FFF74AFB002854D1AB7A8DF817
:10B8F00015309DF809308DF816309DF80A308DF816
:10B9000017309DF808308DF81830EB7A8DF8193023
:10B910002B7B8DF81A306B7B8DF81B3010238DF844
:10B9200014608DF81C303A4E0DF1060308934FF465
:10B93000E063ADF8243033680A930723ADF82C3068
:10B940002B6804930DF10A0202AB0DF1090104A862
:10B95000FFF72EFB072805460BD130680C2200218B
:10B9600000F55870DAF71BF93368BDF80620A3F824
:10B9700060239DF809308AF800309DF80A3089F874
:10B9800000309DF8083088F80030169B28461C705F
:10B990000DB0BDE8F08F9DF80B30BDF80C70ADF820
:10B9A00006700444E4B2F3B917B3194A00201168D1
:10B9B000072602464FF00C0C062B1BD10CFB00FE99
:10B9C00051F80EE0BEF1000F04D00BFA00F217435D
:10B9D000BFB2012201301028EED1002A3FF47CAF23
:10B9E000ADF8067078E75A1E042A01D9062BDCD080
:10B9F000062671E747FA00FE1EF0010FEAD00CFBA5
:10BA000000FE51F80EE0BEF1000F08BF0626E1E788
:10BA1000E0E9001073B5002605460DF10701406806
:10BA20008DF80760FFF784FC0722B042314695F994
:10BA3000000014BF07240624FFF7C1F908B904F079
:10BA4000050495F9010005220021FFF7B8F908B9AE
:10BA500004F0FB04204602B070BD4FF0FF30704789
:10BA600013B5027800230F2A04468DF807301DD83D
:10BA70000DF107014068FFF75BFC22780C4902EBEF
:10BA800042020968002801EB820051F8222014BF0D
:10BA90000323022322B903F0010358B202B010BD00
:10BAA000032B06BF626842600223F6E71846F5E7FB
:10BAB000E0E90010704700002DE9F041394D0446DF
:10BAC000286896B00E46904600211F4601220723A3
:10BAD00000F55870CDE90411CDE906118DF80C1070
:10BAE0008DF80D10ADF80E30FFF78BF930B92A68DC
:10BAF000B2F8603343F00703A2F860332A68637A30
:10BB00008DF8203002F55871CDE90912264A94F9D2
:10BB1000083012680B921022ADF830200DF10E02A1
:10BB20000D9222680E9262680F92D4E90301A27A04
:10BB30008DF8402006228DF8412011AA82E80300EA
:10BB4000227DE18A8DF8213018468DF84C20FFF7D0
:10BB5000C5FB08AB15930DF10D0314900093CDF8C0
:10BB6000048003AB04AA39460EA8FFF742FB044643
:10BB700068B99DF80C100139D9F7F0FF16AB1844DD
:10BB800010F8483C3370204616B0BDE8F0810C2810
:10BB900001BF2A68B2F8603343F00703A2F86033AC
:10BBA000F1E700BFE0E90010DCE90010F7B5067925
:10BBB0000027022E05468DF8077002D8062003B034
:10BBC000F0BD0F2E2DD80368187A40F3030007222A
:10BBD000394640B2FFF7F3F82B680446187A40F371
:10BBE00003100722394640B2FFF7E9F8B8B1B4FABA
:10BBF00084F464092868037A006843F3030243F37A
:10BC0000031352B25BB20DF107019A42C8BF01247F
:10BC1000FFF78EFB48B9002CD0D10420CFE70124D8
:10BC2000E8E70320CBE70520C9E7002CFBD10D4F47
:10BC300029683B6806EB460003EB80000C22D9F72D
:10BC40009AFF3A689DF807100C2303FB0623204651
:10BC50005972012303FA06F6B2F860331E43A2F8C4
:10BC60006063ACE7E0E9001010B4017802290FD955
:10BC7000094B18680C234B43C4180022C250C4E976
:10BC8000012200F558705DF8044B1022FFF7A0B8B0
:10BC900000205DF8044B7047E0E900102DE9F04109
:10BCA00086B050238DF81430037A102B074630D11C
:10BCB0004368DD7B6DBB0324A8466426072C14D89B
:10BCC0007A68535D03932A44517843EA012303932E
:10BCD000927843EA02437343CDE9033863B9684677
:10BCE0008DF80040FFF7C0FF0DE0CDF80C808DF817
:10BCF0001480CDF81080F2E703AB01A801938DF812
:10BD00000840FFF753FF0134E4B2102C05F103059E
:10BD1000D4D106B0BDE8F0811FB50268037911687F
:10BD200051B901A88DF80430FFF79EFF78B90020C3
:10BD300040B205B05DF804FB02A802928DF80C3009
:10BD4000FFF734FF0628F2D8024B185CF0E7032017
:10BD5000EEE700BFBC010500881A40B220EAE0709F
:10BD6000C0B2704710B586B00B4B01938368029345
:10BD700040F21133ADF80C3000238DF80E304368DB
:10BD800004930388ADF8143001A80C46FFF7ACF912
:10BD90000323237006B010BDC3010500064B10B588
:10BDA0001B6A0446984730B1044B0548234483423C
:10BDB0008CBF0020012010BDBC040500C02571CC43
:10BDC00080841E00F0B5114B85B00C4610491F56FB
:10BDD0000546FFF771FA0F4BE4B25E6A072D4FF08C
:10BDE0000103CDE9024301460AD105220023CDE932
:10BDF00000234FF47A727A431846B04705B0F0BD7D
:10BE000008220020CDE900203A46F5E7FB010500B5
:10BE1000D4010500BC0405001FB50023009303787E
:10BE20000B3B2C2B63D8DFE803F02C2F3162363923
:10BE30003C3F4245624D4F51565B5D626260661702
:10BE4000626262626262626262626262624D686FD4
:10BE500062624D6F6271750043788DF8043007237C
:10BE60008DF805304FF48053ADF806302C4B1B682D
:10BE700001A803F55872CDE90223FFF7FEF90090FF
:10BE800035E04023009332E02023FBE790F90130B6
:10BE9000244AD35CF6E740F6B833F3E74FF47A73FD
:10BEA000F0E74FF4FA63EDE741F28833EAE741F255
:10BEB0007073E7E71C484FF47A71D9F74FFE00F52D
:10BEC000FA60DCE7194BDDE70223DBE7144B1B6864
:10BED00003F55873D6E7124B1B6803F55B73D1E784
:10BEE0001023CFE70E4B1B68CCE7114B0093009853
:10BEF00005B05DF804FB0023F8E71323ADF800302C
:10BF000003238DF80230F2E70423BBE790F90130F8
:10BF1000084ABEE7084990F90100FFF7CDF9AEE7FE
:10BF2000E8E900104302050018FCFFFFF080A6338B
:10BF30000000F041FB010500D401050037B50B4BB3
:10BF40001A6803780C2101FB03235B7A03EB43049B
:10BF5000074B1D6803690093C3684278816805EB4D
:10BF6000C400FEF77BFF03B030BD00BFE8E900105E
:10BF7000E4E9001070B5027B86B001260023B242CE
:10BF8000CDE90133CDE90333ADF800608DF802301F
:10BF90008DF814302FD0022A37D052BB036843B338
:10BFA000436833B31E4C806823601E4B18226946D9
:10BFB0001860D9F7E0FD1C4B246893E8070084E87B
:10BFC000070003F10C0207CA04F10C05183385E8D9
:10BFD000070093E8070004F11805072385E8070028
:10BFE000A4F86C33324604F55B7104F55870FEF723
:10BFF00026FF06B070BD0A49086843600361C3614B
:10C0000000F55B7100F55870F1E7054B1B68B3F85C
:10C010006023B3F86C130A43A3F86023E9E700BF79
:10C02000E8E90010E4E900100CA0040008B50A29B2
:10C030001FD8DFE801F0061E1E1E1E100B101E1C6E
:10C040001C00BDE808400068FFF7A8BE052290F973
:10C050000000002105E090F90000062809D0072221
:10C060000021FEF7ACFE003818BF012008BD0A22EF
:10C07000EDE70020FAE7000010B504791CB1012CAF
:10C080000BD0002010BD0A4B01681B68012203F58C
:10C090005870FEF7D4FE0120F4E7054B01681B68D9
:10C0A000224603F55B70FEF7CAFE2046EAE700BFB2
:10C0B000E8E90010F7B50728144D1C46A8BF072073
:10C0C00058700E4629461746FFF7F6F894F90130E6
:10C0D000A070072B13D13220FEF7C0FF0C4BDB6D95
:10C0E0000546984704F10C02083403460192009477
:10C0F0003A4631462846FEF7B6FF03B0F0BD054A82
:10C1000055F82310D05CFEF7A1FFE7E7D401050046
:10C11000BC040500FB0105002DE9F04F304E90F9FD
:10C120000180736847688BB0054689469847044686
:10C13000002852D1AB7C63B92A4A2B78126803EBF2
:10C14000430302EB830152F823704B68002B18BFA6
:10C150001F46254B384613F908B0F36898476B7CA7
:10C16000D6F818A0A9680993B8F1070F23D10023C6
:10C17000012289B2CDE904321C4A0291CDE907338C
:10C180000521CDE900214FF47A720693039302FB57
:10C190000BF24CF250311846D047154B13F80810EB
:10C1A000736D0D312046C9B2984789F8008001208F
:10C1B0000BB0BDE8F08F0027012489B20823CDE938
:10C1C00000730291CDE90774CDE90577CDE90377D6
:10C1D000A97823465A462046DEE70020E8E700BF5C
:10C1E000BC040500E8E90010FB01050085450100DD
:10C1F000430205002DE9F04F374E90F90130374FDB
:10C200009246374A12F903B0326803780C2505FBD1
:10C210000323344A5B7A126803EB430302EBC30344
:10C220008DB00446894690F9020093F90210FFF799
:10C230003FF82D49804694F90100FFF73DF8D4ED11
:10C24000020A94ED010A0B904046FEF734FF227873
:10C250000A9055433068FA684059904794F9012094
:10C26000FB690025072A4FF47A629C46CDE9075204
:10C27000DDE90A13CDE9055520D10122CDE90352AC
:10C280000522CDE901524FF47A7202FB0BF20092C3
:10C29000284646F2A8126646B047A18994F90100E3
:10C2A000FFF790FD7B6DCAF80000217B2846984778
:10C2B000012089F800800DB0BDE8F08F012608222A
:10C2C000CDE90356CDE90162CDF800B02A463046EB
:10C2D0006546A8473546E0E7E8E90010BC040500DC
:10C2E000FB010500E4E90010D40105002DE9F04F41
:10C2F0008DB0002506468A46914698460295ADF8CF
:10C300000C50ADF8065007244FF0010B337AAB42C6
:10C3100006D9706802A92844FEF730FE002845D1EE
:10C320009DF90930062B7DD08DF81630F37A8DF803
:10C330001930337B8DF81A30737B8DF81B30102346
:10C340008DF81C30414F9DF90A109DF80820B07AF5
:10C350008DF815000DF1060308934FF4E063ADF876
:10C3600024303B680A930A23ADF82C3033688DF8EB
:10C3700017108DF8182004930DF10A0202AB0DF18D
:10C38000090104A88DF81440FEF712FE07280446A0
:10C390004AD138680C22002100F55870D9F7FFFB0C
:10C3A0003B68BDF80620A3F860233DE09DF80B3004
:10C3B000BDF80C70ADF806700544EDB2EBB90FB3E3
:10C3C000224A00201168072402464FF00C0C062B6D
:10C3D0001AD10CFB00FE51F80EE0BEF1000F04D0A4
:10C3E0000BFA00F21743BFB2012201301028EED140
:10C3F000002A8BD0ADF8067088E75A1E042A01D9AE
:10C40000062BDDD0062481E747FA00FE1EF0010F5F
:10C41000EBD00CFB00FE51F80EE0BEF1000F08BFA0
:10C420000624E2E704F0FD049DF809308AF80030A4
:10C430009DF80A3089F800309DF8083088F80030FF
:10C44000169B20461D700DB0BDE8F08FE8E9001086
:10C4500038B504464068FFF7A1FC072200284FF0DA
:10C46000000194F9000014BF07250625FEF7A7FC7C
:10C4700018B194F90030062B01D105F0FD0594F9AF
:10C48000010007220021FEF79AFC08B905F0FB0520
:10C49000284638BD4FF0FF307047000010B50378D4
:10C4A0000F2B04461AD84068FFF778FC22780C4915
:10C4B00002EB42020968002801EB820051F82220B9
:10C4C00014BF032302231AB903F0010358B210BDAD
:10C4D000032B06BF626842600223F7E70020F6E7FD
:10C4E000E8E90010704700002DE9F041394D04469D
:10C4F000286896B00E46904600211F460122072369
:10C5000000F55870CDE90411CDE906118DF80C1035
:10C510008DF80D10ADF80E30FEF773FC30B92A68B7
:10C52000B2F8603343F00703A2F860332A68637AF5
:10C530008DF8203002F55871CDE90912264A94F998
:10C54000083012680B921022ADF830200DF10E0267
:10C550000D9222680E9262680F92D4E90301A27ACA
:10C560008DF8402001228DF8412011AA82E80300B5
:10C57000227DE18A8DF8213018468DF84C20FFF796
:10C5800021FC08AB15930DF10D0314900093CDF829
:10C59000048003AB04AA39460EA8FEF72AFE04461F
:10C5A00068B99DF80C100139D9F7D8FA16AB1844C0
:10C5B00010F8483C3370204616B0BDE8F0810C28D6
:10C5C00001BF2A68B2F8603343F00703A2F8603372
:10C5D000F1E700BFE8E90010E4E90010F8B50679DA
:10C5E000022E054601D80620F8BD0F2E2BD8036871
:10C5F000187A40F303000722002140B2FEF7DFFB68
:10C600002B680446187A40F303100722002140B239
:10C61000FEF7D5FBA8B1B4FA84F4640929680B7A53
:10C62000086843F3030243F3031352B25BB29A4226
:10C63000C8BF0124FFF7B2FB48B9002CD3D10420B6
:10C64000D2E70124EAE70320CEE70520CCE7002C5F
:10C65000FBD10C4F29683B6806EB460003EB8000DA
:10C660000C22D9F788FA3A680C2303FB06232046EC
:10C670005C72012303FA06F6B2F860331E43A2F897
:10C680006063B1E7E8E9001010B4017802290FD91E
:10C69000094B18680C234B43C4180022C250C4E94C
:10C6A000012200F558705DF8044B1022FEF790BB94
:10C6B00000205DF8044B7047E8E900102DE9F041D7
:10C6C00086B050238DF81430037A102B074630D1F2
:10C6D0004368DD7B6DBB0324A8466426072C14D871
:10C6E0007A68535D03932A44517843EA0123039304
:10C6F000927843EA02437343CDE9033863B968464D
:10C700008DF80040FFF7C0FF0DE0CDF80C808DF8EC
:10C710001480CDF81080F2E703AB01A801938DF8E7
:10C720000840FFF75BFF0134E4B2102C05F103056C
:10C73000D4D106B0BDE8F0811FB502680379116855
:10C7400051B901A88DF80430FFF79EFF78B9002099
:10C7500040B205B05DF804FB02A802928DF80C30DF
:10C76000FFF73CFF0628F2D8024B185CF0E70320E5
:10C77000EEE700BFF4010500064B03EBC10398563A
:10C78000002804DB062908BF0020C0B27047002043
:10C79000FBE700BF0302050010B586B00B4B019309
:10C7A0008368029340F21343ADF80C3000238DF8F8
:10C7B0000E30436804930388ADF8143001A80C468A
:10C7C000FEF792FC0423237006B010BDFB010500A8
:10C7D00010B50C4B86B01A5605920C460A49FEF766
:10C7E0006BFD002201460820CDE900020748059AAA
:10C7F0000123E4B202940393446A1846A04706B0AA
:10C8000010BD00BF6B0205004C020500BC04050012
:10C810000B4B10B51B6A0446984768B1094B0A4A8E
:10C820002344934209D8094A534345F2E232B2EB1A
:10C83000B31F2CBF0120002010BD0020FCE700BF6B
:10C84000BC040500602E1CC9009F24001DE6CB0B14
:10C850001FB5027800230B3A00932C2A61D8DFE839
:10C8600002F02C2F316036393C3F4245604D604F1D
:10C8700054595B60605E6417606060606060606017
:10C88000606060606066686F6060666F60717500B0
:10C8900043788DF8043005238DF805304FF480532C
:10C8A000ADF806302C4B1B6801A803F55872CDE992
:10C8B0000223FEF7E2FC009033E04023009330E0D7
:10C8C0002023FBE790F90130244AD35CF6E74FF4CC
:10C8D0007A63F3E74FF47A73F0E74FF4FA63EDE726
:10C8E00041F28833EAE741F27073E7E71C484FF4FE
:10C8F0007A71D9F733F900F5FA60DCE7194BDDE717
:10C90000154B1B6803F55873D8E7134B1B6803F5E9
:10C910005B73D3E71023D1E70F4B1B68CEE7124BB5
:10C920000093009805B05DF804FB0023F8E70F4B77
:10C93000C4E740F21112ADF800208DF80230F0E7A4
:10C940000323BBE790F90130094ABEE7094990F992
:10C950000100FEF7B1FCAEE7F0E90010710205003E
:10C9600018FCFFFFE013F3360000604160630537F9
:10C970006B0205004C02050037B50B4B1A680378B3
:10C980000C2101FB03235B7A03EB4304074B1D6877
:10C9900003690093C3684278816805EBC400FEF721
:10C9A0005DFA03B030BD00BFF0E90010ECE9001003
:10C9B000F0B5027B87B001270023BA42CDE90133ED
:10C9C000CDE90333ADF800708DF802308DF81430E6
:10C9D00037D0022A41D092BB036883B3436873B354
:10C9E000234D80682B60234B182269461860D9F7C5
:10C9F000C2F8214B2C6893E8070084E8070003F194
:10CA00000C0207CA04F10C06183386E8070093E805
:10CA1000070004F11806072386E80700A4F86C3322
:10CA20003A4604F55B7104F55870FEF708FA2B6876
:10CA30004FF6BF72A3F878230622C3F87C2307B011
:10CA4000F0BD0B49086843600361C36100F55B7189
:10CA500000F55870FEF7F3F9F1E7054B1B68B3F8E2
:10CA60006023B3F86C130A43A3F86023E7E700BF21
:10CA7000F0E90010ECE9001030A00400072908B527
:10CA800004D804290CD831B1002012E00939012959
:10CA9000FAD8072205E0BDE808400068FFF7B8BEF5
:10CAA000052290F900000021FEF789F9003818BF2F
:10CAB000012008BD10B504791CB1012C0BD0002059
:10CAC00010BD0A4B01681B68012203F55870FEF780
:10CAD000B6F90120F4E7054B01681B68224603F50F
:10CAE0005B70FEF7ACF92046EAE700BFF0E9001002
:10CAF0007FB50528114D0392A8BF05200E4658703A
:10CB000029461C46FEF7D8FB94F90130A0700C486A
:10CB100055F82310C05CFEF799FA0A4BDB6D054609
:10CB2000984704F10C01083403460191039A0094DC
:10CB300031462846FEF797FA04B070BD4C02050056
:10CB40006B020500BC0405002DE9F043224E90F96C
:10CB50000190736845688DB0044688469847002860
:10CB600038D1A37C63B91D4A2378126803EB4303D1
:10CB700002EB830152F823504B68002B18BF1D466F
:10CB8000174B284613F90920F3680B929847637CEA
:10CB9000218909930125002302910821CDE9003163
:10CBA000CDE90735CDE90533CDE903330B9AA178FB
:10CBB000B7692B462846B8470A4B13F80910736D1E
:10CBC0000D312846C9B2984788F8009028460DB024
:10CBD000BDE8F0830020FAE7BC040500F0E900108E
:10CBE0006B020500710205002DE9F047DFF8F0A0A7
:10CBF00090F901309146364AD756DAF8002003788A
:10CC00000C2505FB0323334A5B7A126803EB4303CD
:10CC100002EBC3038CB00446884690F9020093F9F6
:10CC20000210FEF745FB2C49064694F90100FEF779
:10CC300043FB2178DAF80020D4ED017AD4ED020A22
:10CC40000B9069433046525824498A4294BF0A23C4
:10CC50000E2300EE103AB8EEC00AF4EE407AF1EE80
:10CC600010FA48BFB0EE670AFEF725FA22780A905C
:10CC70005543DAF80000DFF86CA04059DAF80C20D0
:10CC80009047012500224FF47A630820CDE907235D
:10CC9000CDE90522CDE90325DDE90A13CDE90150EF
:10CCA00000972846DAF81C70B847DAF85430217B30
:10CCB00028469847A18994F90100FFF789FDC9F832
:10CCC0000000284688F800600CB0BDE8F08700BF7F
:10CCD0006B020500ECE900104C0205001F21F6363E
:10CCE000F0E90010BC0405002DE9F04F8DB00024E0
:10CCF00005468A46914698460294ADF80C40ADF838
:10CD0000064007264FF0010B2B7AA34206D968682C
:10CD100002A92044FEF732F9002854D1AB7A8DF8ED
:10CD200015309DF809308DF816309DF80A308DF8D1
:10CD300017309DF808308DF81830EB7A8DF81930DF
:10CD40002B7B8DF81A306B7B8DF81B3010238DF800
:10CD500014608DF81C303A4E0DF1060308934FF421
:10CD6000A063ADF8243033680A930723ADF82C3064
:10CD70002B6804930DF10A0202AB0DF1090104A81E
:10CD8000FEF716F9072805460BD130680C22002162
:10CD900000F55870D8F703FF3368BDF80620A3F8F4
:10CDA00060239DF809308AF800309DF80A3089F830
:10CDB00000309DF8083088F80030169B28461C701B
:10CDC0000DB0BDE8F08F9DF80B30BDF80C70ADF8DC
:10CDD00006700444E4B2F3B917B3194A002011688D
:10CDE000072602464FF00C0C062B1BD10CFB00FE55
:10CDF00051F80EE0BEF1000F04D00BFA00F2174319
:10CE0000BFB2012201301028EED1002A3FF47CAFDE
:10CE1000ADF8067078E75A1E042A01D9062BDCD03B
:10CE2000062671E747FA00FE1EF0010FEAD00CFB60
:10CE300000FE51F80EE0BEF1000F08BF0626E1E744
:10CE4000F0E9001038B505464068FFF7E1FC05221F
:10CE500000284FF0000195F9000014BF07240624B4
:10CE6000FDF7ADFF08B904F0050495F901000522AE
:10CE70000021FDF7A4FF08B904F0FB04204638BDEB
:10CE80004FF0FF307047000010B503780F2B0446B9
:10CE90001AD84068FFF7BCFC22780C4902EB42022A
:10CEA0000968002801EB820051F8222014BF0323F7
:10CEB00002231AB903F0010358B210BD032B06BFB9
:10CEC000626842600223F7E70020F6E7F0E900100D
:10CED000704700002DE9F04F554F0446386899B06F
:10CEE0008846914600211E460122072300F558700E
:10CEF000CDE90611CDE908118DF814108DF8151043
:10CF0000ADF81630FDF77DFF30B93A68B2F86033FE
:10CF100043F00703A2F860333A68637A8DF828304B
:10CF200002F55871CDE90B12424A94F908301268A3
:10CF30000D920DF116020F92226810926268119202
:10CF4000D4E90301A27A8DF8482001228DF8492006
:10CF500013AA82E803001025227DE18A8DF829308A
:10CF600018468DF85420ADF83850FFF731FC0AAB65
:10CF700017930DF1150306AA31461690CDF80490CB
:10CF8000009310A805ABFEF734F90446E0F7E9FF7B
:10CF90008146E0F7EAFF8246002C3FD1E0F7DDFF53
:10CFA0009DF81410012801F1FF3120462DD1D8F74A
:10CFB000D5FD214B21491B690295C6B2039318ABDD
:10CFC0003344701C13F848BC9DF81430B0FBF3F6E2
:10CFD00003FB16060C2303FB0BFC3868039D50F87B
:10CFE0000C0053464A46A847F6B2144928B188F8BF
:10CFF00000B0204619B0BDE8F08F029B5D1E15F011
:10D00000FF030293DBD10D24F3E7D8F7A7FD18AB9C
:10D01000184410F8483C88F80030EAE70C2C01BFAF
:10D020003A68B2F8603343F00703A2F86033E0E7F0
:10D03000F0E90010ECE90010BC040500400D03000D
:10D04000F8B50679022E054601D80620F8BD0F2E48
:10D050002BD80368187A40F303000522002140B260
:10D06000FDF7ADFE2B680446187A40F30310052245
:10D07000002140B2FDF7A3FEA8B1B4FA84F464091C
:10D0800029680B7A086843F3030243F3031352B28F
:10D090005BB29A42C8BF0124FFF7BAFB48B9002C23
:10D0A000D3D10420D2E70124EAE70320CEE705200C
:10D0B000CCE7002CFBD10C4F29683B6806EB4600FF
:10D0C00003EB80000C22D8F756FD3A680C2303FBD3
:10D0D000062320465C72012303FA06F6B2F8603399
:10D0E0001E43A2F86063B1E7F0E9001010B40178C4
:10D0F00002290FD9094B18680C234B43C41800228E
:10D10000C250C4E9012200F558705DF8044B1022AA
:10D11000FDF75EBE00205DF8044B7047F0E900109B
:10D120002DE9F04186B050238DF81430037A102B8E
:10D13000074630D14368DD7B6DBB0324A8466426D7
:10D14000072C14D87A68535D03932A44517843EA34
:10D1500001230393927843EA02437343CDE90338F2
:10D1600063B968468DF80040FFF7C0FF0DE0CDF8C9
:10D170000C808DF81480CDF81080F2E703AB01A885
:10D1800001938DF80840FFF75BFF0134E4B2102CE7
:10D1900005F10305D4D106B0BDE8F0811FB50268E2
:10D1A0000379116851B901A88DF80430FFF79EFF8B
:10D1B00078B9002040B205B05DF804FB02A80292E5
:10D1C0008DF80C30FFF73CFF0628F2D8024B185CB4
:10D1D000F0E70320EEE700BF64020500881A40B2C2
:10D1E00020EAE070C0B2704710B586B00B4B0193D7
:10D1F0008368029340F21133ADF80C3000238DF8B0
:10D200000E30436804930388ADF8143001A80C462F
:10D21000FDF76AFF0323237006B010BD6B02050003
:10D2200010B50C4B86B01A5605920C460A49FEF70B
:10D2300043F8002201460820CDE900020748059A7C
:10D240000123E4B202940393446A1846A04706B04F
:10D2500010BD00BFE202050078020500BC04050015
:10D260000B4B10B51B6A0446984768B1094B0A4A34
:10D270002344934209D8094A534341F6F632B2EBAC
:10D28000B31F2CBF0120002010BD0020FCE700BF11
:10D29000BC040500608FF7C8401640005FF7435993
:10D2A00007B5002300930378013B332B31D8DFE827
:10D2B00003F01A1E303030303030303E40424430BF
:10D2C0004D5053505356305F1C6163656730306971
:10D2D0006C2330303030303030303030303030301F
:10D2E0006E761C303076C3781BB9082302E0837851
:10D2F0007BB1022300930CE0827890F9013062B98F
:10D300002BB1082B1ABF03F1FF33DAB2062252B257
:10D310000092009803B05DF804FB022B05D0082BA7
:10D320001ABF03F1FF33DBB206235BB2E2E705234A
:10D33000E0E74023DEE72023DCE7827890F9013044
:10D3400012B9184AD35CD5E7174AFBE74FF47A7352
:10D35000D0E741F28833CDE741F27073CAE7134852
:10D360004FF47A71D8F7FAFB00F5FA600090D0E735
:10D370000F4BBFE70F4BBDE70F4BBBE74823B9E7A8
:10D380000E4BB7E70E4B0093C3E70023FBE740F2D9
:10D390001333ADF8003001238DF80230B9E70A23CA
:10D3A000A8E700BFF20205000203050018FCFFFF1A
:10D3B000A07008376CED001084ED0010F4E9001047
:10D3C0000000F04113B50A4A03780C2101FB032346
:10D3D0005C7A182303FB042403690093C368427832
:10D3E000816804F55870FDF739FD02B010BD00BF2B
:10D3F000F4E9001070B5044686B018220021684692
:10D40000DAF784FC247B0123ADF8003024B1013C21
:10D410009C423BD906B070BD2648274D182269466C
:10D42000D8F7A9FB254B264A1946184650260A600C
:10D4300002F5433202F5A072AA420E724C7201F15B
:10D440000C01F4D11F4A204C66250021C3F80023AB
:10D4500002F5C31202F52062A24283F8085383F852
:10D46000091303F10C03F1D1FF23C0E9E431C0F843
:10D47000981316490622A1F11800FDF7E0FC1449A3
:10D48000062201F10C00FDF7DAFCC3E70F49062282
:10D49000A1F11800FDF7D3FC0E4A062332F8021B57
:10D4A00032F80E0C013B014013F0FF0322F8021C7E
:10D4B000F4D1AFE754ED001000285037F4E9001024
:10D4C00000D88C366086973660D65A3784ED0010C7
:10D4D0006CED001078ED001008B503460A2925D838
:10D4E000DFE801F006242424240B0B16241F1F0060
:10D4F000BDE808400068FFF7B3BE997890F90000D6
:10D50000052261B9FDF75BFC003818BF012008BD9A
:10D510009B7890F900000D220BB90821F2E7022157
:10D52000F0E790F900000A220021EBE70020EEE787
:10D5300070B5037A102B1ED14068C37B012B1AD122
:10D540000D4B0021451CA3F55E7610F811201A80C2
:10D5500015F81140042942EA042223F8022B04BFE3
:10D56000D2B2A6F880235A8933F8024C0131224006
:10D5700005295A81E9D170BD6CED001038B50579E7
:10D580001DB1012D1ED0002038BD124C01680622AD
:10D5900004F55E70FDF753FC94F89833A4F89833C3
:10D5A000A4F89A53062304F5617434F8022B34F876
:10D5B0000E1C013B0A4013F0FF0324F8022CF4D1A7
:10D5C0000120E1E7016804480622FDF738FC2846FF
:10D5D000DAE700BFF4E9001084ED00100D287FB5F4
:10D5E000A8BF0D20144D58700E461C46134955F81F
:10D5F00020308B421DD012498B420CBF02230023E6
:10D60000A370104B55F82010185C0392FDF71EFD17
:10D610000D4BDB6D0546984704F10C0108340346B9
:10D620000191039A009431462846FDF71CFD04B091
:10D6300070BD0123E4E700BF7802050090D003002D
:10D6400020A10700E2020500BC0405002DE9F0431B
:10D650001D4E90F90190736845688DB00446884668
:10D66000984700282ED1A37C33B92578174A184B48
:10D6700005F0070502FB0535164B284613F909206E
:10D68000F3680B929847637C218909930125002355
:10D6900002910821CDE90031CDE90735CDE9053307
:10D6A000CDE903330B9AA178B7692B462846B847D2
:10D6B0002846736D0D21984788F8009028460DB0D4
:10D6C000BDE8F0830020FAE7BC040500C02709008C
:10D6D000A0700837E20205002DE9F04F2F4B304DC6
:10D6E000914690F901209E56037888460C2101FB53
:10D6F000035318215B7A01FB03538DB093F96273D6
:10D7000090F902309F42B8BF1F46264B53F8223093
:10D71000254A934204463DD0244A93420CBF4FF021
:10D72000020B4FF0000BD4ED020A94ED010ADFF872
:10D7300080A03846FDF7BFFC23780B900C225A439B
:10D74000DAF80C30A858984700224FF47A63012584
:10D75000CDE907230823CDE90522CDE90325CDE94D
:10D7600001530B9900965B462846DAF81C60B047D7
:10D77000DAF85430217B28469847A18994F90100B2
:10D78000FFF74EFDC9F80000284688F800700DB07C
:10D79000BDE8F08F4FF0010BC5E700BFE2020500C6
:10D7A000F4E900107802050090D0030020A10700E2
:10D7B000BC0405002DE9F04F93B007AF0024CDE97C
:10D7C0000023054688460622734907943846C7E970
:10D7D0000144FDF734FB4FF0010AA1462B7AA34226
:10D7E00006D9686805A92044FDF7C8FB002874D154
:10D7F0009DF91530052B07DC042200213846FDF782
:10D8000000FB012840F2C680072602238DF80C3069
:10D8100003A86B7A8DF80E30FFF742FDAB7A8DF8D6
:10D820002D309DF815308DF82E309DF816308DF87E
:10D830002F309DF814308DF83030EB7A8DF8313080
:10D840002B7B8DF832306B7B8DF8333048238DF88D
:10D85000343005238DF83D300A23ADF844302B6871
:10D860008DF82C608DF83C000A934C4E0E9705AB5A
:10D870000DF116020DF115010AA81096FDF798FB9F
:10D880000728054617D10622394606F55E70FDF7D2
:10D89000D6FAD6F88433D6F878231340C6F8843302
:10D8A000D6F87C23D6F888331340C6F88833D6F8E8
:10D8B0008033C6F88C339DF81530009A88F8003014
:10D8C0009DF816301370019A9DF8143013701C9B4C
:10D8D00028461C7013B0BDE8F08F9DF81730BDF8D6
:10D8E00018200444062BE4B207D14FF0FF33CDE9F2
:10D8F0000733D2B2ADF8242070E7072B02D1CDE96F
:10D900000799F6E7052B3FD10021D2B2084612ABAA
:10D910000AFA01FE03EB400C12EA0E0F3CF82C3C15
:10D9200001F0010B0FFA8EF61BD0BBF1000F0CD1EA
:10D9300043F0FF032CF82C3CBDF824301E43ADF817
:10D94000246001310829E2D148E763F0FF032CF895
:10D950002C3CBDF824301E430130ADF82460C0B229
:10D96000EFE7F643BBF1000F07D123F0FF032CF8DC
:10D970002C3CBDF824301E40E1E7DBB22CF82C3CF7
:10D98000BDF824301E40E7E712A901EB430323F85A
:10D990002C2C23E7062638E76CED0010F4E9001084
:10D9A00038B505464068FFF75BFC0D2200284FF0B4
:10D9B000080195F9000014BF07240624FDF7FFF9BC
:10D9C00008B904F0050495F90030072B01D00D2BA0
:10D9D00001DD04F0FD0495F9010003220021FDF7AB
:10D9E000EEF908B904F0FB04204638BD002070476A
:10D9F0000020704700207047074BFF22A3F88023C8
:10DA0000064A137813F0010F03F10103137014BFDA
:10DA100006200220704700BFF4E9001090ED0010CE
:10DA20002DE9F04F2DED028B9BB0064606919146F5
:10DA30000021442209A81F460891DAF767F95248E5
:10DA4000DFF84C8104220021FDF7DBF930B9042214
:10DA500008F55E7108F56170FDF7F1F996F9083087
:10DA6000052B06DD98F88C331BB9B8F88033A8F87D
:10DA70008C33706803F0D2F8736813B1356885424F
:10DA800076D800243C60B37AF18A96F90800757A5A
:10DA9000377D0593FFF7C4FB0390D6E9030101AA84
:10DAA00082E803000097059B384928460122FDF7CC
:10DAB000EBF996F9083008EE103A354B0546274643
:10DAC0002646E2B205920C2202FB048B4FF0000ABC
:10DAD000B3F8842342FA0AF2D2071DD5DBF80020FE
:10DAE000D2B19BF80810079341F3031241F30301ED
:10DAF00018EE100A52B249B2FDF761F9079B58B10E
:10DB00009BF80920224902EB420201EBC20292F883
:10DB1000742322BB0137FFB20AF1010ABAF1100FD8
:10DB20000BF10C0BD4D11034502C03F10203C8D1EB
:10DB30001EB3711E0020D8F711F81AAB1844069BCB
:10DB400010F8481C197010484022FDF741F90020D8
:10DB5000C9F800001BB0BDEC028BBDE8F08F1AA91C
:10DB6000721C0E440599514406F8481CD6B2D3E7FE
:10DB70002D1AC9F800500B20ECE7002FF9D1C9F895
:10DB800000700C20E6E700BF78ED001054ED0010A7
:10DB9000F4E90010064B10B5062404FB01318B5646
:10DBA000002B03DA00280CBF00230223D8B210BDDB
:10DBB000B802050010B586B00B4B01938368029341
:10DBC00040F61323ADF80C3002238DF80E30436875
:10DBD00004930388ADF8143001A80C46FDF784FACD
:10DBE0000A23237006B010BDE2020500064B10B5F3
:10DBF0001B6A0446984730B1044B054823448342CE
:10DC00008CBF0020012010BDBC040500006880CC42
:10DC1000808D5B00F0B5114B85B00C4610491F5646
:10DC20000546FDF749FB0F4BE4B25E6A072D4FF046
:10DC30000103CDE9024301460AD105220023CDE9C3
:10DC400000234FF47A727A431846B04705B0F0BD0E
:10DC500008220020CDE900203A46F5E73B03050005
:10DC600014030500BC0405001FB5027800230B3A1D
:10DC700000932C2A64D8DFE802F02C2F3136383B91
:10DC80003E414447634F6351565B5D636360671772
:10DC9000636363636363636363636363634F697055
:10DCA000636372706374780043788DF804300723DF
:10DCB0008DF805304FF48053ADF806302E4B1B68BD
:10DCC00001A803F55872CDE90223FDF7D6FA0090BA
:10DCD00036E04023009333E02023FBE790F9013046
:10DCE000264AD35CF6E70123F4E740F6B833F1E7C0
:10DCF0004FF47A73EEE74FF4FA63EBE741F28833BF
:10DD0000E8E741F27073E5E71D484FF47A71D7F701
:10DD100025FF00F5FA60DAE71A4BDBE7164B1B68C4
:10DD200003F55873D6E7144B1B6803F55B73D1E713
:10DD30001023CFE7104B1B68CCE74FF083430093D1
:10DD4000009805B05DF804FB0023F8E740F21112DB
:10DD5000ADF800208DF80230F2E70323BAE70A4B52
:10DD6000B8E790F90130094ABBE7094990F9010089
:10DD7000FDF7A2FAABE700BF98ED001043030500E2
:10DD800018FCFFFFE069CD33A05CCA333B030500FC
:10DD90001403050037B50B4B1A6803780C2101FBFF
:10DDA00003235B7A03EB4304074B1D68036900936D
:10DDB000C3684278816805EBC400FDF74FF803B0F3
:10DDC00030BD00BF98ED001094ED001030B587B065
:10DDD000027B6423ADF80030012A4FF00003CDE947
:10DDE0000133CDE903338DF802308DF8143028D09B
:10DDF000022A2FD01ABB03680BB34368FBB11A4C3D
:10DE000080682360194B182269461860D7F7B3FE63
:10DE1000174B246893E807000C3384E8070093E865
:10DE2000070004F10C05032385E80700A4F86C3310
:10DE3000012204F55B7104F55870FDF700F807B096
:10DE400030BD094908684360036100F55B7100F566
:10DE50005870F2E7044B1B68B3F86023B3F86C13F7
:10DE60000A43A3F86023EAE798ED001094ED001050
:10DE700054A0040008B50E2909D8DFE801F00A080B
:10DE8000080808190F190819190808081B000020AC
:10DE900008BDBDE808400068FFF7A8BE052290F95C
:10DEA00000000021FCF78BFF003818BF0120EFE7CE
:10DEB0000722F4E70120EBE710B504791CB1012C2F
:10DEC0000BD0002010BD0A4B01681B68012203F52E
:10DED0005870FCF7B4FF0120F4E7054B01681B689C
:10DEE000224603F55B70FCF7AAFF2046EAE700BF75
:10DEF00098ED0010F7B50728144D1C46A8BF072061
:10DF000058700E4629461746FDF7D6F994F90130A8
:10DF1000A070072B13D13220FDF7A0F80C4BDB6D5E
:10DF20000546984704F10C02083403460192009418
:10DF30003A4631462846FDF796F803B0F0BD054A4B
:10DF400055F82310D05CFDF781F8E7E714030500CE
:10DF5000BC0405003B0305002DE9F04F304E90F95D
:10DF60000180736847688BB0054689469847044628
:10DF7000002852D1AB7C63B92A4A2B78126803EB94
:10DF8000430302EB830152F823704B68002B18BF48
:10DF90001F46254B384613F908B0F36898476B7C49
:10DFA000D6F818A0A9680993B8F1070F23D1002368
:10DFB000012289B2CDE904321C4A0291CDE907332E
:10DFC0000521CDE900214FF47A720693039302FBF9
:10DFD0000BF24CF250311846D047154B13F808108D
:10DFE000736D0D312046C9B2984789F80080012031
:10DFF0000BB0BDE8F08F0027012489B20823CDE9DA
:10E0000000730291CDE90774CDE90577CDE9037777
:10E01000A97823465A462046DEE70020E8E700BFFD
:10E02000BC04050098ED00103B0305008545010088
:10E03000430305002DE9F04F374E90F90130374F7B
:10E040009246374A12F903B0326803780C2505FB73
:10E050000323344A5B7A126803EB430302EBC303E6
:10E060008DB00446894690F9020093F90210FDF73D
:10E070001FF92D49804694F90100FDF71DF9D4EDF3
:10E08000020A94ED010A0B904046FDF714F822783D
:10E090000A9055433068FA684059904794F9012036
:10E0A000FB690025072A4FF47A629C46CDE90752A6
:10E0B000DDE90A13CDE9055520D10122CDE903524E
:10E0C0000522CDE901524FF47A7202FB0BF2009265
:10E0D000284646F2A8126646B047A18994F9010085
:10E0E000FFF798FD7B6DCAF80000217B2846984712
:10E0F000012089F800800DB0BDE8F08F01260822CC
:10E10000CDE90356CDE90162CDF800B02A4630468C
:10E110006546A8473546E0E798ED0010BC040500C9
:10E120003B03050094ED0010140305002DE9F04FAA
:10E130008DB0002405468A46914698460294ADF873
:10E140000C40ADF8064007264FF0010B2B7AA34296
:10E1500006D9686802A92044FCF710FF002854D1B2
:10E16000AB7A8DF815309DF809308DF816309DF892
:10E170000A308DF817309DF808308DF81830EB7A9A
:10E180008DF819302B7B8DF81A306B7B8DF81B3096
:10E1900010238DF814608DF81C303A4E0DF10603F3
:10E1A00008934FF4E063ADF8243033680A930723F3
:10E1B000ADF82C302B6804930DF10A0202AB0DF17F
:10E1C000090104A8FCF7F4FE072805460BD13068C6
:10E1D0000C22002100F55870D7F7E1FC3368BDF838
:10E1E0000620A3F860239DF809308AF800309DF8D6
:10E1F0000A3089F800309DF8083088F80030169B06
:10E2000028461C700DB0BDE8F08F9DF80B30BDF8AE
:10E210000C70ADF806700444E4B2F3B917B3194AB0
:10E2200000201168072602464FF00C0C062B1BD16C
:10E230000CFB00FE51F80EE0BEF1000F04D00BFA0B
:10E2400000F21743BFB2012201301028EED1002A9C
:10E250003FF47CAFADF8067078E75A1E042A01D966
:10E26000062BDCD0062671E747FA00FE1EF0010FF0
:10E27000EAD00CFB00FE51F80EE0BEF1000F08BF23
:10E280000626E1E798ED001038B505464068FFF72F
:10E29000ADFC072200284FF0000195F9000014BFE3
:10E2A00007240624FCF78BFD08B904F0050495F952
:10E2B000010005220021FCF782FD08B904F0FB04EF
:10E2C000204638BD4FF0FF307047000010B503788E
:10E2D0000F2B04461AD84068FFF788FC22780C49B7
:10E2E00002EB42020968002801EB820051F822206B
:10E2F00014BF032302231AB903F0010358B210BD5F
:10E30000032B06BF626842600223F7E70020F6E7AE
:10E3100098ED0010704700002DE9F041394D04469A
:10E32000286896B00E46904600211F46012203231E
:10E3300000F55870CDE90411CDE906118DF80C10E7
:10E340008DF80D10ADF80E30FCF75BFD30B92A6882
:10E35000B2F8603343F00303A2F860332A68637AAB
:10E360008DF8203002F55871CDE90912264A94F94A
:10E37000083012680B921022ADF830200DF10E0219
:10E380000D9222680E9262680F92D4E90301A27A7C
:10E390008DF8402001228DF8412011AA82E8030067
:10E3A000227DE18A8DF8213018468DF84C20FFF748
:10E3B00031FC08AB15930DF10D0314900093CDF8CB
:10E3C000048003AB04AA39460EA8FCF712FF0446EA
:10E3D00068B99DF80C100139D7F7C0FB16AB18448B
:10E3E00010F8483C3370204616B0BDE8F0810C2888
:10E3F00001BF2A68B2F8603343F00303A2F8603328
:10E40000F1E700BF98ED001094ED0010F8B5067923
:10E41000012E054601D80620F8BD0F2E2BD8036823
:10E42000187A40F303000722002140B2FCF7C7FC32
:10E430002B680446187A40F303100722002140B2EB
:10E44000FCF7BDFCA8B1B4FA84F4640929680B7A1E
:10E45000086843F3030243F3031352B25BB29A42D8
:10E46000C8BF0124FFF7C2FB48B9002CD3D1042058
:10E47000D2E70124EAE70320CEE70520CCE7002C11
:10E48000FBD10C4F29683B6806EB460003EB80008C
:10E490000C22D7F770FB3A680C2303FB06232046B7
:10E4A0005C72012303FA06F6B2F860331E43A2F849
:10E4B0006063B1E798ED001010B4017801290FD91D
:10E4C000094B18680C234B43C4180022C250C4E9FE
:10E4D000012200F558705DF8044B1022FCF778BC5F
:10E4E00000205DF8044B704798ED00102DE9F041D5
:10E4F00086B050238DF81430037A102B074630D1A4
:10E500004368DD7B6DBB0224A8466426062C14D824
:10E510007A68535D03932A44517843EA01230393B5
:10E52000927843EA02437343CDE9033863B96846FE
:10E530008DF80040FFF7C0FF0DE0CDF80C808DF89E
:10E540001480CDF81080F2E703AB01A801938DF899
:10E550000840FFF75BFF0134E4B2102C05F103051E
:10E56000D4D106B0BDE8F0811FB502680379116807
:10E5700051B901A88DF80430FFF79EFF78B900204B
:10E5800040B205B05DF804FB02A802928DF80C3091
:10E59000FFF73CFF0628F2D8024B185CF0E7032097
:10E5A000EEE700BF34030500881A40B220EAE070AD
:10E5B000C0B2704710B586B00B4B019383680293CD
:10E5C00040F21133ADF80C3000238DF80E30436863
:10E5D00004930388ADF8143001A80C46FCF784FDC1
:10E5E0000323237006B010BD3B03050010B50C4B90
:10E5F00086B01A5605920C460A49FCF75DFE0022C9
:10E6000001460820CDE900020748059A0123E4B23B
:10E6100002940393446A1846A04706B010BD00BF99
:10E62000A00305004C030500BC0405000B4B10B50E
:10E630001B6A0446984768B1094B0A4A234493422F
:10E6400009D8094A534341F6F632B2EBB31F2CBF47
:10E650000120002010BD0020FCE700BFBC04050025
:10E66000608FF7C8401640005FF743591FB500237D
:10E6700000930378013B362B68D8DFE803F01C6772
:10E680006767676767676767343638673D40434643
:10E69000494C67541C565B60626767656B1F676710
:10E6A00067676767676767676767676D731C1C677E
:10E6B0006D1C1C7B7F000823009347E043788DF896
:10E6C000043004238DF805304FF49043ADF8063044
:10E6D0002D4B1B6801A803F55872CDE90223FCF706
:10E6E000CCFD009032E04023E6E72023E4E790F9F8
:10E6F0000130264AD35CDFE740F6B833DCE74FF45D
:10E700007A73D9E74FF4FA63D6E741F28833D3E757
:10E7100041F27073D0E71E484FF47A71D7F71EFAB2
:10E7200000F5FA60DDE71B4BC6E7174B1B6803F5E6
:10E730005873C1E7144B1B6803F55B73BCE74823B0
:10E74000BAE7114B1B68B7E7134B0093009805B06D
:10E750005DF804FB0023F8E7104A0E490079FCF746
:10E76000F7FABEE740F21743ADF8003003238DF807
:10E770000230EBE790F90130094ABBE7094990F90B
:10E780000100FCF799FDACE7A4ED0010B003050013
:10E7900018FCFFFFA07008379A990042C0270900B3
:10E7A000A00305004C03050037B50B4B1A6803782E
:10E7B0000C2101FB03235B7A03EB4304074B1D6829
:10E7C00003690093C3684278816805EBC400FCF7D5
:10E7D00045FB03B030BD00BFA4ED00109CED001060
:10E7E000F0B587B00123047BADF800300023CDE9FC
:10E7F0000133CDE903338DF802308DF8143024B1A4
:10E80000013C012C4ED907B0F0BD0368002BFAD0B3
:10E810004268002AF7D0304D80682A602F4A304E77
:10E8200010609C81182269463360D7F7A4F92868E4
:10E830002C4B2D4F024601464FF0300C0B6003F578
:10E84000433303F5A073BB4281F808C04C7201F159
:10E850000C01F3D1254B264944270024C2F800338C
:10E8600003F5C31303F520638B4282F8087382F823
:10E87000094302F10C02F1D14FF0FF33C0E9DB3361
:10E88000FF23C0F8743300F55B71062200F5587061
:10E89000FCF7D5FA29683068062201F55871FCF7B3
:10E8A000CEFAB0E70C4C2068062200F55B7100F54B
:10E8B0005870FCF7C4FA0A4B21681B6801F55871BF
:10E8C0009A1E0A3332F8024F31F8020B9A4200EADC
:10E8D00004001080F6D196E7A4ED00109CED001026
:10E8E000A0ED00106001C83560518B36C0AFD23545
:10E8F000C0FF953608B50A291DD8DFE801F0061CCF
:10E900001C1C1C0B0E101C1A1A00BDE808400068E5
:10E91000FFF78CBE0422002103E00522FBE70D2255
:10E92000082190F90000FCF74AFA003818BF0120CE
:10E9300008BD0E22EFE70020FAE70000F8B51C4BF7
:10E940001B6804467BBB237A102B2FD16668F37BB0
:10E95000012B2BD1174B1868174B1C6800F5587505
:10E96000023C0022294606F1010C16F812302B80D9
:10E970001CF81270042A43EA072325F8023B04BF5F
:10E98000DBB2A0F8683334F8023F35F8027C01327C
:10E990003B40052A2380E8D1BDE8F840062200F577
:10E9A0005B70FCF74CBA98470028CCD0F8BD00BF8C
:10E9B000A8ED0010A4ED0010A0ED001070B5054604
:10E9C000042200680021FCF71CFA2C791CB1012CF0
:10E9D00021D0002070BD154E29683068062200F550
:10E9E0005870FCF72CFA336893F87423A3F8742357
:10E9F0000F4AA3F87643126803F55873911E0A3242
:10EA000031F8024F33F8020B914200EA040008800B
:10EA1000F6D10120DEE7054B29681868062200F5CB
:10EA20005B70FCF70CFA2046D4E700BFA4ED0010A1
:10EA3000A0ED00107FB50D28114D0392A8BF0D2049
:10EA40000E46587029461C46FCF736FC94F90130F6
:10EA5000A0700C4855F82310C05CFCF7F7FA0A4B7D
:10EA6000DB6D0546984704F10C010834034601911B
:10EA7000039A009431462846FCF7F5FA04B070BDBD
:10EA80004C030500A0030500BC0405002DE9F0437C
:10EA90001F4E90F90190736845688DB00446884612
:10EAA0009847002832D1A37C33B92578194A1A4BEC
:10EAB00005F0070502FB0535184B284613F9092018
:10EAC000F3680B929847637C218909930125002301
:10EAD00002910821CDE90031CDE90735CDE90533B3
:10EAE000CDE903330B9AA178B7692B462846B8477E
:10EAF0000B4B13F80910736D0D312846C9B29847B6
:10EB000088F8009028460DB0BDE8F0830020FAE7B1
:10EB1000BC040500C0270900A0700837A003050049
:10EB2000B00305002DE9F04F384B394E90F902A0A3
:10EB3000D6F800B0914690F901209F560378884698
:10EB40000C2101FB03B333495B7A096803EB4303F0
:10EB500001EBC3038DB093F902100A9204465046AC
:10EB6000FCF7A6FB0A9A042A054641D15546022D18
:10EB7000B8BF0225284994F90100DFF8A4A0FCF7EA
:10EB80009BFBDFED260A0B90B3EE0E0A2846FCF73E
:10EB900092FA22780A900C2036685043DAF80C205A
:10EBA00030589047012600224FF47A630820CDE9BF
:10EBB0000723CDE90522CDE90326DDE90A13CDE9D6
:10EBC000016000973046DAF81C70B847DAF8543024
:10EBD000217B30469847A18994F90100FFF706FD93
:10EBE000C9F80000304688F800500DB0BDE8F08F3D
:10EBF000042200210BF55870FCF703F93128B9D82D
:10EC00005546052DB8BF0525B4E700BFA003050094
:10EC1000A4ED00109CED00104C0305000000000066
:10EC2000BC0405002DE9F04F7C4E93B0CDE90112F4
:10EC30003168039307AF00240546062201F5587199
:10EC40003846C7E901440594ADF818400794FCF72D
:10EC5000F6F8A0464FF0FF392B7AA34206D9686830
:10EC600005A92044FCF78AF9002876D19DF91530D2
:10EC7000032B07DC0422002107A8FCF7C2F80128B7
:10EC800040F2CA8007238DF82C30AB7A8DF82D30F6
:10EC90009DF815308DF82E309DF816308DF82F30F8
:10ECA0009DF814308DF83030EB7A8DF831302B7BB5
:10ECB0008DF832306B7B8DF8333048238DF834304B
:10ECC0004FF48063ADF83C30336810930E23ADF8F9
:10ECD00044302B680A930DF1160205AB0DF11501B6
:10ECE0000AA80E97FCF764F90728054623D1306877
:10ECF0000622394600F55870FCF7A1F8484B3268F7
:10ED00001B68B2F86003198801401980B2F86203E9
:10ED1000598801405980B2F864039988014099806C
:10ED2000B2F86603D9880140D980B2F86813B2F806
:10ED30006A2319815A81019A9DF815301370029A3D
:10ED40009DF816301370039A9DF8143013701C9BB5
:10ED500028461C7013B0BDE8F08F9DF81730BDF841
:10ED600018200444062BE4B205D1CDE90799D2B2AC
:10ED7000ADF8242070E7072B02D1CDE90788F6E72C
:10ED8000052B43D14FF0000CD2B26146012303FAA8
:10ED90000CFA0CEA030B12AB03EB410E12EA0A0F5A
:10EDA0003EF82C3C0FFA8AF01DD0BBF1000F0ED1BB
:10EDB00043F0FF032EF82C3CBDF824301843ADF887
:10EDC00024000CF1010CBCF1080FDFD144E763F023
:10EDD000FF032EF82C3CBDF8243018430131ADF868
:10EDE0002400C9B2EDE7C043BBF1000F07D123F007
:10EDF000FF032EF82C3CBDF824301840DFE7DBB2CF
:10EE00002EF82C3CBDF824301840E7E712A901EB9E
:10EE1000430323F82C2C1FE7062334E7A4ED00104E
:10EE2000A0ED001038B505464068FFF7FFFB0D2246
:10EE300000284FF0080195F9000014BF07240624AC
:10EE4000FBF7BDFF08B904F0050495F9000007229F
:10EE50000521FBF7B4FF012803D095F900300D2BF5
:10EE600001DD04F0FD0495F9010003220021FBF708
:10EE7000A6FF08B904F0FB04204638BD4FF0FF3070
:10EE800070474FF0FF3070474FF0FF307047000081
:10EE90000E4B5B6810B50C462BB90D4B1A68537BB3
:10EEA00034B1013B05E0984740B20028F5D010BDD1
:10EEB00001335373537BC3EBC30203EBC203DBB2D7
:10EEC0001D2B34BF04200020F1E700BFA8ED001087
:10EED000A0ED00102DE9F0470026A4B0484D8DF8B4
:10EEE0000E6004460F4691463146442213A89846C8
:10EEF0008DF80F601296D8F709FF31462868DFF8C1
:10EF000008A10422FBF77DFF064648B9DAF8001095
:10EF10002868042201F55871FBF791FF2B681E73D6
:10EF200094F908302A68DAF80010032B04DD107A0F
:10EF300010B9B1F868031081CDE90521314A607A32
:10EF4000126807924822ADF8202000220992226818
:10EF50000A9262680B92A27A8DF810008DF8302028
:10EF6000D4E9030101228DF8312004AA11920DAADF
:10EF700082E80300227DE18A8DF8113018468DF871
:10EF80003C20FFF733FB0DF10F0310900093CDF8F9
:10EF900004900DF10E0312AA41460AA8FCF729F9C4
:10EFA000064680B9637A93B19DF80E100139D6F701
:10EFB000D5FD24AB184410F8483C3B7039782868DC
:10EFC0004822FBF705FF304624B0BDE8F08794F9EE
:10EFD0000830286853B1007A3246D3B240FA03F1C0
:10EFE000C90702F10102F8D54033E6E73A4600F1DD
:10EFF0000C01FBF769FE0328E0D10646E3E700BFFA
:10F00000A0ED00109CED0010A4ED0010034B03EBED
:10F010008101885620EAE070C0B270478C03050079
:10F0200010B586B00B4B01938368029340F617032B
:10F03000ADF80C3002238DF80E304368049303883A
:10F04000ADF8143001A80C46FCF74EF808232370E5
:10F0500006B010BDA003050003C8024B83E80300FF
:10F06000704700BFA8ED00102DE9F043CBB0064675
:10F07000DDF84891174698460D4689B3B9F1000F5F
:10F080002ED004A809F060FF164B1968002401F186
:10F09000140304EB04101A5C424513D115300144EB
:10F0A00004A809F061FFA6B93A46294604A809F068
:10F0B00060FF684604A909F0C3FF009BC9F800304F
:10F0C000002003E00134172CE3D103204BB0BDE84E
:10F0D000F083102231460DEB020009F04AFFE3E70E
:10F0E0000220F3E7B0ED001070B5E8B04FF4D07235
:10F0F000002104466846D8F709FE454A02F110018E
:10F100000DF115000B4652F8045B40F8045B8A428F
:10F11000F9D101228DF825203D4A0DF1260152F842
:10F12000040B41F8040B9A42F9D102228DF83620E3
:10F1300003228DF8472004228DF85820344A0DF11F
:10F14000590152F8040B41F8040B9A42F9D10522F7
:10F150008DF869202E4A0DF16A0152F8040B41F82E
:10F16000040B9A42F9D106228DF87A20284A0DF133
:10F170007B0152F8040B41F8040B9A42F9D10722A3
:10F180008DF88B20224A23AE10685168354603C59E
:10F1900008329A422E46F7D108238DF89C307F23FF
:10F1A0008DF8AD3080238DF8BE3081238DF8CF30BF
:10F1B00082238DF8E03083238DF8F13084238DF89D
:10F1C000023185238DF8133186238DF8243187236E
:10F1D0008DF8353188238DF8463189238DF85731E4
:10F1E0008A238DF868318B238DF879318C238DF843
:10F1F0008A3154B1074B20464FF4D07269461C60E7
:10F20000D6F7B9FC002068B070BD0220FBE700BF54
:10F21000C0030500B0ED00107E2B01D8FFF724BF1E
:10F220000320704730B5144685B078B1002503AA95
:10F2300000920A46014628460395FFF715FF18B9C4
:10F240000398001B18BF012005B030BD0220FBE76A
:10F250002DE9F0410D46BEB016469846074668B304
:10F2600063B311F00F042BD1F02201A82146D6F789
:10F2700096FC144B186800F1140204EB0413D15CE3
:10F28000B1420BD1153301AA10211844F3F772FDD6
:10F290002C462E1BF6B244B9204603E00134172C4D
:10F2A000EBD103203EB0BDE8F08101AA08EB0601D6
:10F2B000B819103CF3F7D8FDA4B2EAE70220F1E751
:10F2C0000520EFE7B0ED0010F0B51E4D2E680346A7
:10F2D00085B00846002206F1140402EB0217110162
:10F2E000E75D9F4229D183F08004092C9EBF40F244
:10F2F0004923E340DB430A4494BF03F001030123A5
:10F3000002F1150493B9CDE90033CDE902337F2230
:10F3100010216B46FFF79CFF0646286810226946BD
:10F320002044D6F728FC304605B0F0BD0146102237
:10F330003019D6F720FC0026F5E70132172ACCD188
:10F340000326F0E7B0ED001009B1FFF7BDBF0220C2
:10F3500070471FB51446A0B100237F2ACDE90033C2
:10F36000CDE9023301D108290DD10A466B4610219F
:10F37000FFF76EFF18B969462046FFF7A5FF04B0F6
:10F3800010BD0220FBE70320F9E72DE9F04F91B013
:10F3900081469DF868401B9E8A4617469846002B7A
:10F3A00073D0002E71D01C9B002B6ED0212C6FD8F7
:10F3B000A5B2FF282A46414630460CBF4FF0010B4C
:10F3C0004FF0030BD6F7D7FB691E5A46731C89B260
:10F3D00008F10100FFF73CFF834600285BD196F857
:10F3E0000B801C9B4FEAD81883F80080331913F860
:10F3F000024C13F8031C13F8042C13F8013C2404EA
:10F4000044EA0124144344EA0364B8F1000F0FD125
:10F41000291F0123224689B23046FFF703FFB0F1CE
:10F42000000818BF4FF00108404611B0BDE8F08F4A
:10F43000CDE901000390082251460DF105008DF839
:10F440000490D6F7A2FB8DF80D70292259463F0A89
:10F4500005A88DF80E70CDF810B0D8F757FC0C2227
:10F4600001A904A8D6F787FB2A4631460DF11B00F7
:10F47000D6F781FB02232246E91D04A8FFF7D2FE3E
:10F48000002808BF4FF00008CEE74FF00208CBE796
:10F490004FF00508C8E74FF00708C5E708B5014673
:10F4A00030B1044B08221868D6F765FB002008BD70
:10F4B0000220FCE7B0ED0010014B1868704700BF58
:10F4C000B0ED001008B5014638B1054B18680822A8
:10F4D0001044D6F750FB002008BD0220FCE700BF17
:10F4E000B0ED0010014B186808307047B0ED001007
:10F4F00008B5014638B1054B186804221030D6F71C
:10F500003AFB002008BD0220FCE700BFB0ED001070
:10F51000014B186810307047B0ED001001207047A3
:10F52000034B1B6813B15B6803B11847704700BFFA
:10F53000B8ED0010034B1B6813B1DB6803B118472B
:10F54000704700BFB8ED0010014B01221A707047E0
:10F55000B4ED0010002000F071BD000008B5D6F732
:10F5600069F90438C0B2032896BF024B0020185C2A
:10F5700008BD00BF0804050000F00EBF80B2D6F73A
:10F5800061BA80B2D6F720BA38B50C46002340F2F3
:10F5900001211A460546084600F0BAFE00F030FF89
:10F5A0000C4B01280C480CBF83F8C74083F8C040BF
:10F5B00000F0B6FF21462846002200F083FD074BED
:10F5C0000748196801F012FBBDE83840044801F013
:10F5D0006DBA00BFF0810210A8820210C4ED0010C5
:10F5E000D881021008B54FF0040000F009FDBDE815
:10F5F0000840022001F090B800F0D3BD80B2D6F7E9
:10F60000EFB980B2D6F7B4B908B54FF4C071002392
:10F610001A46084600F07CFEBDE8084000F0DBBD5D
:10F6200038B50D46144600F0B7FE2846D6F770FAF6
:10F6300000F0DCFD4FF47A710448614301F0D6FA22
:10F64000BDE83840014801F031BA00BFD88102104E
:10F6500008B500F0D0FF00B208BD08B5D6F7E5F850
:10F66000033008BD10B590B10A4B012219461C6841
:10F67000A04206D39C68A04203D201EBC2021079DB
:10F6800010BD0132162A03F10803F0D1FEE71F2056
:10F69000F6E700BF0C040500F0B5BDF814609DF856
:10F6A00018C09DF81C409DF8205040B1012819D089
:10F6B000012200231344581EB0FBF2F0F0BDBCF150
:10F6C000000F0CBF08230023002D03EBC60314BF5B
:10F6D000022500251833254403EBC5054FF47A7342
:10F6E0006B43E7E7501F012803F1040302D80C2EF7
:10F6F00038BF0C26002938D1A2F10B07012F8CBF8F
:10F7000000270127002D14BF1025002505EBC40597
:10F71000BCF1000FA5EB820514BF00241424062AB7
:10F720002C444FEA8200A2F1020502D9083407B145
:10F73000A800002CACBF0419041C062A104A515C16
:10F7400004F1FF3494FBF0F403FB04638CBF0C332F
:10F750000E330A2912D89B0001334FF47A72AB4062
:10F760005343084A52F82120A4E7012904D1A2F109
:10F770000C0047424741C5E70027C3E7FFDE00BF53
:10F78000D1030500DC0305000128094806D1094B17
:10F7900080F8C7101970B83000F0C2BE90F8BF30C2
:10F7A000012B04D1034B80F8C0101970F3E77047A8
:10F7B000F0810210DC48001000234FF6FF7110B5F5
:10F7C0001A460446084600F0A3FD34B10948214614
:10F7D00001F00CFA074801F069F9074B1B782BB1CF
:10F7E0006FF07F40BDE8104000F075BC034B186817
:10F7F0008001F7E7E4830210BEED0010C0ED0010B9
:10F8000000234FF6FF7110B51A460446084600F073
:10F810007FFD34B10948214601F0E8F9074801F0BD
:10F8200045F9074B1B782BB16FF07F40BDE81040C6
:10F8300000F09EBC034B18688001F7E7E4830210D8
:10F84000BEED0010C0ED00107FB5574D02A8D5F7F2
:10F8500007FC2C78002302A82B70D5F703FC002CA2
:10F8600061D000F06AFD044600F04AFF03A8D5F716
:10F87000F7FBD6F753F9012808BF287003A8D5F77E
:10F88000F1FBE5070BD5494801F084F90120D5F7D4
:10F89000D7FF474B1B6813B11B6803B19847A007FC
:10F8A00011D54448424E01F075F914F0400F424B17
:10F8B0003BD01B7813B90120D5F7C2FF336813B1D1
:10F8C0001B6903B1984721060AD50120D5F7B8FF77
:10F8D000374B1B6823B19B6913B1C4F300209847D1
:10F8E000A2050FD5D5F7A6FF04284CD12F4801F06B
:10F8F00051F90120D5F7A4FF2D4B1B6813B15B68AC
:10F9000003B19847A3060ED52A4801F043F92A4BC4
:10F910001B7813B90120D5F793FF254B1B6813B152
:10F92000DB6803B1984704B070BD1D7895B901201C
:10F93000D5F786FF294640F60210D6F745F840F67F
:10F940004410D6F77FF840F00200C1B240F64410F0
:10F95000D6F73AF8194D1A48FF220DF1070100F0C9
:10F9600079FE284600F090FE3368002BABD09E68ED
:10F97000002EA8D095F90D3095F90C209DF80710B0
:10F980000F48B0479FE7D5F755FF0528BAD109487A
:10F9900001F000F90120D5F753FF054B1B68002B40
:10F9A000B0D0DB68ACE700BFB4ED0010D881021026
:10F9B000B8ED0010E4830210BEED0010FC830210CD
:10F9C000E48202100D4B10B504461870587000F018
:10F9D00017F85CB134214FF4E860D5F7F5FF442106
:10F9E000BDE8104040F24170D5F7EEBF14214FF44E
:10F9F000E860D5F7E9FF2421F2E700BFBCED001075
:10FA000008B5012000F0ECFC054B18785A788242CA
:10FA100004D05870BDE80840FFF7D4BF08BD00BF50
:10FA2000BCED0010012808B506D0002000F0D8FC7D
:10FA3000034B00225A7008BDBDE80840FFF7E0BF45
:10FA4000BCED00102DE9F04F85B089469DF85C10A3
:10FA50009DF844A06C4CBDF840702170002918BF7F
:10FA600000276A49BDF83CB09DF84C80BAF1000F00
:10FA700015469DF8482008BFFF220A70064620B1AF
:10FA8000012855D005B0BDE8F08F614C00F0B9FBFE
:10FA90000B234FEA4900C4F8E45084F8EC3084F8B2
:10FAA000E060FFF7DFFD594984F8ED0041F60403FB
:10FAB000B8F1000FA4F8BC300B7884F8C03014BF44
:10FAC000F223012384F8C1304FEACB0B01238AF0E3
:10FAD000010A84F8C23084F8B860A4F8BAB084F897
:10FAE000BE6084F8BFA0FFF735FD94F8E000003851
:10FAF00018BF0120FFF796FF04F1E00000F0C4FCFE
:10FB000004F1B80000F00CFD424A1068516802ABE5
:10FB100003C302A800F02AFA40F2FF1000F054FAE2
:10FB20003D4B4FF4FA525743B7FBF5F51D60A9E77B
:10FB30000020019300F065FB3848354C10F80900AF
:10FB4000019B324A84F8E060E9B284F8F01084F84E
:10FB5000F10084F8F230B9F1000F42D10B3D012DD4
:10FB60008CBF0025012501230539994284F8F35003
:10FB700084F8B8303FD8BBF10B0F3CD80C23A4F865
:10FB8000C430137884F8C7309DF8583084F8C930F1
:10FB900084F8C6A084F8C880FFF7DCFC94F8E00085
:10FBA000003818BF0120FFF73DFF1D4800F06CFC36
:10FBB0001C4800F0B5FCF8B200F02FFB94F8C930F7
:10FBC000012B40F2367019D1D5F73CFF00F0FB0154
:10FBD00040F23670D5F7F8FE0F4B4FF6FF721A6001
:10FBE00050E7B9F1010F04D1A5F10C035D425D416D
:10FBF000B9E70025B7E7A4F8C4B0C2E7D5F722FFFC
:10FC000040F00400C1B2E3E7BEED0010DC48001094
:10FC1000F08102106CA00400C0ED0010D1030500BB
:10FC2000D0820210A88202102DE9F74F0C9DBDF87A
:10FC300038809DF83C909DF840A00F4693460646BC
:10FC400048B101284ED040F68900D5F7FBFE40F0C0
:10FC50000400C1B28FE0544C0B2284F8E00058003D
:10FC600084F8EC20C4F8E450FFF7FCFC41F60403F0
:10FC7000BAF1000FA4F8BC3014BFF223012384F8BA
:10FC8000C1304FEAC808012389F0010984F8C23065
:10FC900084F8ED00C4F8E8B084F8B860A4F8BA803D
:10FCA00084F8BE6084F8BF90FFF754FC94F8E0003D
:10FCB000003818BF0120FFF7B5FE04F1E00000F0A6
:10FCC000E3FB04F1B80000F02BFC384A10685168DF
:10FCD0006B4603C3684600F049F940F2FF1000F09C
:10FCE00073F9B0E73249304CC95C84F8F110EAB2DC
:10FCF0009DF8341084F8E00084F8F02084F8F210C5
:10FD0000002B45D10B3D012D8CBF00250125012382
:10FD1000053A9A4284F8F35084F8B83041D8B8F1E3
:10FD20000B0F3ED80C23A4F8C430224B84F8C690A5
:10FD30001B7884F8C7309DF84C3084F8C93084F8BB
:10FD4000C8A0FFF707FC94F8E000003818BF0120B6
:10FD5000FFF768FE184800F097FB184800F0E0FB3A
:10FD600094F8F130062B7FF46EAF40F68900D5F79A
:10FD700069FE00F0FB0140F68900D5F725FE384604
:10FD8000D5F7C6FE149A0E4B1A6003B0BDE8F08F8B
:10FD9000012B04D1A5F10C035D425D41B7E70025BD
:10FDA000B5E7A4F8C480C0E7F08102106CA004009D
:10FDB000D1030500DC480010D0820210A882021096
:10FDC000C4ED00102DE9F04104468AB000200D4634
:10FDD00017461E46FFF726FE204600F0DDFA0024F7
:10FDE0004FF0010803234FF4167229462046CDE94F
:10FDF0000848CDE90644CDE90444CDE90244CDE903
:10FE000000532346FFF71EFE2046FFF7D5FC404671
:10FE100000F082FC00F0FBFE0446204600F0FEFEEF
:10FE2000B04206D30124FFF7DDFB20460AB0BDE84F
:10FE3000F08100F0E0FB00B28742EEDA0024F2E746
:10FE400008B5FFF7DDFD00231A461946184600F0F5
:10FE50005FFABDE8084000F057B930B585B001A998
:10FE60000446092240F29F20D5F7BAFD9DF80430E0
:10FE700001A80021CAB2934217D8032B20D85A1CDC
:10FE80008DF8042004A9022203FB0211200A01F8C4
:10FE90000B0C04A902FB031340F29F2003F80A4C49
:10FEA000092201A9D5F764FD0AE002464578927857
:10FEB00002EB0522944201F1010100F10200D9D1C7
:10FEC00005B030BD08B5174B1860174800F0CAF8E8
:10FED000002000F0B3F8012000F0C9F90021084625
:10FEE00000F07CFB0421002000F090FA00234FF684
:10FEF000FF711A46084600F00BFA40F6AC00FFF717
:10FF0000ACFF40F68900FFF7A8FF0849084800F059
:10FF1000C5FD0849084800F0C1FD084B00221A70D1
:10FF200008BD00BFB8ED001049F5030021F503003E
:10FF3000D881021035F50300E4830210B4ED0010FF
:10FF400008B5D5F777FC38B9D5F7A2FCD5F7E4FDAD
:10FF5000BDE80840D5F792BCD5F76CFC0628F7D170
:10FF6000F2E70A4601460020D5F778BD08B50146FC
:10FF700008224FF4D860D5F7FBFC002008BD000034
:10FF800007B5074B1B7840BAADF804002BB9022225
:10FF900001A940F2BC60D5F7EBFC03B05DF804FBAF
:10FFA000CEED001007B5074B1B7840BAADF8040042
:10FFB0002BB9022201A940F2BE60D5F7D9FC03B0EB
:10FFC0005DF804FBCEED001010B50C4B1B78044619
:10FFD0009BB94FF4D760D5F735FDC4F3002100F08D
:10FFE000FE0001434FF4D760D5F7EEFCE1B240F2DA
:10FFF000B960BDE81040D5F7E7BC10BDCEED0010EC
:020000024000BC
:1000000013B50446D5F789FD04F0070314F0040482
:100010008DF8073008BF084B4FF001020DF10701C2
:100020004FF0840008BF1C70D5F750FC0020D5F7B6
:1000300007FC02B010BD00BFCCED001007B50122D7
:100040008DF807000DF107018020D5F73FFC9DF8E2
:1000500007302BB90120D5F7F3FB03B05DF804FBA3
:100060000220F8E707B50190D5F7F0FB0198D5F726
:10007000CFFBD5F70DFC0020FFF7E0FFD5F7D0FB55
:10008000D5F7D5FB044B002201201A7003B05DF8B0
:1000900004EBD5F7D5BB00BFCCED001013B504467B
:1000A0000420D5F7CDFB230C8DF804300322230A5E
:1000B00001A983208DF805308DF80640D5F706FCA0
:1000C00002B010BD10B51446FFF74BFF2046BDE847
:1000D0001040FFF7E3BF13B504460520D5F7B0FB8A
:1000E000942140F6AC00D5F76FFC230C8DF804305A
:1000F0000322230A01A982208DF805308DF80640DD
:10010000D5F7E4FB02B010BD73B5002640F6E2005F
:100110000196D5F797FC00F0FE01054640F6E20097
:10012000D5F752FC40F6E500D5F78CFC00F07F01D6
:10013000044640F6E500D5F747FC6FF07F40FFF737
:10014000CAFF04220DEB020140F61900D5F748FC66
:100150003046FFF773FF294640F6E200D5F734FC3E
:10016000214640F6E500D5F72FFC019802B070BD9E
:1001700013B504460520D5F763FB962140F6AC0085
:10018000D5F722FC230C8DF804300322230A01A9A1
:1001900082208DF805308DF80640D5F797FB02B028
:1001A00010BD07B5030C8DF80030030A8DF801303F
:1001B0000B0C49BA8DF80200ADF80410062269460E
:1001C00094208DF80330D5F781FB0620D5F738FB56
:1001D00003B05DF804FB08B50022C5201146D5F731
:1001E00075FBBDE808400720D5F72ABB08B50022FB
:1001F000D1201146D5F76AFBBDE808400420D5F7A9
:100200001FBB07B501228DF807000DF107019F20E4
:10021000D5F75CFB03B05DF804FBF82873B5044622
:1002200028BFF82401340646640800231F2CDDB2E1
:1002300003F1010317D86B00013304FA03F3012221
:100240000DF10701A0208DF80730D5F73FFB46B12F
:1002500005EBC404E1B240F206708DF80710D5F743
:10026000B3FB02B070BD0334C4F38704DEE707B507
:1002700001228DF807000DF107019620D5F726FB26
:1002800003B05DF804FB0000134B984207B50BD98F
:100290004EF6E113ADF80430022201A99820D5F7FB
:1002A00015FB03B05DF804FB0C4B984202D94DF6E8
:1002B000D733EFE70A4B984202D94CF2C153E9E732
:1002C000084B984202D948F27513E3E7064B98426F
:1002D000E2D946F66B73DDE700E9A43580F8A93270
:1002E0008044E52D000B6B1B40FC541907B58DF8BD
:1002F000062004228DF804008DF8051095200DEBE2
:1003000002018DF80730D5F7E1FA03B05DF804FB80
:1003100007B552BAADF8042040BA082249BAADF880
:100320000000ADF802105BBA69461046ADF8063021
:10033000D5F7CCFA03B05DF804FB07B5022201A99A
:100340001220D5F7EBFA9DF804009DF8053043EA3A
:10035000002003B05DF804FB07B501228DF807000B
:100360000DF107019D20D5F7B1FA03B05DF804FB4C
:1003700007B50B0C042200F0070049BA8DF8040001
:10038000ADF8061097200DEB02018DF80530D5F77A
:100390009DFA03B05DF804FB37B5104D2B78044689
:1003A0001BB9FFF771FF01232B7043F6095241F689
:1003B0008463B4FBF2F102FB114403EB8433B3FB1F
:1003C000F2F3042203EB81331BBA0DEB020186200A
:1003D0000193D5F77BFA03B030BD00BFCCED001020
:1003E00007B5064B8DF80700187001220DF10701C3
:1003F0008A20D5F76BFA03B05DF804FBCEED001050
:10040000014B1878704700BFCEED001037B5044699
:100410000D46D5F780FB012803461BD10F2C024661
:100420004FF000010CBF06200420FFF75FFF6FF0C4
:1004300010008442B8BF04460E2CA8BF0E2402222E
:1004400001A98E208DF804408DF80550D5F73EFAAD
:1004500003B030BD40F6D800D5F7F4FA40F01E00E6
:10046000C1B240F6D800D5F7AFFA0420012300222C
:100470000721FFF73BFF6FF008008442B8BF044636
:10048000162CA8BF1624DAE713B5224A0446516891
:1004900010686B4603C3204B20781B78834201D041
:1004A000FFF79EFF23781BB1012B2ED002B010BDA9
:1004B00062681A4BB3FBF2F31A0C8DF800201A0A8B
:1004C0008DF801208DF80230A268237B8DF803306F
:1004D00043F60951637BB2FBF1F08DF8043001FB68
:1004E000102241F6846303EB8233B3FBF1F303EB99
:1004F00080331A0C5BBA8DF80520ADF8063008225F
:1005000069468B20D5F7E2F9D0E7236900930422EE
:10051000F6E700BF74A00400CEED00100000093D16
:100520001FB52B4A044651681068127A01AB03C309
:100530001A70284B20781B78834201D0FFF750FFB8
:1005400023781BB1012B31D004B010BD637AF12B9D
:1005500020D14FF6FF70FFF713FD48F20500FFF7BB
:1005600021FD02236288A188ADF8061052BAE18805
:10057000ADF804208DF80B30227AA37A8DF80A208A
:10058000ADF808108DF80C30092201A98C20D5F7A0
:100590009DF9D9E7F22BE5D141F60F50FFF7F0FCBA
:1005A00041F22100FFF7FEFC0623DBE7A3890A4A9C
:1005B0005BBAADF80430A37B13708DF80630E37B93
:1005C0008DF80730238AADF808300622DDE700BF3A
:1005D0007CA00400CEED0010CDED001007B5022286
:1005E0008DF804008DF805108F2001A9D5F76EF95C
:1005F00003B05DF804FB07B5012201A91520D5F76A
:100600008DF99DF804004042401003B05DF804FBF2
:1006100037B504460D46022201A91320D5F77EF90D
:100620000A4B1B78012B0DD1094B1B78012B09D1EB
:1006300040F20270D5F706FA20709DF805302B7055
:1006400003B030BD9DF804302370F6E7CEED001006
:10065000CDED0010F7B50D46064600240DF107015B
:10066000284617468DF80740FFF7D2FF2A78BA428E
:1006700007D89DF807003146D5F71AFA204603B08F
:10068000F0BD0120FBE7000013B50322044601A9D9
:100690001420D5F743F9184B1A7822704AB1012A71
:1006A00017D0142200212046D7F730FB0F232370E8
:1006B0000DE09DF8043023719DF80530A2605B4287
:1006C0005B10A3719DF806305B425B10637102B052
:1006D00010BD9DF804305B425B1023739DF905301B
:1006E00002339B1063739DF806305B425B10A3736B
:1006F000024B1B682361EAE7CEED0010C8ED001045
:1007000007B5022240BAADF8040001A91046D5F79A
:10071000DDF803B05DF804FBD4F7D6BC10B49DF847
:10072000044001945DF8044BD4F7D0BCD4F7FBBC73
:10073000D4F717BDD4F721BD094901FB00F310B56B
:100740009B0D00223D2423B93C2888BF013210466E
:1007500010BD04FB13001A4401FB00F39B0DF2E7EC
:10076000970C010070B544F2444505FB00F31B0DE6
:1007700000243C2633B93B2884BF01343C38106048
:100780000C6070BD06FB13001C4405FB00F31B0D41
:10079000F0E782B082B00DF1080C0CE90600009A77
:1007A000BDF8101003931344BDF804200A4491B21D
:1007B00012B2B2F57A7FA2BFA1F57A72013312B2FA
:1007C0000360828002B002B0704782B082B00DF147
:1007D000080C0CE90600009ABDF810100393D31A18
:1007E000BDF80420521A91B212B2002ABEBF01F520
:1007F0007A7203F1FF3312B20360828002B002B05A
:1008000070471FB56B4683E80300002303A80293DB
:10081000ADF80C30D4F712FD009BBDF80410029027
:10082000181ABDF80C30C91A8BB209B20029BEBF24
:1008300003F57A7100F1FF3009B2D4F714FD05B069
:100840005DF804FB1FB50446002303A80293ADF82E
:100850000C30D4F7F3FC01A902906846D4F70CFDE4
:10086000029B009ABDF80C101A44019B0B4499B2EC
:100870001BB2B3F57A7FA2BFA1F57A7301321BB226
:1008800020462260A38004B010BD37B50023044683
:1008900001A80093ADF80430D4F7D0FC6D46009069
:1008A00095E8030084E80300204603B030BD1FB57F
:1008B0006B4683E8030002A803A9D4F7DDFC029885
:1008C000009ABDF80430121A03981B1A98B21BB292
:1008D000002BBEBF00F57A7003B202F1FF324FF475
:1008E0007A7000FB023005B05DF804FB73B54FF47D
:1008F0007A720546B1FBF2F4684602FB141601A9B0
:1009000000940196D4F7B8FC009B1C44019B33442F
:100910009AB21BB2B3F57A7FA2BFA2F57A73013403
:100920001BB228462C60AB8002B070BDF0B5444BC2
:1009300004460E460FCB89B008AD05E90F004148CB
:10094000414A2044430C03EB90430027002B55D130
:100950003E4B3F4D984284BFA0F5A830A0F5C07033
:1009600003AA01A988BF0137FFF7FCFE9DF80C30F0
:100970003360019803AA02A9FFF7F4FE9DF80C303A
:1009800073609DF80830B36045F6DE0305FB07355C
:100990006D0E40F2B5546C430334A7EB940415F08C
:1009A0000307F46141D13B2C2FD86000FFF7C4FE50
:1009B00005EB85020134274B3061033204EBA202C0
:1009C00002FB03335B0DC3EBC303D31AB36108AB64
:1009D00003EB8707420057F8103CD34003F00303B2
:1009E0001C443D2358430130A4EB600444354FF0D0
:1009F000FF33F4607561336209B0F0BD02FB130090
:100A00001F44430C03EB9043A0E7D42C06D8A4F179
:100A10003C004000FFF790FE0230C9E7A4F1D5008A
:100A20004000FFF789FE0730C2E73A2CBDD9D32C2E
:100A300002D8A4F13B00ECE7A4F1D400F0E700BF3A
:100A400088A0040080B8C303805101007F510100D9
:100A5000DB6601004992040070B50446D4F7C4FB7C
:100A60000123637226680546D4F7DEFB28448642DC
:100A700003D2D4F7D9FB284420602068BDE8704039
:100A8000D4F7CCBB044B1A680AB100215172426101
:100A90001860FFF7E1BF00BFD0ED00100023C0E9F0
:100AA0000033C0E9031303814361704737B504463F
:100AB00001A8D4F7D5FA6CB1174D29680A4672B966
:100AC000636823600123238169B9D4F773FB20464F
:100AD000FFF7D8FF01A8D4F7C5FA03B030BD9442A0
:100AE000F8D05269EBE7D4F79FFB236818442B68D2
:100AF00020601A689042EAD35A69596911B95C6159
:100B00006161E7E71168884202D913465269F4E748
:100B10005C616261DEE700BFD0ED001070B5D4F714
:100B20005DFB1B4C0546D4F745FB22689AB1461B7A
:100B30001146496929B953692360D368117243B9D1
:100B4000FEE70B68B34286BF5B191B1A00230B60DC
:100B5000EFE710699847002623682BB9206880B911
:100B600070BD18699047F7E71D68D4F75DFB8542B3
:100B7000F4D223685A692260DA681E72002AF0D122
:100B8000FEE7437A002BEBD1BDE87040FFF764BF6E
:100B9000D0ED001037B5144D044601A8D4F760FA23
:100BA0002B6803B124B901A8D4F75CFA03B030BDB7
:100BB0000022A34222720DD1597A5C6941B15A7266
:100BC00024B120462C60FFF747FFECE7D4F712FB77
:100BD0002C60E8E71A465B69002BE4D09C42F9D10F
:100BE00063695361DFE700BFD0ED001038B50546FB
:100BF0000846D4F7FBFA04462846FFF7CBFFD4F7A4
:100C0000F3FAA04238BF2046C5E9000038BD08B558
:100C1000D4F706FBBDE80840D4F7EABA38B5044675
:100C200050B1D4F7FDFA05462046D4F7DFFA281A6A
:100C3000BDE83840D4F7DCBA38BDD4F727BB000094
:100C400003280B4A0B4B0DD006D8022806D00121F1
:100C5000117003225A707047042806D002211170C7
:100C60005970704710700122F4E710700022F1E70C
:100C7000DD480010DBED0010014B1878704700BF15
:100C8000DD48001002280449044B0BBF0870002205
:100C900001220A70DA707047EDED0010D4ED0010FB
:100CA000014B1878704700BFEDED001038B5234DAB
:100CB000234C286805F010FC0A20E6F731FD237864
:100CC000012B06D1002323701E4B1F201968E4F767
:100CD000EFFF6378012B06D100236370194B2020AE
:100CE0001968E4F7E5FFA378012B06D10023A37070
:100CF000144B21201968E4F7DBFFE378012B06D1C0
:100D00000023E3700F4B0D201968E4F7D1FF23791E
:100D1000012B06D1002323710A4B0C201968E4F73C
:100D2000C7FF286805F0F0FB074B4FF48022C3F89B
:100D30008020BFF34F8FBFF36F8F38BDE0ED001001
:100D4000E8ED001014E7040000E100E030B5194DB3
:100D500085B0002202A9286805F004FC02992868E1
:100D600005F01AFC029BDB071DD5134C2868009484
:100D7000002201231146039303AB05F01DFC6368B9
:100D800001930E4B0E4A0F49009300209B23F2F76C
:100D9000F5FB236801930C4B0093094A09499D23F5
:100DA0000020F2F7EBFBFFF781FF084B01221A70DE
:100DB00005B030BDE0ED001010840210B005050054
:100DC00028050500F4A20400C0050500EEED0010A2
:100DD0001F28F8B504460D460ED005D80C286CD057
:100DE0000D2866D00320F8BD20285ED02128F9D137
:100DF000344B01229A7002E0324B01221A70324BBE
:100E0000324E1A786FF302021A7019682046E4F71E
:100E10004FFF3146002005F089FA00221146306864
:100E200005F026FC2A4B1878FFF72CFF294930687B
:100E30000722002701238A700B704F700F714F71CA
:100E40008B7105F0C9FA244B0C3C1878FFF7F8FEBB
:100E5000152C224B98BF224A1F7098BF125D306834
:100E600088BFFF2200279A7001241C4ADF70394690
:100E70001C7105F0E5FA1B4B4FF480221A602146E5
:100E80003068194C05F05AFB306805F009FB3068F2
:100E9000277005F0DBFB2378002BFCD0134B1B687D
:100EA0002B80FFF703FF00209DE7064B01225A70BD
:100EB000A5E7044B0122DA70A1E7024B01221A7167
:100EC0009DE700BFE8ED0010E4ED0010E0ED00103C
:100ED000EDED0010D4ED0010DD480010DBED00104A
:100EE000D005050000E100E0EEED001010840210D6
:100EF0007047704730B5930885B0024605460E48E6
:100F0000E4F76AFE044670B10C4B0093CDE9015042
:100F10000B4A0C4916230020F2F730FB6FF0060451
:100F2000204605B030BD084B0093054A05490195A0
:100F30001C23F2F723FBF3E721433412700605006C
:100F4000E6050500F4A20400A306050013B5044657
:100F500008462146D6F76EF9054B0093054A064927
:100F6000019424230020F2F709FB002002B010BDF9
:100F7000C0060500E6050500F4A204002DE9FF47C0
:100F800000EB4134DFF8689005464F0BC4F3C048CE
:100F9000C4F3453A0026B3B2BB420AD3104B0093C8
:100FA0000020104A104901953D23F2F7E7FA00208E
:100FB00013E0524641464846E4F70AFE013600284F
:100FC000E9D00A4B0093CDE90140064A06490020CA
:100FD0003723F2F7D3FA6FF0060004B0BDE8F087CC
:100FE0000F070500E6050500F4A20400DC06050075
:100FF000214334124FF4005070470000034B00228D
:101000001A70034B01221A70D8F75EBE5C370210CB
:101010005437021070B50446A4F120050120C4F134
:10102000200320FA03F300FA05F51D4300FA04F645
:1010300030462946E4F7B2FF024620B114494FF486
:10104000E070F2F7C3FA30462946E4F7CBFF0246D8
:1010500020B10F4940F2C310F2F7B8FA0D4B03EB81
:10106000C4020220517860F34611517053F83410D5
:101070002046E4F71DFE024620B1054940F2C710A4
:10108000F2F7A4FA044B002243F8242070BD00BFFD
:101090002C070500FCED00102CF10010024B53F85A
:1010A000203003B1184770472CF10010312808B5E3
:1010B00029D80129144A19D132F8303023F4706349
:1010C00023F007035B045B0C43F4E06343F003038A
:1010D00022F8303052F83010E4F7EAFD024690B1C1
:1010E000BDE8084009497B20F2F770BA0029F1D128
:1010F00032F8303023F4E05323F007035B045B0C39
:1011000043F48053E2E708BDFCED00102C07050016
:10111000312808B51CD80F4B39B1012911D113F86A
:10112000302061F3471203F8302053F83010E4F711
:10113000BFFD024660B1BDE8084007498D20F2F7C7
:1011400045BA0229F1D113F830206FF34712EAE7CC
:1011500008BD00BFFCED00102C070500312808B5C4
:1011600013D849B9E4F7BCFE024670B1074997208D
:10117000BDE80840F2F72ABA012906D1E4F7B0FE2B
:10118000024610B101499A20F2E708BD2C0705007C
:101190003128F8B504460F4615461E460DD8FFF710
:1011A00085FF012F03D131462046FFF7D7FF29469F
:1011B0002046BDE8F840FFF7ABBFF8BD312815D891
:1011C000C3080B4A00F01F0100F0070052F823206B
:1011D00080000130C240920714BF064A064A03F05D
:1011E00004039858C84000F001007047FF20704782
:1011F0004000014088000140800001407FB501208F
:1012000004A9E4F70BFF024620B11B494FF4977085
:10121000F2F7DCF9DDE90401E4F7E4FE024620B16F
:1012200015494FF49870F2F7D1F9DDE9042313431F
:101230001FD0124B12490093002040F235130E4A82
:10124000F2F79CF9DDE904010E4BC3E9000100232C
:1012500003930D4B03A91868E7F7CDFC48B1039B36
:101260003BB10A4B4FF080521A60BFF34F8FBFF370
:101270006F8F07B05DF804FB2C070500B50705006C
:10128000F4A2040090EF0010F4ED001004ED00E073
:10129000312838B505460C462AD80021FFF706FF4D
:1012A000032C144A4FEAC50314D8012C15D9134452
:1012B00059786FF34611597052F835102846E4F703
:1012C000F7FC0246A0B1BDE838400B494FF4AE70C0
:1012D000F2F77CB9043C012C04D91344597841F04D
:1012E0006001E8E713440120597860F34611E2E712
:1012F00038BD00BFFCED00102C07050031282DE99A
:10130000FF4106464FD82A4B2A4C43F8201021684B
:1013100021B903220120E7F753FB2060264C2378F4
:101320005BB9264A019202220092254925484FF4D2
:101330008062E7F7A3FE0123237000220023CDE99A
:1013400002234FF00108A6F12002C6F1200308FA9B
:1013500002F528FA03F31D4308FA06F4294620464D
:10136000CDE90245E4F71AFE29462046CDE90245BB
:10137000E4F738FECDE902452946134D2046E4F74F
:10138000EBFD2C7800278CB9104B802283F80D23BD
:101390004FF400521A60E4F765FE85F8008020469D
:1013A00004B0BDE8F0816FF00200F9E73846F7E7D6
:1013B0002CF10010F4ED0010F8ED0010F0ED00102D
:1013C000C10705006514040098EF001000E100E07B
:1013D000312801D8FFF71EBE70470000014B196885
:1013E000E4F766BC14E704001A4A52F8202010B54E
:1013F00003466AB3184901EBC001C400097911B171
:10140000BDE8104010472828FAD02B28F8D0134AFE
:1014100013481170092200F8332020444360E2F79A
:10142000B3F8D8F7D5FD98B12820FFF7F3FD2820B1
:10143000FFF7D4FF2B20FFF7EDFD2B20FFF7CEFFAA
:10144000D8F728FDE2F7A6F8BDE81040D8F764BD4C
:1014500010BD00BF2CF10010FCED00105C37021035
:101460009CEF00102DE9F74FDFF880801C4ED8F874
:1014700000001C4FDFF878B04FF0FF31E7F780FC39
:10148000194BD3E90001D3E900230546994600240E
:101490000123A3402B4203EA090A0BD00020CDE927
:1014A00000644FF487733A465946F2F767F82046CE
:1014B000FFF79AFFBAF1000F0DD004F1200A0020C7
:1014C000CDE9006A4FF48A733A465946F2F756F866
:1014D0005046FFF789FF0134322CD9D1C7E700BF4E
:1014E000CF0705002C07050090EF0010F4ED001069
:1014F000F4A204002DE9F843324FDFF8DC80002429
:10150000A4F11403012B38D90D2C01D0212C0BD1BF
:101510002D4B20461968E4F7CBFB024620B12B493E
:101520004FF4FD70F2F752F807EBC4054FEAC40917
:101530002B79002B3DD0264B1E7800212046FFF74B
:10154000B5FD032E1ED8012E1FD900212046E1F73C
:10155000E5FB6B786FF346136B7057F83410204639
:10156000E4F7A6FB024620B1184940F27910F2F7E1
:101570002DF818492046FFF7C1FE0134322CBFD1A7
:10158000BDE8F883043E012E0AD902212046E1F786
:10159000C5FB07EB09035A7842F060025A70DCE79A
:1015A00001212046E1F7BAFB6B78012262F3461372
:1015B000D2E7122CE1D1D8F800102046E4F778FBEE
:1015C000DBE700BFFCED0010E00705002C0705007D
:1015D000DE480010FD0F040014E7040038B5074D85
:1015E00000240134322C00D138BD122CF9D1D5F8A9
:1015F00090102046E4F75CFBF3E700BFFCED001021
:1016000030B54C1CE40012F00303A4B20ED1094D16
:101610002A602244084C2260084A1370084A13705A
:10162000084A1080084A1846118030BD6FF0090042
:10163000FBE700BFFCF10010F8F10010F4F100101E
:1016400004F2001000F2001002F20010F8B5144D80
:10165000144E2F462A7833789A4200D1F8BD2C7860
:10166000E1F7A4FF104A114B10681B88DFF844C053
:10167000E4B204FB03000E4BBCF800C01B6803EB94
:10168000C40253F8344091882A78D3B2944586BF77
:101690000133DBB200233B70A047E1F788FFD9E7B5
:1016A00004F20010F4F10010F8F1001000F2001044
:1016B000FCF1001002F200102DE9F743264F3B88A1
:1016C0008B4206460D46904640D301A8E1F766FFDF
:1016D000224B23481978234B00881C78E2B28442BD
:1016E00038BF0132C9B234BFD2B20022914226D0F3
:1016F0001C781A78D1B2904286BF0131C9B200215C
:10170000197001A8E1F74CFF4FF6FF739C4220D0FF
:10171000154B1B6843F8348003EBC40996B18DB1B7
:10172000124B38881B682A46314604FB0030D5F737
:1017300081FDA9F80450002003B0BDE8F0834FF606
:10174000FF74DEE70020A9F80400F5E76FF0080059
:10175000F2E76FF00600EFE700F2001004F200106D
:1017600002F20010F4F10010FCF10010F8F100108A
:10177000074B084A1B7812881846074B1B7898427B
:1017800084BF511C5B181B1A9BB2D31A98B27047C6
:1017900004F2001002F20010F4F1001010B504463B
:1017A000006808B1D5F73EFD204610BD10B50446CF
:1017B000006808B1D5F736FD0023C4E90133236082
:1017C00010BD38B504460D460068013107F00EFE25
:1017D00010B1C4E90005012038BD036810B5044606
:1017E00023B143688B4201D3012010BD2046FFF78F
:1017F000E8FF0028F9D0A368002BF5D12268137008
:10180000F2E770B50E46114604461546FFF7E5FFB0
:1018100020B92046FFF7CAFF204670BD2068A560AA
:10182000314607F035FEF7E7002313B5C0E9003372
:101830000446836041B108460191D2F761FC0199E9
:1018400002462046FFF7DDFF204602B010BDDFF75D
:10185000B3BF08B5DFF7BCFFC0B208BD014B1878B5
:10186000704700BF0CF20010014B5878704700BF62
:101870000CF20010024820220021D4F790B900BFDA
:1018800020F2001038B50B4D0B4C78B171B101232B
:1018900023700A4BE1606272286083600025258214
:1018A000FFF7E8FF6570A574A58638BD00232B609F
:1018B0002370F3E708F200100CF20010611E040020
:1018C00010B50E4C94F835306BB194F83600002109
:1018D00084F8351018B90146DCF7BAFD03E0012899
:1018E000FAD00228F8D094F8343033B1002384F8C9
:1018F0003430BDE81040D3F7D3BB10BD0CF200105C
:101900004E4B70B5196A6422B1FBF2F2D96801201E
:10191000412498720C70997ADC681D7D0E189E72B5
:101920006554997ADC68DD8A0E189E7265549C7A3B
:10193000D98ADD68090A26189E722955997ADC68C9
:101940000D189D726254997ADC680D189D72150A03
:101950006554997ADC680D18120C9D726254D9682E
:101960009A7A14189C7293F824408C549A7AD96805
:10197000B3F9264015189D728C549A7AD96893F958
:10198000274015189D728C549A7AD96893F928408B
:1019900015189D728C549A7AD96814189C7293F811
:1019A00029408C549A7AD9689C6915189D728C5478
:1019B000DC689A69997A120A0D189D7262549A7AB3
:1019C000D9685C8B15189D728C549A7AD968DC7E24
:1019D00015189D728C549A7AD96814189C7293F8D1
:1019E0002A408C549A7AD96814189C7293F82B4028
:1019F0008C549A7AD96814189C7293F82C408C54A1
:101A00009A7AD96814189C7293F82D408C549A7A5B
:101A1000D96814189C7293F82E408C549A7AD9681D
:101A200014189C7293F82F408C549A7AD968141821
:101A30009C7293F830408C54587070BD0CF20010BA
:101A400003780B2B10B506D14378044C23B9FFF76C
:101A500011FF0123237510BD0023FBE70CF20010DA
:101A60002DE9F04FAE4C23788DB0002B51D0C278C9
:101A70000AB9837C13B1238A01332382437B002B71
:101A800047D0E02A45D10025A572876897F80080E5
:101A9000B8F1220F27D8B8F1220F35D8DFE818F0B7
:101AA000C500D600DA00F900000111011801330168
:101AB0004801600173013400340034003400340004
:101AC0003400340034003400340034003400340076
:101AD0003400340034003400340034003400340066
:101AE000750184018801B8F17D0F00F07C8113D865
:101AF000B8F1420F00F06881B8F1430F00F0718136
:101B0000B8F1400F00F05A81A37A003B18BF0123BF
:101B100063700DB0BDE8F08FB8F17E0F00F08681E4
:101B2000B8F17F0FF0D1362301A88DF80430F3F718
:101B30001FFB94F80A90E6689DF808009DF809508C
:101B40009DF80A709DF80BC09DF80E209DF80F10AF
:101B50009DF80CE09DF80DB009F1010A84F80AA087
:101B600006F809806F4E94F80A903668E36809F128
:101B7000010A84F80AA096F803A003F809A094F8D3
:101B80000A90E36809F1010A84F80AA096F802A015
:101B900003F809A094F80A90E36809F1010A84F8AF
:101BA0000AA096F801A003F809A094F80A90E36847
:101BB00009F1010A84F80AA096F8008003F8098068
:101BC00094F80A80E66808F1010984F80A9006F89A
:101BD00008C094F80AC0E6680CF1010884F80A808D
:101BE00006F80C70A77AE66807F1010C84F80AC0C1
:101BF000F555A57AE6686F1CA7727055A07AE5685E
:101C0000461CA6722954A17AE0684D1CA572425464
:101C1000A27AE168501CA07201F802B0A37AE268CF
:101C2000591CA17202F803E06EE7E368012200216B
:101C3000A2721970A37AE1689818A0720620C8549D
:101C4000A37AE1689818A072CA545DE7012384F86A
:101C5000343059E7DBF776FA00F0FD03082B014634
:101C600004D1FF23ADF80430012105E001280BD198
:101C700040F2FF13ADF8043001A8DBF793FA2A4BCA
:101C8000DB6A012098473FE70228F8D140F6FF734E
:101C9000E8E77B7884F83630012384F8353033E781
:101CA00005238DF804307B78003B18BF012301A881
:101CB0008DF80830F3F7A8FB9DF80800DFF73AFF2E
:101CC00022E77878003818BF0120F4F79BFF1BE764
:101CD000164E0FCE01AD0FC50FCE0FC596E807000B
:101CE00085E807007B780A2B3FF60EAF0D4A126895
:101CF0005268002A3FF408AF0CA901EB830353F8A4
:101D00002C0C904700E77878431E012B3FF6FCAE81
:101D1000044B01381B6818BF012020729B68B1E793
:101D20000CF2001008F20010E048001098A0040027
:101D3000E26801230821A3721170627A057BA17AFF
:101D4000AA4228BF2A469342BFF4DEAE85685A1CD9
:101D5000EB5CE56801334E1CA6726B54D3B2ECE722
:101D6000E3680122A27209221A70A37AE268218A2A
:101D7000581CA072D154238AA27AE1681B0A501C15
:101D8000A0728B54C0E62582BEE6052301A88DF81B
:101D90000430F3F7C9FF304B9B6A002B3FF4B4AE1D
:101DA000059A01A99847AFE62B4B1B6B9847ABE60A
:101DB0002A4B78781B686075DB6863E77B78003BAB
:101DC00018BF0123A3749FE6E3680122A27283F87F
:101DD0000080A37AE268E18A581CA072D154E38A99
:101DE000CAE7E58290E6037B072B7FF48DAE0623DE
:101DF0008DF80430BA787B7843EA0223ADF80830D6
:101E00007B793A791B0443EA0223FA78134364226C
:101E100053430393BB798DF810300F4B01A89D6A93
:101E2000F3F782FF059A01A9A8476DE6462301A8AA
:101E30008DF804308DF80850F3F7E6FA84F8345042
:101E4000DBF75FFA012802D1034BDB6A98470020D9
:101E5000DCF791F858E600BFE048001008F20010E7
:101E600008B9DBF767B90128FBD0704770B5134C90
:101E70002378264603B303780A2B09D00E2B1BD1F7
:101E8000FFF7F8FCA37CBBB1BDE87040FFF738BD9D
:101E900043780D2B06D1237D0BB901232375F38ADB
:101EA0000133F382041D0FCC054D0FC594E80700E4
:101EB000B37C85E80700E6E770BD00BF0CF20010B8
:101EC00024F2001000487047E0480010F8B50546BD
:101ED0000C461646D2F714F92B783BB30123002E9B
:101EE00063664FF0000308BF192625601F46626E27
:101EF000B24219DAEA1814E01146013291F800C032
:101F0000BCF13A0F0CD10F705A1CA918AA5C5AB137
:101F1000626E02F1010CC4F864C044F82210E6E7D6
:101F200001338342E8DBEFD10020F8BD0220FCE75B
:101F30002DE9F04F0024ADF6B40D924683460F46CE
:101F40006822214611A8CDE90544D5F7DFFEBAF194
:101F5000010F38D13B780D2B3ED00A2B3CD017F81F
:101F60000490B9F1000F05D0B9F13D0F02D0B9F1DD
:101F7000200F36D12246394609A8D5F75BF909ABBF
:101F800000261E55013C1B5D3F2B2FD09B4B00258F
:101F9000984614226A4309A9D2580292104607F0C3
:101FA0005BFA029A954B0446002840F04781B9F14C
:101FB0003D0F1FD109A8D2F7A3F801305045029A6E
:101FC0001BD102248FE0BAF1000FC8D18C4B8D4891
:101FD0009968E1F76FF8022420460DF6B40DBDE8CC
:101FE000F08F0134202CBAD101247CE009AB1E55BE
:101FF0000126CBE7B9F1000F0BD01046D2F780F8DD
:10200000142303FB058301301A7A11A93844FFF722
:102010005DFF002E00F0B880002D40F085807A48EA
:10202000764CDFF80482DFF8F091DFF8F8A1E1F7F1
:1020300041F87648CDE90755E1F73CF8E7683B7889
:10204000CBB1267C0023F106CDE9073352D5704988
:1020500007A807F01DFAF00707D507A8D2F750F830
:1020600007AB4946184407F013FA21683B4607AA14
:102070004046E1F71FF80135732D04F11404DDD15A
:10208000644CDFF8AC81DFF8AC91DFF8ACA100263E
:10209000236813B3424649462BA8D4F72BFA276985
:1020A0003B78D3B1257D0023E906CDE907332ED552
:1020B000574907A807F0ECF9ED0707D507A8D2F7AD
:1020C0001FF807AB5449184407F0E2F9009763681A
:1020D00007AA2BA95046E0F7EDFF0136402E04F188
:1020E0001804D5D10024464B53F824104B48E0F790
:1020F000E1FF71E7720701D54949A9E7B307AAD5FE
:1021000007A8D1F7FDFF07AB51461844A1E76A07BE
:1021100001D54349CDE7AB07CED507A8D1F7F0FFEE
:1021200007AB40491844C5E70023CDE90533142324
:1021300003FB05831E7CF00619D5354905A807F079
:10214000A7F9F30707D505A8D1F7DAFF05AB3249A0
:10215000184407F09DF914235D4308EB050358F874
:102160000510DB6805AA3048E0F7A4FFBBE771075C
:1021700001D52B49E2E7B207E3D505A8D1F7C0FFA7
:1021800005AB28491844DAE7142303FB05831C7CBC
:10219000E7063FF529AF25491198D2F709F8074618
:1021A000E0B914F0060F3FF40CAF14235D4308EBC5
:1021B000050658F80510736811AA58469847044652
:1021C000002840F0DD80337C5A078CD51D078AD467
:1021D000002F88D043F00803337484E72A9B002B38
:1021E0000ADD660704D520073FF5FEAE0127DCE7D0
:1021F000E1077FF5E6AEF9E73746D6E74449001038
:1022000018490010E4070500EB07050035BE04007F
:102210005908050018840210251C050038C0040068
:10222000610805008F1F0500640805004CC004000C
:1022300070080500750805007A0805000135732D42
:102240007FF4A7AEDFF864A10025D04618236B43C6
:1022500003EB0A0253F80A3002920393002B00F0BA
:1022600089804A48042209A907F01AF9002840F099
:102270008180039B0AA9184607F0EEF8039B0446E9
:10228000002877D1B9F1000F09D01846D1F738FFEF
:10229000029B05301A7B11A93844FFF717FE18235B
:1022A0006B4308EB0307394A58F8033038492BA829
:1022B000D4F720F946B30023CDE9053398F8DC6A5A
:1022C000F00614D5334905A807F0E2F8F30707D55F
:1022D00005A8D1F715FF05AB2F49184407F0D8F82A
:1022E000182303FB058505AA2B692BA93BE771077A
:1022F00001D52A49E7E7B207E8D505A8D1F700FFDD
:1023000005AB27491844DFE73C7DE7063FF56CAE97
:1023100024491198D1F74CFF0746D8B914F0060F9D
:102320003FF462AE182303FB058511AAAB682BA905
:1023300058469847044618BB2B7D59077FF5D3AE06
:102340001A073FF5D0AE002F3FF4CDAE43F008039F
:102350002B75C8E62A9B002B0ADD660704D52407E7
:102360003FF542AE0127DDE7E0077FF52AAEF9E74A
:102370003746D7E70135402D7FF468AF0924B2E630
:102380000A2C7FF6B0AE084B5968AFE6700805001E
:102390007508050059080500251C050061080500A1
:1023A0008F1F05004CC0040018490010188402104B
:1023B00002EBD2722DE9F843064654104D1C00275B
:1023C000BC4201DCBDE8F88315F8010C95F80090DB
:1023D00007F0A6F9C0B2A0F130035FFA83F8B8F1B4
:1023E000090F84BF37385FFA80F8484607F098F93C
:1023F000C2B2A2F13003DBB2092B84BF373AD3B2A9
:1024000003EB0813F35502350137D9E7F8B50F464A
:1024100006461446D1F774FEB842054602D110F0C4
:10242000010707D001200FE0F05C06F071FF0137D3
:102430000028F7D0BBB29D42F6D834B120462A46D8
:102440003146FFF7B5FF0020F8BD2046FCE713B585
:102450000C4601AA0421FFF7D9FF40B99DF80420DA
:102460009DF8053043EA0223238002B010BD01200D
:10247000FBE713B50C4601AA0821FFF7C7FF20B9F7
:10248000019B1BBA236002B010BD0120FBE70000D6
:10249000F8B506460C46D1F733FE0A28074601D99F
:1024A0000120F8BD0A49304607F01CF8B84205463D
:1024B000F6D1304606F028FF20B9012DF0D11CB12D
:1024C0002060EEE714B120600020EAE72046E8E74C
:1024D0008A0805002DE9F04F85B003F057FB074649
:1024E00003F05EFBB0B305B0BDE8F08F214602A853
:1024F00003F062FBDDE90216184D06F0100B06F042
:1025000004025FFA86F94FF000082868CDE900124E
:1025100006F0A2FFDDE9001220B9BBF1000F0CD0DC
:1025200085F810A008F10108B8F1730F05F1140542
:10253000EBD10134BC42D9DBD5E72B7C22B19B0720
:10254000F0D085F81090EDE733421CBF09EA030391
:102550002B74E7E704464FF0100AEBE744490010FC
:102560001130C0B211289ABF014B185C012070478E
:10257000642305001FB5536E1BB10224204604B02E
:1025800010BD0DF10E000191DEF706FB0199044626
:1025900028B9BDF90E200548E0F78CFDEEE7C21C16
:1025A000EBD0831D0CBF03240124E7E7762305004D
:1025B000536E10B513B10224204610BDDEF7A8FA01
:1025C000044618B90548E0F775FDF5E7C21CF2D0DE
:1025D000831D0CBF03240124EEE700BF7E2305000A
:1025E000536E012B07B503D0022003B05DF804FB46
:1025F000106801A9FFF74CFF0028F5D10198DEF71C
:1026000065FB0028F1D0C21CEED0831D0CBF032057
:102610000120EAE7536E012B07B503D0022003B077
:102620005DF804FB106801A9FFF732FF0028F5D11F
:102630000198DEF7CBFB0028F1D0C21CEED0831D41
:102640000CBF03200120EAE730B5536E012BA1B087
:102650000D4614462AD141491068D1F7A9FD044618
:1026600018B10224204621B030BD0BA8DEF724FBB0
:102670001B9B09931A9B0893159B07939DF8433066
:1026800006930B9B0593199B0493189B03939DF84A
:10269000383002930D9B01930C9B0093179A9DF980
:1026A00050302F482946E0F705FDDBE70C2BD8D149
:1026B000106817A9FFF7ECFE0028D2D1606814A9B2
:1026C000FFF7E6FE0028CCD1A0680CA9FFF7E0FEDA
:1026D0000028C6D1E0680DA9FFF7DAFE0028C0D1B6
:1026E00020690EA9FFF7D4FE0028BAD1606918A9A5
:1026F000FFF7CEFE0028B4D1A06919A9FFF7C8FEE4
:102700000028AED1E0690BA9FFF7C2FE0028A8D1CE
:10271000206A0DF14301FFF7BBFE0028A1D1606ADA
:1027200015A9FFF7B5FE00289BD1A06A1AA9FFF7EB
:10273000AFFE002895D1E06A1BA9FFF7A9FE00288B
:102740008FD10BA8DEF782FA044600288AD0C21C7B
:1027500087D0831D0CBF0324012483E74CC00400F1
:102760008623050030B5536E012B99B00D461446F3
:1027700017D11D491068D1F71BFD044618B102247A
:10278000204619B030BD03A8DEF796FA179B0193D7
:10279000169B00932946DDE914231448E0F78AFCD0
:1027A000EEE7042BEBD1106814A9FFF771FE0028A7
:1027B000E5D1606815A9FFF76BFE0028DFD1A0689E
:1027C00016A9FFF765FE0028D9D1E06817A9FFF721
:1027D0005FFE0028D3D1DDE914239A42CFD803A8A5
:1027E000DEF766FB0446CBE74CC00400AF230500D0
:1027F00030B5536E012B99B00D46144617D11D49C3
:102800001068D1F7D5FC044618B10224204619B04F
:1028100030BD03A8DEF750FA179B0193169B009377
:102820002946DDE914231448E0F744FCEEE7042BC5
:10283000EBD1106814A9FFF72BFE0028E5D16068E2
:1028400015A9FFF725FE0028DFD1A06816A9FFF71C
:102850001FFE0028D9D1E06817A9FFF719FE00284C
:10286000D3D1DDE914239A42CFD803A8DEF7A8FB21
:102870000446CBE74CC00400AF23050010B5546EEE
:102880001CB9DEF767F9204610BD0224FBE7000003
:10289000F8B5546E012C0E4602D002242046F8BD35
:1028A000176811493846D1F783FC054640B9DFF770
:1028B000D9FC314602460D48E0F7FCFB2C46EDE71B
:1028C0000A220021384606F021FF01280546E4D8F7
:1028D000DCF7E6FC0028E1D12846DFF7C9FC041E3E
:1028E00018BF0124DAE700BF4CC00400C023050074
:1028F00070B5546E012C86B00E46154615D11F4991
:102900001068D1F755FC044618B10224204606B0E1
:1029100070BD03A8DEF7C6FC059B00933146DDE9D8
:1029200003231748E0F7C6FBF0E7032CEDD110684E
:1029300003A9FFF7ADFD0028E7D1686804A9FFF7F8
:10294000A7FD0028E1D1A86805A9FFF7A1FD00288F
:10295000DBD1049B053B112BD7D8059BB3F5803FFA
:10296000D3D203A8DEF7A8FC28B1C31CCDD0063013
:1029700018BF0124CAE70446C8E700BF4CC00400E2
:10298000C823050070B50E461446DAF7ABFC0128E3
:102990002DD1636E012B02D00224204670BD256824
:1029A00014492846D1F704FC044690B12846D1F7D3
:1029B000A7FB2B462844984213D10A22002128461F
:1029C00006F0A4FEC0B20728E6D8DAF798FD002486
:1029D000E3E7DAF792FD314602460748E0F76AFB83
:1029E000DBE713F8012B303A092AE4D9D4E70824AD
:1029F000D3E700BF4CC00400C0230500F7B50E4666
:102A00001446DAF76FFC012824D1154B1B78042BF0
:102A100022D1DAF782FD0746DAF773FD636E012BE8
:102A200005461BD120680F49D1F7C2FB0446A8B95F
:102A30000D4AB5FBF2F34FF47A7002FB13523146A4
:102A4000B2FBF0F209480092FAB2E0F733FB2046FD
:102A500003B0F0BD0824FAE70524F8E70224F6E7FE
:102A6000807500104CC0040040420F00D6230500C2
:102A700038B50D461446DAF735FC012815D10E4B52
:102A80001B78042B13D1636E012B12D120680B49E4
:102A9000D1F78EFB044660B9DAF74CFD29460246B1
:102AA0000748E0F707FB204638BD0824FBE705246C
:102AB000F9E70224F7E700BF807500104CC004005E
:102AC000C023050030B58BB00D461446DAF70AFC7A
:102AD00001281FD1124B1B78042B1DD1636E012BD3
:102AE0001CD120680F49D1F763FB0446B0B905A893
:102AF000DBF7F4F8079B0293069B0193099B009375
:102B0000BDF81420089B08482946E0F7D3FA204670
:102B10000BB030BD0824FAE70524F8E70224F6E7F5
:102B2000807500104CC00400E423050030B589B066
:102B30000D461446DAF7D6FB012819D1636E012B36
:102B400018D120680C49D1F733FB044690B90146EF
:102B50001A22009001A8D5F7D9F86846DAF7FCFCEC
:102B600006486A462946E0F7A5FA204609B030BD76
:102B70000824FAE70224F8E74CC00400F823050013
:102B800010B5546E1CB903F0CFFB204610BD0224D3
:102B9000FBE7506E002818BF02207047F0B51446BE
:102BA0008BB00D462122002101A8D5F7AFF8636E46
:102BB000012B19D120680D49D1F7FAFA044698B9CA
:102BC0000B4B01AE03F1200718685968324603C267
:102BD0000833BB421646F7D1064801AA2946E0F75A
:102BE00069FA20460BB0F0BD0224FAE74CC004009D
:102BF00000C00F00F8230500536E012B73B50D467E
:102C000023D1166812493046D1F7D2FA044660B98A
:102C1000FEF71FFE294602460E48E0F74BFA0E4823
:102C2000E0F748FA204602B070BD0DF107013046CA
:102C3000FFF72EFC044630B99DF80700012802D8A2
:102C4000FEF705FEEEE70224ECE70124EAE700BF09
:102C50004CC004000024050035BE040010B5546EBD
:102C60001CB9E0F799FC204610BD0224FBE7536E27
:102C700010B573B9DCF774F948B9DEF717FC0446F0
:102C800018B9E0F789FC204610BD063403D00124B2
:102C9000F9E70224F7E70324F5E710B5546E4CB9C1
:102CA000DEF778FD20B90120DEF77AFD204610BD61
:102CB0002046F9E70224F9E7F0B5556E012D87B0FB
:102CC0000F46144603D00225284607B0F0BD16680B
:102CD00028493046D1F76CFAC8B9122101A8DEF7AD
:102CE0001FFD04460028EFD12348244E3946E0F763
:102CF000E1F901AD15F8011B30460134E0F7DAF9CE
:102D0000122CF7D11E48E0F7D5F90025DCE733781F
:102D1000002BD8D03046D1F7F3F91228D3D812219E
:102D200001A8DEF7FDFC0028CED101AB13F8012B82
:102D3000002AC9D101301228F8D124682046D1F7E1
:102D4000DFF922460119914207D101462046DEF7FC
:102D500001FD051E18BF0125B6E712F8013BA3F1DE
:102D60003005092DEFD923F02003413B192BAAD8B8
:102D7000E9E700BF4CC00400062405000A24050052
:102D800035BE040070B5556E012D86B00E461FD1BC
:102D900010491068D1F70CFAD0B9122101A8DEF75A
:102DA000BFFC044688B931460B480C4EE0F782F967
:102DB00001AD15F8011B30460134E0F77BF9122C08
:102DC000F7D10748E0F776F90025284606B070BD30
:102DD0000225FAE74CC00400062405000A24050079
:102DE00035BE0400536E012B37B50D4614D10B4987
:102DF0001068D1F7DDF9044670B901A806F0EEF9C4
:102E00000198D1F743FB02460B4605482946E0F7F7
:102E100051F9204603B030BD0224FAE74CC004004B
:102E20000D240500536E012B37B50D4614D10B4907
:102E30001068D1F7BDF9044670B901A806F02CFA64
:102E40000198D1F723FB02460B4605482946E0F7D7
:102E500031F9204603B030BD0224FAE74CC004002B
:102E60000D24050038B5536E012B0D460FD10949CD
:102E70001068D1F79DF9044648B9074B074A1B680B
:102E8000126807482946E0F715F9204638BD0224A4
:102E9000FBE700BF4CC00400582C0010542C00105D
:102EA0001524050038B5536E012B0D460DD1084988
:102EB0001068D1F77DF9044638B9064B06481A6800
:102EC0002946E0F7F7F8204638BD0224FBE700BFAB
:102ED0004CC00400682C0010F823050038B5536E70
:102EE000012B0D460DD108491068D1F761F9044650
:102EF00038B9064B06481A682946E0F7DBF8204641
:102F000038BD0224FBE700BF4CC004006C2C00104D
:102F1000F823050030B5536E012B8BB00D4613D14D
:102F20000A491068D1F744F9044668B98DF82400BD
:102F3000202101A8DEF738FB054801AA2946E0F761
:102F4000B9F820460BB030BD0224FAE74CC00400AB
:102F5000F823050030B5536E012B8BB00D4613D10D
:102F60000A491068D1F724F9044668B98DF824009D
:102F7000202101A8DEF73CFB054801AA2946E0F71D
:102F800099F820460BB030BD0224FAE74CC004008B
:102F9000F823050038B5536E012B0D460DD10849B5
:102FA0001068D1F705F9044638B9064B06481A6887
:102FB0002946E0F77FF8204638BD0224FBE700BF32
:102FC0004CC00400502C0010F823050030B5536E9F
:102FD000012B8BB00D4613D10A491068D1F7E8F8E0
:102FE000044668B98DF82400202101A8DEF7EEFA26
:102FF000054801AA2946E0F75DF820460BB030BD30
:103000000224FAE74CC00400F823050038B5536EDB
:10301000012B0D460DD108491068D1F7C9F80446B7
:1030200038B9064B06481A682946E0F743F82046A7
:1030300038BD0224FBE700BF4CC004005C2C00102C
:10304000F8230500F0B5556E012D85B00F461446E6
:1030500003D00225284605B0F0BD16682149304648
:10306000D1F7A6F8C8B910216846DEF71DFB044663
:103070000028EFD11C481D4E3946E0F71BF86D467D
:1030800015F8011B30460134E0F714F8102CF7D185
:103090001748E0F70FF80025DCE73378002BD8D08D
:1030A0003046D1F72DF81028D3D810216846DEF726
:1030B000FBFA0028CED124682046D1F721F8234618
:1030C0000119994207D101462046DEF7FFFA051E95
:1030D00018BF0125BEE713F8012B203A5E2AF0D96C
:1030E000B7E700BF4CC00400062405000A24050011
:1030F00035BE0400F7B5546E012C0E46174649D173
:10310000156825492846D1F753F8E8B9E8F7B0F82B
:1031100001466846EFF71EFD31462048204E214DFE
:10312000DFF7C8FF0624013C30461DF80410DFF726
:10313000C1FF2CB91C48DFF7BDFF204603B0F0BD2E
:103140002846DFF7B7FFEEE72846D0F7D9FF0C286F
:1031500020D1691E05F10B02914210D12846DFF7FC
:103160001DFC0028E9D13C682046D0F7C9FF014684
:103170002046DEF733FB041E18BF0124DDE711F8FB
:10318000013FA3F130000928E6D923F02003413B99
:10319000052BE1D90224D0E74CC004000624050029
:1031A000CBA904003C24050035BE04002DE9F04FF6
:1031B000546E012CADF5437D0F4616460FD15F4985
:1031C0001068D0F7F5FF0446002840F0B5805C4851
:1031D000DFF770FF20460DF5437DBDE8F08F002C32
:1031E00075D11068D0F78CFF10F0010740F0A48073
:1031F0003846DEF739F9DFF85C8102AE00250020A1
:10320000E0F7CEF80028FAD0012271190020DFF78C
:103210008DFF6B1CDAB256FA83F313F8013C0A2BCC
:103220003CD177556B1EF25C0D2A04BFDDB2775599
:10323000002DE3D006223146404606F031F904461F
:10324000002841D04FF40072002142A8D4F75EFD5F
:10325000DFF804B1B24642AC4FF000094D451FDC27
:1032600029B2490042A8D6F7ABF800214FF400720A
:1032700042A8D4F74BFD01A942A8D6F7DBF830B934
:10328000019A42A9DFF7BAFE2E48DFF713FF4FF489
:10329000807200213046D4F739FDAEE71546AEE71F
:1032A0009AF80020594602F0F0022046D3F722F99E
:1032B0001AF8012B601C02F00F025946D3F71AF9D5
:1032C00009F101090234C9E7DEF7ACF882E7022C04
:1032D00032D11068D0F714FF10F001057FF47AAFF7
:1032E0002846DEF7C1F801AA1749706806F086F88B
:1032F0000198D6F7D7F834682046D0F701FF42AEE0
:1033000001462046D6F75CF802A93046D6F792F877
:103310000E483946DFF7CEFE2C460D4D029BA342E8
:1033200004D80848DFF7C6FE002453E7315D28467D
:10333000DFF7C0FE0134F1E702244BE74CC0040084
:103340002024050035BE040098A7040006240500CB
:1033500018A30400292405004FAD040038B50D461C
:103360001446D9F7BFFF88B1636E012B10D12068D6
:103370000849D0F71DFF044650B9DAF7E1F82946AD
:1033800002460548DFF796FE204638BD0824FBE7D5
:103390000224F9E74CC0040076230500F7B50D467A
:1033A0001446D9F79FFF01282AD1636E012B29D13A
:1033B00020681549D0F7FCFE044618BB294613487F
:1033C000134E144FDFF776FE25466846DBF702FF03
:1033D0000E3005D01048DFF76DFE204603B0F0BD7B
:1033E000BDF80430002BF0D015B13046DFF762FE97
:1033F0009DF9062000993846DFF75CFE0135E4E7C9
:103400000824EAE70224E8E74CC00400062405008B
:103410003024050047B8040035BE040038B50D4619
:103420001446D9F75FFF88B1636E012B10D1206875
:103430000849D0F7BDFE044650B9DAF787F82946A7
:1034400002460548DFF736FE204638BD0824FBE774
:103450000224F9E74CC004007623050073B50D463D
:103460001446D9F73FFF012821D1636E012B20D1EB
:10347000266811493046D0F79BFE044648B9D9F773
:103480004EFE294602460D48DFF714FE204602B0E4
:1034900070BD0DF107013046FEF7FAFF48B99DF8FF
:1034A0000700072805D8D9F73CFE0446EEE70824B4
:1034B000ECE70224EAE700BF4CC00400C02305008B
:1034C00070B50E461446D9F70DFF01282FD1636E53
:1034D000012B02D00224204670BD256815492846DC
:1034E000D0F766FE0446A0B12846D0F709FE2B4669
:1034F0002844984215D10A220021284606F006F9F0
:103500000128E7D8C0B2D9F715FE041E18BF012460
:10351000E1E7D9F70DFE314602460748DFF7CAFD5D
:10352000D9E713F8012B303A092AE2D9D2E7082467
:10353000D1E700BF4CC00400C023050038B50D46DC
:103540001446D9F7CFFE012811D1636E012B10D19B
:1035500020680949D0F72CFE044650B9D9F7ECFD94
:10356000294602460548DFF7A5FD204638BD082458
:10357000FBE70224F9E700BF4CC00400C0230500AC
:103580002DE9F04188B00F461546D9F7ABFE01286A
:1035900077D13E4BD5F864800FCB04AEB8F1010F64
:1035A00086E80F001CD13A492868D0F701FE04468E
:1035B00068BBDAF771FB0390DAF770FB0290DAF779
:1035C0006FFB0546DAF76EFBDDE90232CDE900500C
:1035D00039463048DFF76EFD204608B0BDE8F0817F
:1035E000B8F1040F13DD0224F6E713F8012B303A8B
:1035F000092AF8D89842F8D10137B8452ADD55F89C
:1036000027402046D0F77CFD23462044F2E70027E0
:10361000F3E755F824000A22002106F077F846F86F
:10362000240001346B6EA342F3DC002B14D1012380
:103630000493DDE90623DDE90401DAF79FFD044682
:103640000028C9D0831D1ED010F1110F0CBF0A2411
:103650000124C1E70024E5E7049AEADD012AC2D883
:10366000012B059AE5D0012ABDD8022B069AE0D09D
:10367000073AF82AB7D8042B079ADAD1FF2AD8D903
:10368000B1E70824A8E70324A6E700BFC4A004000C
:103690004CC00400AF23050070B50E461446D9F7A0
:1036A00021FE012835D1636E012B02D00224204671
:1036B00070BD256818492846D0F77AFD0446D0B178
:1036C0002846D0F71DFD2B46284498421BD10A22DC
:1036D0000021284606F01AF80128E7D80121C0B2D7
:1036E000DAF702FF04460028E1D010F1110F0CBFF9
:1036F0000A240124DBE7D9F704FE314602460748D5
:10370000DFF7D8FCD3E713F8012B303A092ADCD9CC
:10371000CCE70824CBE700BF4CC00400C023050061
:1037200038B50D461446D9F7DDFD012811D1636E79
:10373000012B10D120680949D0F73AFD044650B951
:10374000D9F7E1FD294602460548DFF7B3FC2046DC
:1037500038BD0824FBE70224F9E700BF4CC0040091
:10376000C02305002DE9F041C2B00E461446D9F73A
:10377000B9FD01282CD1636E012B2BD1206816498D
:10378000D0F716FD044628BB4FF4807202A90DF154
:103790000700DAF789FA314605469DF807200F48F9
:1037A000DFF84080DFF786FCEDB202AE2746FBB2C1
:1037B0009D4206D80A48DFF77DFC204642B0BDE8AE
:1037C000F08116F8011B4046DFF774FC0137EEE785
:1037D0000824F2E70224F0E74CC00400322405007C
:1037E00035BE040018A30400F0B587B01646D9F71B
:1037F00079FD01286DD1736E022B4FD1364B3468A1
:103800001B88ADF80C30204600238DF80E30D0F721
:1038100077FC2346204483423BD1204605F074FDCB
:10382000C0B2431EDBB2DE2B38D875688DF81000AD
:10383000082328468DF81230D0F762FCC1070446F1
:103840002CD4431EB3F5FA7F28D22F18AF4227D1CC
:10385000224F64080025A54229D100238DF813309A
:103860008DF81130009306AB13E90C001B48294674
:10387000D9F7BEFE58B110F10C0F26D0821D26D00C
:10388000C31C0BD010F1110F0CBF0A20012007B090
:10389000F0BD13F8012B303A092ABCD90220F6E713
:1038A00015F8010B05F034FD0028CFD1F6E7736859
:1038B000102233F81530ADF80C30002103A805F0C4
:1038C00025FF013507F8010BC5E70620DFE70320D8
:1038D000DDE70820DBE700BFD4A0040044F20010BD
:1038E0002DE9F043ADF2044D1446D9F7FBFC012855
:1038F00073D1636E032B04D002200DF2044DBDE89A
:10390000F08326683046D0F7FBFB334680468119AA
:1039100099424FD165682846D0F7F2FB2B460746FF
:10392000291899424CD1A5682846D0F7E9FB05EB48
:1039300000094D454AD1B8F1030FDDD8012FDBD87E
:103940000A220021304605F0E1FE00210A22054648
:10395000606805F0DBFEA76806463846D0F7D0FB66
:10396000C10784B2C8D4B4F5006FC5D8B3B2012B77
:10397000C2D86A1E92B2DE2ABED86A4621463846AE
:10398000FEF744FD0028B7D163086A4606F001013E
:10399000E8B2DBF7C9FD0028AFD010F10C0F1ED044
:1039A000821D1ED0C31CA7D010F1110F0CBF0A201E
:1039B0000120A2E713F8012B303A092AA8D99BE786
:1039C00013F8012B303A092AABD995E715F8010B0A
:1039D00005F09EFC0028ACD18EE708208DE706207C
:1039E0008BE7032089E7000070B5074E04464518B1
:1039F00014F8011B3046DFF75DFBAC42F8D1BDE89F
:103A000070400248DFF756BB18A3040035BE04001F
:103A1000F0B58BB00F461646D9F764FC012852D199
:103A2000746E012C51D1356829492846D0F7C0FB66
:103A300098B908210DEB0100D9F76AFB054648B992
:103A400039462448DFF736FB08210DEB0100FFF76C
:103A5000CBFF2C4620460BB0F0BD1F4B1B88ADF8AA
:103A60000430284600238DF80630D0F749FB102893
:103A70002BD16C1E0F3514F8010F05F049FC20B353
:103A8000AC42F8D102AD00242F46336810221B5BF4
:103A9000ADF80430002101A805F038FE0234102CE6
:103AA00005F8010BF1D108213846DAF77FFA002832
:103AB000D1D0831D05D010F1110F0CBF0A200120B9
:103AC000C9E70320C7E70820C5E70220C3E700BF16
:103AD0004CC0040006240500D7A00400F0B58BB04C
:103AE0000F461646D9F7FEFB012850D1746E012C03
:103AF0004FD1356828492846D0F75AFB88B910219C
:103B000002A8D9F707FB054640B939462348DFF735
:103B1000D1FA102102A8FFF767FF2C4620460BB010
:103B2000F0BD1F4B1B88ADF80430284600238DF8EC
:103B30000630D0F7E5FA20282BD16C1E1F3514F87B
:103B4000010F05F0E5FB20B3AC42F8D102AD002433
:103B50002F46336810221B5BADF80430002101A80A
:103B600005F0D4FD0234202C05F8010BF1D1102111
:103B70003846DAF73CFA0028D1D0831D05D010F181
:103B8000110F0CBF0A200120C9E70320C7E7082056
:103B9000C5E70220C3E700BF4CC0040006240500AF
:103BA000D7A00400F0B58BB00F461646D9F79AFBA4
:103BB000012850D1746E012C4FD135682849284610
:103BC000D0F7F6FA88B9102102A8D9F7AFFB05465D
:103BD00040B939462348DFF76DFA102102A8FFF7F4
:103BE00003FF2C4620460BB0F0BD1F4B1B88ADF8E1
:103BF0000430284600238DF80630D0F781FA2028BB
:103C00002BD16C1E1F3514F8010F05F081FB20B37A
:103C1000AC42F8D102AD00242F46336810221B5B62
:103C2000ADF80430002101A805F070FD0234202C0D
:103C300005F8010BF1D110213846DAF702FA002815
:103C4000D1D0831D05D010F1110F0CBF0A20012027
:103C5000C9E70320C7E70820C5E70220C3E700BF84
:103C60004CC0040006240500D7A00400F7B50F4699
:103C70001646D9F737FB01285BD1746E012C5AD157
:103C800035682E492846D0F793FAE0B904210DEBA8
:103C90000100D9F779FB054690B929483946DFF785
:103CA00009FA2C46274D01AE16F8011B28460134AF
:103CB000DFF700FA042CF7D12348DFF7FBF90024E3
:103CC000204603B0F0BD214B1B88ADF800302846DC
:103CD00000238DF80230D0F713FA08282BD16C1E80
:103CE000073514F8010F05F013FB20B3AC42F8D1EF
:103CF00001AD00242F46336810221B5BADF8003065
:103D00000021684605F002FD0234082C05F8010B7D
:103D1000F1D104213846DAF7B5F90028D1D0831D56
:103D200005D010F1110F0CBF0A200120C9E70320B4
:103D3000C7E70820C5E70220C3E700BF4CC0040066
:103D40000624050018A3040035BE0400D7A0040013
:103D5000F0B58BB00F461646D9F7C4FA012852D1F8
:103D6000746E012C51D1356829492846D0F720FAC4
:103D700098B908210DEB0100D9F7CEF9054648B9ED
:103D800039462448DFF796F908210DEB0100FFF7CB
:103D90002BFE2C4620460BB0F0BD1F4B1B88ADF808
:103DA0000430284600238DF80630D0F7A9F91028F2
:103DB0002BD16C1E0F3514F8010F05F0A9FA20B3B2
:103DC000AC42F8D102AD00242F46336810221B5BB1
:103DD000ADF80430002101A805F098FC0234102C45
:103DE00005F8010BF1D108213846DAF76EF9002801
:103DF000D1D0831D05D010F1110F0CBF0A20012076
:103E0000C9E70320C7E70820C5E70220C3E700BFD2
:103E10004CC0040006240500D7A0040073B50E466C
:103E20001546D9F75FFA012828D16C6E012C27D1ED
:103E300014492868D0F7BCF910BB04210DEB010030
:103E4000D9F7C5FA0546B0B931460F48DFF732F960
:103E50009DF806100D48DFF72DF99DF805100B4869
:103E6000DFF728F99DF804100848DFF723F9084820
:103E7000DFF720F92C46204602B070BD0824FAE78F
:103E80000224F8E74CC004000624050018A304002F
:103E900035BE0400F0B58BB00F461646D9F722FAAE
:103EA000012850D1746E012C4FD13568284928461D
:103EB000D0F77EF988B9102102A8D9F7AAFA0546E9
:103EC00040B939462348DFF7F5F8102102A8FFF77B
:103ED0008BFD2C4620460BB0F0BD1F4B1B88ADF868
:103EE0000430284600238DF80630D0F709F9202841
:103EF0002BD16C1E1F3514F8010F05F009FA20B301
:103F0000AC42F8D102AD00242F46336810221B5B6F
:103F1000ADF80430002101A805F0F8FB0234202C94
:103F200005F8010BF1D110213846DAF7F4F8002832
:103F3000D1D0831D05D010F1110F0CBF0A20012034
:103F4000C9E70320C7E70820C5E70220C3E700BF91
:103F50004CC0040006240500D7A00400F0B5546E40
:103F6000012C85B00E461CD117680F493846D0F792
:103F70001FF9054680B96846D9F7D0F8012808D15D
:103F800031460A48DFF796F810216846FFF72CFD06
:103F90002C46204605B0F0BD3846D0F7B1F82028B1
:103FA000F7D00224F5E700BF4CC00400062405004A
:103FB000B0B5546E00AFD4B96D46ADF5006D6A462C
:103FC0004FF400614FF47420DEF762FD4FF400619E
:103FD0004FF47620DEF786FE6A464FF400614FF418
:103FE0007620DEF7FDFDAD462046BD46B0BD02247D
:103FF000FAE7000030B599B01446D9F773F90128F3
:1040000040F08580636E043B032B02D9022019B077
:1040100030BD25683F492846D0F7CAF828B13E4947
:104020002846D0F7C5F8002855D1012360688DF8DF
:104030002C300CA9FEF71DFA0028E7D1A06811AAC0
:104040002021FEF7E3F90028E0D1E0680DAA202145
:10405000FEF7DCF90028D9D1636E1590052B8DF899
:104060005800ADF85A00D1D013DD206915A9FEF72C
:104070000FFA0028CAD165692B78302B3FD1274928
:104080002846D0F795F8002832D10A900A9B8DF87F
:104090005830636E072B0ED1A0690AA9FEF7F8F914
:1040A0000028B3D10A9B072BB0D89DF82C20012AF9
:1040B00028D1ADF85A300FAD0FCD6C460FC40FCDDF
:1040C0000FC42B6823600BAB0FCBDBF771FA40B248
:1040D000FEF746FA9BE712492846D0F769F828B15F
:1040E00010492846D0F764F800288FD102239DE7B5
:1040F0000AA9681CFEF7CCF90028C7D086E70AA9F0
:104100002846F7E7022AD6D1002BD4D07EE7082034
:104110007DE700BF39240500DFAE040042C0040083
:104120000B240500990B050013B51446D9F7DAF8EE
:1041300001280ED1636E012B08D1206801A9FEF77A
:1041400098F918B90198DBF733FB00B1022002B0EF
:1041500010BD0820FBE700002DE9F04F8FB0154699
:10416000D9F7C0F80128044660D16B6E012B5FD1EE
:1041700028683049D0F71CF80546002858D1DFF8E8
:10418000D480DFF8D490DFF8D4A001A8DBF74AFB95
:104190000E3006D02848DEF78DFF28460FB0BDE868
:1041A000F08F012C02D94046DEF784FF029B002BE2
:1041B00035D12248DFF8A8B0DEF77CFF029920480D
:1041C000DEF778FF07AF002617F8011B58460136C7
:1041D000DEF770FF102EF7D11A48DFF884B0DEF753
:1041E00069FF03AF002617F8011B58460136DEF7BA
:1041F00061FF102EF7D11348DEF75CFF0B991248D0
:10420000DEF758FF9DF930101048DEF753FF0134F8
:10421000BDF832100E48DEF74DFFE4B2B5E79DF869
:104220000430012B0CBF50464846C3E70825B4E7CD
:104230000225B2E74CC0040035BE04003B24050053
:10424000442405003C2405004A24050050240500B0
:1042500098A7040030240500412405003E240500F1
:1042600018A3040070B50E461446D9F73BF8012890
:1042700039D1636E012B02D00224204670BD25681F
:104280001B492846CFF794FF0446F0B12846CFF7E4
:1042900037FF2B46284498421FD10A220021284686
:1042A00005F034FA0128E7D801210840DAF7A9F827
:1042B00004460028E1D0821D17D0C31CDCD010F1C9
:1042C000110F0CBF0A240124D7E7D9F7D0F83146E3
:1042D00002460848DEF7EEFECFE713F8012B303A2E
:1042E000092AD8D9C8E70824C7E70324C5E700BFCF
:1042F0004CC00400762305002DE9F8430D46914695
:10430000D8F7F0FF01285CD1D9F86460012E55D1AF
:10431000D9F800702F493846CFF74AFF804620BBB6
:10432000D9F7A7F801280AD002281BD000284BD1C2
:1043300029482946DEF7BEFE4046BDE8F883D9F796
:10434000D1FD294603280BD8DFE800F00204060857
:104350002248EFE72248EDE72248EBE72248E9E769
:104360002248E7E722482946E4E72249384605F093
:1043700073F838B93146DAF76BF8044610B94FF0E4
:104380000008D9E71C49D9F8000005F065F830B9F4
:1043900001210846DAF75CF804460028EFD01749F7
:1043A000D9F8000005F058F830B901210220DAF7F9
:1043B0004FF804460028E2D0113407D04FF002082D
:1043C000BAE74FF00808B7E7B046B5E74FF00A087C
:1043D000B2E700BF4CC00400562405005D24050070
:1043E00067240500712405007B2405008524050051
:1043F0008C24050093240500DFAE0400990B050012
:1044000070B50E461446D8F76DFF01282DD1636EA6
:104410002568012B05D116492846CFF7C9FE044669
:1044200098B12846CFF76CFE2B462844834215D11D
:104430000A220021284605F069F9C0B2012812D8E5
:10444000BDE870400121D9F71DB8D9F714F83146FD
:1044500002460848DEF72EFE204670BD13F8012BF9
:10446000303A092AE2D90224F6E70824F4E700BF2B
:104470004CC004007623050070B50E461446D8F7EC
:1044800031FF012835D1636E012B02D00224204672
:1044900070BD256818492846CFF78AFE0446D0B17A
:1044A0002846CFF72DFE2B46284498421BD10A22DE
:1044B0000021284605F02AF90121C0B2DAF7CCF82C
:1044C00004460028E3D0C31CE0D010F1110F0CBF4C
:1044D0000A240124DBE7D8F7E2FF31460246074809
:1044E000DEF7E8FDD3E713F8012B303A092ADCD9CF
:1044F000CCE70824CBE700BF4CC00400C023050074
:1045000070B50E461446D8F7EDFE012843D1636E10
:10451000012B02D00224204670BD25681F49284681
:10452000CFF746FE044628B32846CFF7E9FD2B46D1
:104530002844984229D10A220021284605F0E6F8AD
:10454000431E0D2B0446E5D8D8F7B8FF4FF47A7315
:10455000B0FBF3F0A042DDD903FB04F00121DAF750
:10456000F3F904460028D6D010F1110F0CBF0A242D
:104570000124D0E7D8F7A0FF4FF47A723146B0FBA0
:10458000F2F20748DEF796FDC5E713F8012B303A43
:10459000092ACED9BEE70824BDE700BF4CC00400FD
:1045A000C023050070B50E461446D8F79BFE0128BF
:1045B00043D1636E012B02D00224204670BD2568D2
:1045C0001F492846CFF7F4FD044628B32846CFF705
:1045D00097FD2B462844984229D10A2200212846DB
:1045E00005F094F8831E0D2B0446E5D8D8F764FF38
:1045F0004FF47A73B0FBF3F0A042DDD203FB04F07A
:104600000121DAF7C0F904460028D6D010F1110FC5
:104610000CBF0A240124D0E7D8F750FF4FF47A7278
:104620003146B0FBF2F20748DEF744FDC5E713F868
:10463000012B303A092ACED9BEE70824BDE700BFD6
:104640004CC00400C023050070B50E461446D8F7D0
:1046500049FE012835D1636E012B02D00224204689
:1046600070BD256818492846CFF7A2FD0446D0B191
:104670002846CFF745FD2B46284498421BD10A22F5
:104680000021284605F042F80128E7D8012108401A
:10469000DAF798F904460028E1D010F1110F0CBFA9
:1046A0000A240124DBE7D8F70BFF3146024607480E
:1046B000DEF700FDD3E713F8012B303A092ADCD9E5
:1046C000CCE70824CBE700BF4CC0040076230500EC
:1046D00070B50E461446D8F705FE01283BD1636E2F
:1046E000012B02D00224204670BD25681B492846B4
:1046F000CFF75EFD0446E8B12846CFF701FD2B4613
:104700002844984221D10A220021284604F0FEFFC5
:10471000431E0E2BE6D84FF47A7301215843DAF783
:1047200071F904460028DED010F1110F0CBF0A24E5
:104730000124D8E7D8F7C6FE4FF47A723146B0FBB1
:10474000F2F20748DEF7B6FCCDE713F8012B303A5A
:10475000092AD6D9C6E70824C5E700BF4CC0040023
:10476000C023050070B50E461446D8F7BBFD0128DE
:104770003BD1636E012B02D00224204670BD256818
:104780001B492846CFF714FD0446E8B12846CFF769
:10479000B7FC2B462844984221D10A220021284602
:1047A00004F0B4FF831E0E2BE6D84FF47A73012178
:1047B0005843DAF756F904460028DED010F1110FFD
:1047C0000CBF0A240124D8E7D8F793FE4FF47A727D
:1047D0003146B0FBF2F20748DEF76CFCCDE713F888
:1047E000012B303A092AD6D9C6E70824C5E700BF0D
:1047F0004CC00400C023050070B50E461446D8F71F
:1048000071FD012835D1636E012B02D002242046B0
:1048100070BD256818492846CFF7CAFC0446D0B1B8
:104820002846CFF76DFC2B46284498421BD10A221C
:104830000021284604F06AFF0121C0B2DAF790F99E
:1048400004460028E3D0C31CE0D010F1110F0CBFC8
:104850000A240124DBE7D8F7B1FE314602460748B7
:10486000DEF728FCD3E713F8012B303A092ADCD90C
:10487000CCE70824CBE700BF4CC00400C0230500F0
:1048800070B50E461446D8F72DFD012834D1636E5D
:10489000012B02D00224204670BD25681749284606
:1048A000CFF786FC0446C8B12846CFF729FC2B4633
:1048B000284498421AD10A220021284604F026FFF3
:1048C0000121DAF727F904460028E4D0C31CE1D01F
:1048D00010F1110F0CBF0A240124DCE7D8F75EFEAB
:1048E000314602460648DEF7E5FBD4E713F8012B14
:1048F000303A092ADDD9CDE70824CCE74CC00400C2
:10490000C023050070B50E461446D8F7EBFC01280D
:1049100037D1636E012B02D00224204670BD25687A
:1049200019492846CFF744FC0446E0B12846CFF7A2
:10493000E7FB2B46284498421DD10A220021284635
:1049400004F0E4FEC0B20F28E6D80121DAF7B8F887
:1049500004460028E1D0C31CDED010F1110F0CBFBB
:104960000A240124D9E7D8F7C6FD31460246074894
:10497000DEF7A0FBD1E713F8012B303A092ADAD988
:10498000CAE70824C9E700BF4CC00400C0230500E3
:1049900073B50D461446D8F7A5FC012823D1636EE4
:1049A0002668012B0FD111493046CFF701FC044690
:1049B00048B9D8F713FE294602460D48DEF77AFBC0
:1049C000204602B070BD0DF107013046FDF760FDD5
:1049D00038B99DF80700022803D8D8F701FE04462D
:1049E000EEE70224ECE70824EAE700BF4CC004002D
:1049F0007623050073B50D461446D8F773FC0128DD
:104A000026D1636E2668012B0FD112493046CFF7AD
:104A1000CFFB044648B9D9F725F9294602460E4886
:104A2000DEF748FB204602B070BD0DF107013046AD
:104A3000FDF72EFD50B99DF80700012806D8D9F7DB
:104A400017F940B2FDF78CFD0446EBE70224E9E7D5
:104A50000824E7E74CC004007623050073B50D4633
:104A60001446D8F73FFC012826D1636E2668012B37
:104A70000FD112493046CFF79BFB044648B9D9F70E
:104A80006CFA294602460E48DEF714FB204602B0B7
:104A900070BD0DF107013046FDF7FAFC50B99DF8E5
:104AA0000700012806D8D9F75AFA40B2FDF758FD99
:104AB0000446EBE70224E9E70824E7E74CC00400DA
:104AC0007623050070B50D461446D8F70BFC012877
:104AD0001DD1636E2668012B0ED10E493046CFF7EB
:104AE00067FB044640B9D9F73CFA294602460A4812
:104AF000DEF7E0FA204670BD304604F005FC00B257
:104B0000D9F731FA40B2FDF72BFD0446F2E708244D
:104B1000F0E700BF4CC004007623050073B50D46D6
:104B20001446D8F7DFFB012822D1636E2668012BDB
:104B30000FD110493046CFF73BFB044648B9D9F7AF
:104B400014FA294602460C48DEF7B4FA204602B0B1
:104B500070BD01A93046FDF79BFC08B10224F5E7C2
:104B60000198D9F704FA40B2FDF7FAFC0446EDE7E4
:104B70000824EBE74CC004007623050070B5084E0E
:104B8000451E00F10F0415F8011F3046DEF792FABA
:104B9000A542F8D1BDE870400248DEF78BBA00BFED
:104BA00018A3040035BE04002DE9F041546E012C19
:104BB0000F46154603D002242046BDE8F081D2F806
:104BC000008018494046CFF7F3FA064640B9D8F7B7
:104BD00089FB394602461448DEF76CFA3446EBE7A7
:104BE0004046CFF78DFA0128E5D1DAF783FF20B1EF
:104BF0000E48DEF75FFA0324DEE728680378303BCF
:104C0000022BD8D804F080FBC0B2D8F770FB054661
:104C10000028D1D10648DEF74DFA2C46DEF7BCFC61
:104C2000CAE700BF4CC00400C0230500952405005E
:104C30008BBA040073B50D461446DAF755FF012808
:104C40002ED0636E012B2DD1266817493046CFF741
:104C5000AFFA044648B9DAF759FF29460246134825
:104C6000DEF728FA204602B070BD01A93046FDF7F4
:104C70000FFCB8B9019A0E4B13440E4A934211D857
:104C8000DAF738FF20B10C48DEF714FA0324E9E71D
:104C90000198DBF713FD40B2FDF762FC0446E1E743
:104CA0000824DFE70224DDE74CC00400C023050030
:104CB000802E0FF7809E47309524050073B50D4672
:104CC0001446DAF711FF01282CD0636E012B2BD18B
:104CD000266816493046CFF76BFA044648B9DAF72A
:104CE00025FF294602461248DEF7E4F9204602B0C5
:104CF00070BD01A93046FDF7CBFBA8B9019B053B70
:104D0000072B11D8DAF7F6FE20B10A48DEF7D2F900
:104D10000324EBE79DF80400DBF7E4FC041E18BF56
:104D20000124E3E70824E1E70224DFE74CC00400A4
:104D3000C02305009524050073B50D461446DAF727
:104D4000D3FE012828D0636E012B27D12668144991
:104D50003046CFF72DFA044648B9DAF7F0FE294677
:104D600002461048DEF7A6F9204602B070BD01A940
:104D70003046FDF78DFB88B9DAF7BCFE20B10A4852
:104D8000DEF798F90324EFE70198DBF7B9FC40B2AE
:104D9000FDF7E6FB0446E7E70824E5E70224E3E73E
:104DA0004CC00400C02305009524050073B50D46D2
:104DB0001446DAF799FE012829D0636E012B28D119
:104DC000266815493046CFF7F3F9044648B9DAF7B3
:104DD000E9FE294602461148DEF76CF9204602B08A
:104DE00070BD01A93046FDF753FB90B9DAF782FE9A
:104DF00020B10B48DEF75EF90324EFE79DF80400CD
:104E0000DBF7ACFC40B2FDF7ABFB0446E6E7082459
:104E1000E4E70224E2E700BF4CC00400C023050021
:104E20009524050073B50D461446DAF75DFE01289A
:104E30002ED0636E012B2DD1266817493046CFF74F
:104E4000B7F9044648B9DAF7B5FE294602461348D1
:104E5000DEF730F9204602B070BD01A93046FDF7FB
:104E600017FBB8B9019B4FF6FA72053B934211D874
:104E7000DAF740FE20B10A48DEF71CF90324E9E71F
:104E8000BDF80400DBF776FC041E18BF0124E1E73F
:104E90000824DFE70224DDE74CC00400C02305003E
:104EA0009524050073B50D461446DAF71DFE01285A
:104EB0002CD0636E012B2BD1266816493046CFF7D4
:104EC00077F9044648B9DAF77DFE294602461248CA
:104ED000DEF7F0F8204602B070BD01A93046FDF7BC
:104EE000D7FAA8B9019B053B112B11D8DAF702FEBE
:104EF00020B10A48DEF7DEF80324EBE79DF8040052
:104F0000DBF744FC041E18BF0124E3E70824E1E7B3
:104F10000224DFE74CC00400C023050095240500EF
:104F200030B5C1B01546DAF7DFFD012831D06B6E20
:104F3000012B0FD12C6818492046CFF739F948B119
:104F40002046CFF7DDF80446DAF745FE04F001030A
:104F5000D0B10BB1022015E0B4F5DF7FFAD8286894
:104F60006A462146FDF752FA0028F3D1DAF73FFEF0
:104F7000C4F3470102466846DBF7E6FA831D0CBF1F
:104F80000320002041B030BD002BE3D1B4F5FA7FFF
:104F9000E4E70820F6E700BF4CC0040037B514462C
:104FA000DAF7A2FD012824D0636E012B23D12568F6
:104FB00012492846CFF7FCF8044650B9DAF79AFDB3
:104FC00028B10F48DEF776F8204603B030BD0D4813
:104FD000F8E701A92846FDF75BFA60B90198B0F53A
:104FE000803F08D2DBF716FB40B2FDF7B9FA044662
:104FF000EAE70824E8E70224E6E700BF4CC0040023
:10500000D0240500DC24050073B50D461446DAF7FC
:105010006BFD01282DD0636E012B2CD1266817491A
:105020003046CFF7C5F8044648B9DAF7D4FD29462B
:1050300002461348DEF73EF8204602B070BD01A9D3
:105040003046FDF725FAB0B9019B012B13D8DAF7EA
:1050500051FD20B10B48DEF72DF80324ECE7019851
:10506000003818BF0120DAF7B8FD041E18BF01246C
:10507000E2E70824E0E70224DEE700BF4CC00400BA
:10508000C02305009524050073B50D461446DAF7D4
:105090002BFD012823D0636E012B22D126681249F3
:1050A0003046CFF785F8044648B9DAF7A0FD29461F
:1050B00002460E48DDF7FEFF204602B070BD01A992
:1050C0003046FDF7E5F960B90198012809D800F0EC
:1050D0000100DAF793FD041E18BF0124ECE7082451
:1050E000EAE70224E8E700BF4CC00400C023050043
:1050F00070B586B00E461546DAF7F6FC01283CD0AE
:105100006C6E012C21D12D681D492846CFF750F82F
:105110000146A0B9112201A8D2F7F8FD102101A87B
:10512000DAF75DFD054638B931461648DDF7C2FFAE
:1051300001A8FFF723FD2C46204606B070BD284687
:10514000CEF7DEFF2028014601D00224F4E701AAB1
:105150002846FDF75BF90028F7D1DAF7CBFC20B140
:105160000948DDF7A7FF0324E6E7102101A8DAF7D5
:1051700038FD041E18BF0124DEE70824DCE700BF69
:105180004CC00400062405009524050070B586B0C7
:105190000E461546DAF7A8FC01283CD06C6E012CAF
:1051A00021D12D681D492846CFF702F80146A0B944
:1051B000112201A8D2F7AAFD102101A8DAF713FDE8
:1051C000054638B931461648DDF774FF01A8FFF7E8
:1051D000D5FC2C46204606B070BD2846CEF790FF81
:1051E0002028014601D00224F4E701AA2846FDF751
:1051F0000DF90028F7D1DAF77DFC20B10948DDF779
:1052000059FF0324E6E7102101A8DAF7EEFC041E9B
:1052100018BF0124DEE70824DCE700BF4CC004000F
:1052200006240500952405002DE9F04F8FB00F46A8
:105230001546DAF759FC012800F0EE816B6E012B60
:1052400056D17E492868CEF7B3FF0446002872D1B4
:10525000DDF75EFB30B308A8DDF766FB394678481A
:10526000DDF728FF08997748DDF724FF9DF8241023
:105270007448DDF71FFF0A997248DDF71BFF9DF8A0
:1052800030107048DDF716FFBDF832106D48DDF7BD
:1052900011FF9DF834106C48DDF70CFF20460FB06D
:1052A000BDE8F08F39466648DDF704FFDAF72EFCDB
:1052B00001466448DDF7FEFEDAF738FC0146614836
:1052C000DDF7F8FEDAF73BFC01465E48DDF7F2FE5B
:1052D000DAF768FC01465B48DDF7ECFEDAF76AFCBA
:1052E00001465848DDF7E6FEDAF76CFC0146D2E7E6
:1052F000062B09D0072B1ED1AC6954492046CEF7A6
:1053000057FF002840F0AA80DAF700FC8346DAF75E
:105310000DFC8246DAF713FC8146DAF743FC80463F
:10532000DAF748FC0746DAF74DFC03A90646286879
:10533000FDF7AEF808B10224B0E7686804A9FDF7EC
:10534000A7F80028F7D1A86805A9FDF7A1F800285B
:10535000F1D1E86806A9FDF79BF80028EBD1286990
:1053600007A9FDF795F80028E5D1686908A9FDF7B8
:105370008FF80028DFD1039A354B1344354A934206
:10538000D9D8049B053B072BD5D8069B032BD2D835
:10539000079B4FF6FA72053B9342CCD8089B053B1E
:1053A000112BC8D8DAF7A6FB20B12B48DDF782FE17
:1053B000032473E70398DBF781F910F0FF0425D18C
:1053C0009DF81000DBF78EF910F0FF041ED1059850
:1053D000DBF796F910F0FF0418D19DF81800DBF701
:1053E000BDF910F0FF0411D1BDF81C00DBF7C2F9C4
:1053F00010F0FF040AD19DF82000DBF7C7F910F088
:10540000FF0403D12046DDF789FA47E75846DBF76A
:1054100055F95046DBF766F94846DBF771F9404627
:10542000DBF79CF93846DBF7A5F93046DBF7AEF938
:1054300060B2FDF795F8044630E700BF4CC00400A9
:10544000062405003524050017B9040042C00400F5
:10545000802E0FF7809E47309524050020466F4927
:10546000CEF7A6FE044600287FF465AFDDF750FABC
:105470000190002800F0938008A8DDF755FADDF8C8
:1054800020B09DF824A0DAF72FFB002840F081809F
:105490000A9E9DF83090BDF832809DF834702868DF
:1054A00002A9FCF7F5FF00287FF445AF686803A95F
:1054B000FCF7EEFF00287FF43EAFA86804A9FCF7D4
:1054C000E7FF00287FF437AFE86805A9FCF7E0FFA5
:1054D00000287FF430AF286906A9FCF7D9FF00281F
:1054E0007FF429AF686907A9FCF7D2FF00287FF491
:1054F00022AFDAF7FFFA00287FF457AFDAF7F4FAB1
:1055000018B9049B7D2B5DD104900298DAF700FB5B
:1055100010F0FF0567D19DF80C00DAF709FB10F0D9
:10552000FF0560D10498DAF71BFB10F0FF055AD194
:105530009DF81400DAF738FB10F0FF0553D1BDF8E1
:105540001800DAF739FB10F0FF054CD19DF81C006C
:10555000DAF73AFB10F0FF0545D1029B0893039B55
:105560008DF82430DAF7C0FAB0BB049B0A93059B90
:105570008DF83030069BADF8323008A8079B8DF8C7
:105580003430DDF7E3F90120DDF7C8F9DAF7D2FEB0
:1055900084E6DAF7A9FA022808BF0B9E79E7DAF762
:1055A000B5FA8346DAF7C2FA8246DAF7C8FA06464F
:1055B000DAF7F8FA8146DAF7FDFA8046DAF702FB05
:1055C00007466CE7FA2B02D1012304939DE7B3F55C
:1055D000FA7F9AD10223F8E7DAF786FA022804BFA5
:1055E000049B0B93C3E7019BA3B95846DBF766F80E
:1055F0005FFA8AF0DBF776F83046DBF781F85FFA7E
:1056000089F0DBF7ABF81FFA88F0DBF7B3F8F8B2F4
:10561000DBF7BCF868B20CE708243FE65F2505001D
:10562000F7B50E461446DAF75FFA022805462DD183
:10563000636E012B2CD1276816493846CEF7B8FD8A
:10564000044648B9DAF74CFE314602461248DDF707
:1056500031FD204603B0F0BD01A93846FCF718FF24
:10566000B0B9019B0D4AA3F51673934210D8DAF72F
:1056700041FA20B10A48DDF71DFD0324E9E701984E
:10568000DBF7A6F8041E18BF0124E2E70824E0E7D0
:105690002C46DEE74CC00400C023050088910400BE
:1056A00095240500F7B50E461446DAF71DFA0228D0
:1056B00005462DD1636E012B2CD12768164938463B
:1056C000CEF776FD044648B9DAF70CFE31460246BD
:1056D0001248DDF7EFFC204603B0F0BD01A93846C3
:1056E000FCF7D6FEB0B9019B0D4AA3F516739342A1
:1056F00010D8DAF7FFF920B10A48DDF7DBFC032404
:10570000E9E70198DBF750F8041E18BF0124E2E72F
:105710000824E0E72C46DEE74CC00400C023050067
:10572000E80A03009524050073B50D461446DAF720
:10573000DBF901282CD0636E012B2BD1266816498A
:105740003046CEF735FD044648B9DAF7D6FD29468E
:1057500002461248DDF7AEFC204602B070BD01A93A
:105760003046FCF795FEA8B9019C0CB1012C11D173
:10577000DAF7C0F920B10A48DDF79CFC0324EBE717
:105780002046DAF7BCFD40B2FCF7EAFE0446E3E748
:105790000824E1E70224DFE74CC00400C023050031
:1057A0009524050073B50D461446DAF79DF90128D6
:1057B0002AD0636E012B29D1266815493046CEF7D1
:1057C000F7FC044648B9DAF7A0FD2946024611481D
:1057D000DDF770FC204602B070BD0DF106013046C9
:1057E000FCF735FE90B9DAF785F920B10A48DDF704
:1057F00061FC0324EEE7BDF80600DAF7FDFF40B2D6
:10580000FCF7AEFE0446E5E70824E3E70224E1E7FF
:105810004CC00400E92405009524050073B50D462D
:105820001446DAF761F9012828D0636E012B27D1DD
:10583000266814493046CEF7BBFC044648B9DAF76F
:1058400065F9294602461048DDF734FC204602B0CF
:1058500070BD01A93046FCF71BFE88B9DAF74AF99A
:1058600020B10A48DDF726FC0324EFE70198DAF7B8
:1058700025FF40B2FCF774FE0446E7E70824E5E79D
:105880000224E3E74CC00400C02305009524050072
:1058900073B50D461446DAF727F901282DD0636E4B
:1058A000012B2CD1266817493046CEF781FC0446DF
:1058B00048B9DAF787F9294602461348DDF7FAFBBB
:1058C000204602B070BD01A93046FCF7E1FDB0B939
:1058D000019B053B112B12D8DAF70CF920B10B48CC
:1058E000DDF7E8FB0324EBE79DF80400DAF74EFF51
:1058F00040B2FCF735FE0446E2E70824E0E7022464
:10590000DEE700BF4CC00400C0230500952405005D
:10591000FFF712BA73B50D461446DAF7E5F8012819
:105920002DD0636E012B2CD1266817493046CEF757
:105930003FFC044648B9DAF7F9F82946024613480D
:10594000DDF7B8FB204602B070BD01A93046FCF778
:105950009FFDB0B9019B053B072B12D8DAF7CAF8B7
:1059600020B10B48DDF7A6FB0324EBE79DF804000C
:10597000DAF7B8FE40B2FCF7F3FD0446E2E708248C
:10598000E0E70224DEE700BF4CC00400C0230500AE
:105990009524050073B50D461446DAF7A5F80128DD
:1059A0002CD0636E012B2BD1266816493046CEF7DA
:1059B000FFFB044648B9DAF7F5F8294602461248D3
:1059C000DDF778FB204602B070BD01A93046FCF738
:1059D0005FFDA8B9019B032B12D8DAF78BF820B131
:1059E0000A48DDF767FB0324ECE79DF80400DAF7CB
:1059F000B5FE40B2FCF7B4FD0446E3E70824E1E756
:105A00000224DFE74CC00400C023050095240500F4
:105A100073B50D461446DAF767F801282FD0636E88
:105A2000012B2ED1266818493046CEF7C1FB04461B
:105A300048B9DAF7BFF8294602461448DDF73AFBC1
:105A4000204602B070BD01A93046FCF721FDC0B967
:105A5000019B4FF6FA72053B934212D8DAF74AF8E7
:105A600020B10B48DDF726FB0324E9E7BDF804006D
:105A7000DAF780FE40B2FCF773FD0446E0E7082445
:105A8000DEE70224DCE700BF4CC00400C0230500B1
:105A90009524050073B50D461446DAF725F801285C
:105AA0002CD0636E012B2BD1266816493046CEF7D9
:105AB0007FFB044648B9DAF717FC2946024612482C
:105AC000DDF7F8FA204602B070BD01A93046FCF7B8
:105AD000DFFCA8B9019BF82B12D8DAF70BF820B13C
:105AE0000A48DDF7E7FA0324ECE7BDF80400DAF72B
:105AF000FDFB40B2FCF734FD0446E3E70824E1E790
:105B00000224DFE74CC00400C023050095240500F3
:105B100073B50D461446D9F7E7FF01282CD0636E04
:105B2000012B2BD1266816493046CEF741FB04469F
:105B300048B9DAF7E6FB294602461248DDF7BAFA19
:105B4000204602B070BD01A93046FCF7A1FCA8B9FF
:105B5000019C0CB1012C11D1D9F7CCFF20B10A481E
:105B6000DDF7A8FA0324EBE72046DAF7CCFB40B2D6
:105B7000FCF7F6FC0446E3E70824E1E70224DFE74C
:105B80004CC00400C023050095240500024B0348C7
:105B9000C01AC008704700BF882705008827050085
:105BA000034B1868034B1B68C31A5842584170478F
:105BB000882705008827050020B50546FFF7F0FF78
:105BC000034638B9044A02EBC10203CA286069607F
:105BD000184620BD0120FCE78827050010B5546E4B
:105BE000012C0AD108491068CEF7E2FA044640B900
:105BF0000648DDF75FFA204610BD14B9DDF7D0FA8C
:105C0000F9E70224F7E700BF4CC00400F3240500C5
:105C1000F0B5556E012D85B00F4602D0022005B0BB
:105C2000F0BD16681A493046CEF7C2FA0446E8B904
:105C3000092101A8DDF776FB061E0DDD1548164D7E
:105C40003946DDF737FAE3B2B34204F1010405DB6C
:105C50001248DDF72FFA00252846E0E704AA13448E
:105C6000284613F80C1CDDF725FAECE73378002BF7
:105C7000D4D03046CEF744FA08280146CED8304674
:105C8000DDF757FB0028CAD00330E5D1C6E700BFD7
:105C90004CC00400062405000A24050035BE04009B
:105CA000536E012BF7B506460F4631D115681949D9
:105CB0002846CEF77DFA0446D8B12846CEF720FA1A
:105CC0002B46284483421ED10A220021284603F095
:105CD0001DFD002304460146CDE900330322304672
:105CE000DDF74AF92046DBF7D3FC041E18BF012478
:105CF00006E0DBF7C7FC394602460748DDF7DAF96C
:105D0000204603B0F0BD13F8012B303A092AD9D947
:105D10000224F5E74CC00400C023050038B5546EDA
:105D2000054694B9DBF7D6FB10F0FF0F0BD00948FE
:105D3000DDF7C0F921462846DBF7D4FB044630B92D
:105D40002846DBF76FFB204638BD0224FBE7012421
:105D5000F9E700BF5EC0040038B5546E154624B99B
:105D60002046DDF7ADF8204638BD012C01D00224D5
:105D7000F9E714682046CEF7C3F923462044984239
:105D800012D120460A22002103F0C0FC431C044625
:105D900010D10A492868CEF70BFA0028E7D120462F
:105DA000DDF78EF80024DEE713F8012B303A092ADC
:105DB000E5D9DCE70028DAD0F1E700BF06250500C9
:105DC000536E012B70B50E4602D00224204670BDE2
:105DD000156814492846CEF7EBF9044698B12846D1
:105DE000CEF78EF92B462844984214D10A2200217E
:105DF000284603F08BFC0128E7D8DBF7B5FB041E2F
:105E000018BF0124E2E7DBF7A9FB3146024606484A
:105E1000DDF750F9DAE713F8012B303A092AE3D914
:105E2000D3E700BF4CC00400C0230500536E012B14
:105E300070B50E4602D00224204670BD1568144984
:105E40002846CEF7B5F90446A0B12846CEF758F952
:105E50002B462844984215D10A220021284603F0F7
:105E600055FC431E012BE6D8DBF790FB041E18BF40
:105E70000124E1E7DBF784FB314602460548DDF704
:105E800019F9D9E713F8012B303A092AE2D9D2E7F8
:105E90004CC00400C0230500F7B50F461646D7F7DF
:105EA00021FA012844D1D7F74DF9746E012C05462B
:105EB00040D1366820493046CEF77AF9C0B90DF1A5
:105EC0000600D7F741F980B93946BDF806201B48CE
:105ED000DDF7F0F8D7F7C0FF011E02DD1848DDF747
:105EE000E9F81848DDF7E6F80024204603B0F0BDD5
:105EF0000DF106013046FCF7AAFAD8B9082D01D0F9
:105F0000012D0ED1BDF80630B3F5807F12D80121E6
:105F10000DF10600D7F746F940B2FCF721FB044625
:105F2000E3E7022DF3D1BDF80630B3F5006FEDE7DE
:105F30000824DAE70224D8E74CC004001125050044
:105F40001925050035BE04002DE9F3410F4616461C
:105F5000D7F7C8F9012840F0B880756E012D39D106
:105F60005B493068CEF724F9002836D10DF10600E0
:105F7000D7F7EAF80446002840F0A780394655488C
:105F8000554FDFF86081DDF795F82E46BDF80630F5
:105F9000DB0709D5012D02D04046DDF78BF83146ED
:105FA0003846DDF787F80135BDF806305B08013665
:105FB000ADF80630002BE9D1D7F74EFF011E02DD08
:105FC0004648DDF777F84648DDF774F8204602B01A
:105FD000BDE8F081013D0B2D08D80024ADF8064046
:105FE000002506E07B5D303B092B01D90224EDE75B
:105FF000013556F824703846CEF782F8A842F1D819
:106000000A220021384603F081FB0C280546EDD812
:10601000D7F798F8082801D0012801D1082DE5D834
:10602000013D0B2D0DD8DFE805F006191E23282DA4
:1060300032373C41464BBDF8063043F00103ADF822
:106040000630736E0134A342CADC01210DF1060053
:10605000D7F7A8F8041E18BF0324B7E7BDF8063029
:1060600043F00203EBE7BDF8063043F00403E6E734
:10607000BDF8063043F00803E1E7BDF8063043F011
:106080001003DCE7BDF8063043F02003D7E7BDF886
:10609000063043F04003D2E7BDF8063043F08003FA
:1060A000CDE7BDF8063043F48073C8E7BDF806308D
:1060B00043F40073C3E7BDF8063043F48063BEE7E2
:1060C000BDF8063043F40063B9E708247EE700BF5B
:1060D0004CC00400062405003325050019250500E1
:1060E00035BE04003C24050070B50E461446D7F7B3
:1060F000F9F8012840F0B080636E012B02D0022431
:10610000204670BD256855492846CEF751F804460B
:10611000F0B12846CDF7F4FF2B46284483426DD1D9
:106120000A220021284603F0F1FA0C28E7D84C4B4C
:10613000185CD8F763FF00287FD0831D00F08580AE
:1061400010F1110F00F086800330D8D00124D7E77A
:1061500031464448DCF7AEFFD6F7F4FF1628F5D8F1
:1061600001A353F820F000BFE9610400E1610400DD
:10617000CD6104004D610400C5610400D9610400D3
:10618000E5610400D5610400DD610400D161040013
:10619000F96104004D6104004D6104004D6104008B
:1061A0004D6104004D6104004D6104004D61040027
:1061B0004D6104004D610400ED610400F1610400D3
:1061C000F56104002848DCF775FF99E72748FAE7EE
:1061D0002748F8E72748F6E72748F4E72748F2E793
:1061E0002748F0E72748EEE72748ECE72748EAE7A3
:1061F0002748E8E72748E6E72748E4E713F8012BB4
:10620000303A092A8AD925492846CDF7D1FF88B1E5
:1062100023492846CDF7CCFF88B122492846CDF73F
:10622000C7FF70B120492846CDF7C2FF00287FF490
:1062300066AF1620D8F7E2FE28B9002460E71420E4
:10624000F8E71520F6E7821D01D1032458E7113045
:106250007FF47CAF0A2453E7082451E74CC00400C4
:106260006D250500062405004F2505005425050071
:106270005925050081240500362505003A2505002D
:106280003E25050042250500462505004A25050056
:106290004E25050053250500582505005D25050000
:1062A00061250500652505006925050070B50E46C8
:1062B0001446D7F717F8012802D00824204670BDED
:1062C000636E012B2AD1256815492846CDF770FF4A
:1062D000044690B12846CDF713FF2B462844984238
:1062E00017D10A220021284603F010FAD7F702FD41
:1062F00040B2FCF735F90446E0E7D7F7ADFD0028DA
:10630000DBDBD7F7A9FD314602460648DCF7D2FEB3
:10631000D4E713F8012B303A092AE0D90224CDE75B
:106320004CC004007623050002F03CBF38B504469B
:10633000002838D1002938D01E4BDA78D20736D45D
:106340001A681D4D02F07E4242F0D77242F4D732F5
:1063500042F4D77242F00102C3E90020174A1060EC
:106360000B601748DFF78CFC28601648DFF788FCC5
:1063700068601548DFF784FC2B68A86001332B4662
:1063800004D06A68013201D0013009D10F4A1A6085
:106390000F4A5A600F4A9A6000221A73204638BD8D
:1063A00001232B73FAE70524F8E70624F6E7072410
:1063B000F4E700BF1C8A021044FA0010188A021089
:1063C00040380250443802504838025000C09543CB
:1063D0007498833FA1478CBB0368174A23F07E4320
:1063E000934227D10B788A791B06920002F00402AF
:1063F00003F0407313434A78D20402F4002213439B
:106400008A78120402F4E0221343CA78120202F4DA
:10641000407213430A79120102F0100213434A79C1
:10642000D20002F008021343044A43F4805313607D
:106430000020704702207047AFAFAF01000001504D
:106440000368144823F07E4383421ED107291ED8D7
:10645000D078137943EA40031078000600F0E0603A
:10646000034350789278000400F440301202034352
:1064700002F470621343084A0A4492000020136039
:10648000064A1368013313607047022070470520E5
:10649000704700BFAFAFAF0103400014188A02106D
:1064A00003680B4A23F07E4393420ED1C37813F066
:1064B000020308D107490A6842F001020A60C27863
:1064C00042F00202C270002070470220704700BFF5
:1064D000AFAFAF01000001500368094A23F07E43CB
:1064E00093420AD1074B1A686FF300021A60C3780F
:1064F0006FF34103C370002070470220704700BF54
:10650000AFAFAF010000015008B5014690B103687C
:10651000094A23F07E4393420CD1C37813F002035F
:1065200006D0FFF7D9FFCB786FF30003CB7008BD1F
:106530001846F8E70220FAE7AFAFAF010368074A51
:1065400023F07E43934201BF054AD2F8003219433B
:1065500000200CBFC2F8001202207047AFAFAF019D
:106560000000015003680A4823F07E4383420CD1A7
:10657000084B3AB1D3F80422D3F8003213400B6031
:1065800000207047D3F80432F9E70220704700BFBB
:10659000AFAFAF01000001500368054A23F07E430E
:1065A000934203BF034B0020C3F808120220704738
:1065B000AFAFAF0100000150006870B5214D049CE1
:1065C00020F07E40A84238D1002C38D000201D6831
:1065D00018600834E2B91C4E2246F46BC4F3027012
:1065E00042F8040C61B1C4F3130042F8080C1868B7
:1065F00014F07F6F00F10100186004D1002070BD1D
:10660000C4F38D10F1E7A84202F10802E5D3F5E7E3
:106610002146043A52F8040FC0F3027041F8040C0A
:106620001068C0F38D1041F8080C18680130A842BA
:10663000186001F10801EDD3E0E70220DFE7062052
:10664000DDE700BFAFAFAF01000001500368064AAD
:1066500023F07E43934201BF044B372200209A600F
:1066600018BF0220704700BFAFAFAF01000001505C
:1066700038B5036815462D4A23F07E4393420446FD
:106680004DD121B10139012927D9062024E015B1C6
:10669000037B002B45D00A20E1F70EF8002D42D0F5
:1066A000234B6269DA60A2691A61E2695A61226A5F
:1066B0009A61626ADA61A26A1A62E26A5A62226BBB
:1066C0009A62626BDA62A26B1A63E26BC3F8002211
:1066D00022691A600020207338BDDDB1144BDA68DE
:1066E00042611A6982615A69C2619A690262DA6911
:1066F00042621A6A82625A6AC2629A6A0263DA6AF9
:1067000042631A6B8263D3F80022C2631B68036181
:10671000012303730A20E1F703F80020DCE70220DD
:10672000DAE70720D8E72846D6E700BFAFAFAF01CA
:106730000000015013B50446DFF798FC0190606A31
:10674000226A8368196822F0FF03C9B20B43D21A88
:10675000002AB8BFA3F58073E36143681B68019802
:10676000E36002B0BDE81040DFF784BC0728F0B555
:1067700048D8002948D04D68002D45D0002A43D084
:106780000E68012E40D9DFF88CC02C2747430CEB54
:106790000704E37813F0010338D1C4E90455F60087
:1067A000A6612E446560E560A6605CF8076006F0AF
:1067B0007C4646F0E67646F4E63646F4E67646F063
:1067C00001064CF80760124E282707FB0060606244
:1067D0008068C4E907330360606AC0680360676A61
:1067E0003E697F69306838433060606A40680560A0
:1067F000606A097A0068490001F0020101601460D2
:106800001846F0BD0520FCE70620FAE70720F8E768
:106810007C25050054FA0010A8B103680B4A23F048
:106820007E4393420FD1C37813F0020309D1426A29
:1068300011680A6842F001020A60C27842F002025E
:10684000C270002070470220704700BFCDCDCD013F
:10685000A8B103680B4A23F07E4393420FD1C3785B
:1068600013F0020309D0436A1A68136823F0010386
:106870001360C3786FF34103C37000207047022098
:10688000704700BFCDCDCD012DE9F0410D469046BA
:106890001F46044600283CD00368214A23F07E436B
:1068A000934236D1B8F1000F35D0A7B3D0E9042315
:1068B0009A4232D1FFF73EFFD4E907315B1A13F158
:1068C000FE0F24D4D4E9032090421BD3AB1C00EB71
:1068D000C30CDE00A3689C4509D96368083E1E44CA
:1068E000B24214D9626A5268C0E900231846C8F857
:1068F0000000013100EBC5002162396060610020B9
:10690000BDE8F0816B1C00EBC3039A42EFD8052071
:10691000F6E70220F4E70620F2E70720F0E700BFE1
:10692000CDCDCD0178B10368094A23F07E4393426F
:1069300009D1D0E90432934207D04361036A013B95
:10694000036200207047022070470720704700BF95
:10695000CDCDCD0110B5B8B103680D4A23F07E430B
:10696000934211D1D0E904239A420FD0446AA2681D
:106970001143026A19605A600833C0E90433E368BE
:10698000D2B21A60002010BD0220FCE70720FAE70F
:10699000CDCDCD0138B50C460546002829D0036879
:1069A000164A23F07E43934223D121B3FFF7C2FE60
:1069B000D5E90421EB6923602B6AA360914218BFDB
:1069C000013B63606B6A9A69D96912680A4214BF15
:1069D000012100212173596A1B6A0A4214BF012157
:1069E00000211A4214BF012300236173A373002006
:1069F00038BD0220FCE70620FAE700BFCDCDCD016F
:106A000038B50D460446F0B10368114A23F07E43C1
:106A1000934218D1FFF78EFE1DB9D4E907239A429D
:106A200013D1626AE37811686FF30003E3700B68B7
:106A300023F001030B60116952690B6823EA02031A
:106A40000B60002038BD0220FCE70320FAE700BFFE
:106A5000CDCDCD0130B520B30368144A23F07E4379
:106A600093421ED1C37813F002031CD0416A0A6816
:106A7000136823F0010313604A68896813681C686F
:106A800024F001058D4207D119601360C3786FF3BC
:106A90004103C370002030BDA2420CBF5B680833C5
:106AA000EDE70220F7E71846F5E700BFCDCDCD01B1
:106AB00010B510B30368134A23F07E4393421CD1F0
:106AC000C37813F002031AD1426A1468216821F0D6
:106AD000010121604168C160C0E904119168C0E909
:106AE00007330B60D16852680B6041681160C2784F
:106AF00063F34102C270184610BD0220FCE7072074
:106B0000FAE700BFCDCDCD0130B5E0B10368104A42
:106B100023F07E43934216D1D0E904239A4214D045
:106B2000446A6568A2681A60294399600022416836
:106B3000D9605A601033C0E90433E36890F820103C
:106B40001960104630BD0220FCE70720FAE700BFBD
:106B5000CDCDCD0110B50024C0E90044C0E9024309
:106B6000C0E9042110BD73B50569044655430E46BE
:106B7000DFF77CFAD4E902239B1AAB4201901BD2C7
:106B800000240198DFF776FA204602B070BD1EB1EE
:106B900061692268F05C88542268E0680132B2FBC7
:106BA000F0F100FB112222600133AB42EFD1A26869
:106BB0001344A3600124E4E70023F6E773B50569F5
:106BC000044655430E46DFF751FAA3680190AB42E5
:106BD0001BD200240198DFF74DFA204602B070BDA9
:106BE0001EB1616962688A5CF2546268E0680132D1
:106BF000B2FBF0F100FB112262600133AB42EFD136
:106C0000A268D31AA3600124E4E70023F6E710B5D5
:106C1000182000F0E7F8044620B1002340F8043BB8
:106C200000F09FF8204610BD2DE9F047DDF82090D8
:106C30000C4617469846064600B9FEE711F07F4A13
:106C400000D0FEE701B9FEE7E2F724FE18B9B9F17A
:106C5000000F00D0FEE7E2F75DFB356804EA0503AC
:106C6000B8F1000F15D1B3B9B9F1000F0FD0002F53
:106C70000CBF00214FF08071B8F1000F01D041F03E
:106C800080614A462143301DE2F708FD0025CA46CF
:106C900005E09C42E8D117B125EA04033360E2F72E
:106CA000D9FBBAF1000F1AD038B9124B4FF080520D
:106CB0001A60BFF34F8FBFF36F8FE2F7B3FE83010C
:106CC00005460AD4E1F7B6FB356804EA0503B8F1D6
:106CD000000F07D143B9E1F7C7FB25F07F452846F0
:106CE000BDE8F0879C42F6D1002FF4D025EA0404D9
:106CF0003460F0E704ED00E02DE9F0410D46044674
:106D000000B9FEE711F07F4600D0FEE700F10C0766
:106D1000E2F700FB2168206929432160874221684E
:106D200007D121EA06012160E2F794FB2068BDE863
:106D3000F081D0E9002822F07F4312F0806F03EA4F
:106D4000010502D11DB94046E8E7AB42FBD1D201B3
:106D500041F0007148BF1E43E2F710FDF3E7FFF773
:106D6000CBBF00F108034FF0FF32C0E902234360BC
:106D70000361002303607047002303617047436889
:106D80004B609A688A609A685160996003680861EC
:106D900001330360704730B50C68631C0AD1036986
:106DA0005A684A6091608B605960036808610133DA
:106DB000036030BD00F10802134652681568A54211
:106DC000FAD9EDE7D0E9011203698A605160596888
:106DD000814208BF5A60002202611A68013A1A60B3
:106DE0001868704770B50446E2F794FA25480168C0
:106DF00069B9254B254A264D23F00703C2E9003126
:106E0000244AC2E90015C3E90025012303602CB11F
:106E1000083463071CBF24F0070408341E4B621EAD
:106E20009A4206D9E2F716FBCEF73AFA0025284631
:106E300070BD164A13685968A14201D21868F0B9AA
:106E400014488342EED01868156810600A1B102A97
:106E500005F108050BD919194A605C604C680B4AAA
:106E6000104612685668A642FAD30A6001600B49C0
:106E70005B680A68D21A0A60E2F7ECFAD7E71A46AA
:106E80000346D8E7BC030210BCFB0010C00302108D
:106E9000F8070100B4030210F60701004052001089
:106EA00038B50446B0B1A0F10805E2F733FA54F85A
:106EB000041C094B1A461B6858688842FAD344F8E8
:106EC000083C1560054A13680B441360BDE8384060
:106ED000E2F7C0BA38BD00BFC00302104052001034
:106EE0000C4A137B8342134612D0107308B9E6F79D
:106EF000BFBC5278022A04BF01225A70DA78022AF3
:106F000004BF0122DA705A79022A04BF01225A71A1
:106F1000704700BF5C8A0210014B187B704700BFAE
:106F20005C8A021010B5094A441E12F8143013F09E
:106F3000010009D002EB44025378032B03D1A1F1E5
:106F400012035842584110BD0120FCE75C8A021030
:106F500002292DE9F0410D46904603D10026304626
:106F6000BDE8F0811E29F9D0194C04EB400247001E
:106F70005378032B1ED169061AD40123537014F8D9
:106F80001030DB0714D40026082DE8D198F80E2025
:106F900098F80D3003EB02239BB242F62A3293425B
:106FA000DDD1237B002BD9D03C4402236370D5E78D
:106FB0001226E9E7012BE6D111F04006F8D1A368CB
:106FC0005670002BDFD001303146C0B29847DBE766
:106FD0005C8A02100C4B88B95A78022A14BF0A4600
:106FE00001225A70DA78022A14BF0A460122DA70A6
:106FF0005A79022A08BF01215971704703EB4000FA
:1070000000F8011C704700BF5C8A021010B5064BE7
:10701000013832B103EB40046170127803F810209C
:1070200010BD23F81020FBE75C8A0210014B98602A
:10703000704700BF5C8A0210012A38B514D80D4988
:107040001B78421E11F8124004EA0305AC420DD829
:1070500003F0010301F812308B684BB101EB4202DF
:1070600051789847002038BD0D20FCE71320FAE73F
:107070001846F8E75C8A0210012A0346084605D83C
:107080000349013B01EB4301D0F7D4B8704700BF7F
:107090005C8A0210024B03EB400010F8010C7047B1
:1070A0005C8A0210034B013803EB0010416002734D
:1070B000704700BFC8030210024B03EB001040F8FA
:1070C000101C7047C8030210024B03EB001050F86D
:1070D000100C7047C80302100B4B1A18FF2110B593
:1070E000117600F108014FF4C86423F8114003EB56
:1070F00041034FF4F061998007239376034B1844C2
:1071000000234374537710BD6C8A02104C7B02102D
:1071100008B50020FFF7E0FF0120FFF7DDFF034B7C
:10712000034A197B117300229A7308BD4C7B02102D
:107130006C8A021030B58BB004460D462422002123
:1071400001A8D0F7E3FD0E498DF8085002238DF811
:10715000063001238DF80C3006200B1900FB0411BA
:1071600093F831308DF80D3025310DF10E008DF88A
:107170000750EBF7EFFC01A8E8F7A2FA0BB030BD1F
:107180006C8A0210F7B506460E200F46154601938D
:10719000EBF74EFA044680B1002383704771067105
:1071A000857101990730EBF7D5FC054B187B21461B
:1071B00003B0BDE8F040EBF750BA03B0F0BD00BF3C
:1071C0004C7B02102DE9F34180460F4603F1080085
:1071D0000899019116461D46EBF72AFA044698B124
:1071E00001230199837080F8048047718671C5710D
:1071F0002A460830D0F71EF8054B187B214602B00E
:10720000BDE8F041EBF729BA02B0BDE8F08100BF5C
:107210004C7B02102DE9F84305460E200F469046A0
:107220009946EBF705FA0146D8B102238370057140
:10723000461D00F108030024E2B2954205D80A4B2E
:10724000187BBDE8F843EBF708BA3A5D06F8012B66
:1072500038F8142023F8022B19F80420B2710134F5
:10726000EAE7BDE8F88300BF4C7B021038B504465E
:1072700008200D46EBF7DCF9014678B10323837053
:1072800004712CB12B784371012C84BF6B7883710E
:10729000034B187BBDE83840EBF7DFB938BD00BFC2
:1072A0004C7B021070B504460E461546EBF708FA03
:1072B00004F10800044B23F8106003EB40008580C4
:1072C000BDE87040EBF7FEB96C8A02101FB52923A8
:1072D0008DF80230037CADF800308389ADF80630BC
:1072E000054B8DF80310D3F89C308DF804106846D8
:1072F000984705B05DF804FB787A021038B5836AC8
:107300009A0704460D4609D5E3F7BCFF830705D568
:10731000A089291DBDE83840E3F73EB9637C3BB93D
:107320000123A0896374291DBDE83840E8F78EBFAA
:1073300020460C21BDE83840FFF7C8BF427C32B17F
:1073400000224274898811B1C9B2FFF7BFBF7047EC
:1073500013B50C46E7F72CFD38B1362369468DF896
:107360000230ADF80440E8F7FFF802B010BD0000AD
:1073700007B56423ADF80230054BADF80600D3F82D
:107380009C30ADF804106846984703B05DF804FBE4
:10739000787A02102DE9F843804608209DF8206095
:1073A000894617461D46EBF743F980B1022305F0E5
:1073B000070506F00706837080F804904771857111
:1073C000C671A0F80080BDE8F843E9F7F9BABDE856
:1073D000F88338B5054606200C46EBF729F938B195
:1073E0000522827004710580BDE83840E9F7E8BAEB
:1073F00038BD0000F7B5074616200D461646019326
:10740000EBF716F9044688B1512301998370078080
:107410000575467515B10430EBF7BDFB044B187BC1
:10742000214603B0BDE8F040EBF717B903B0F0BD5B
:107430004C7B02104EF20F1343811E21EBF7FEBA74
:10744000704710B50446006B18B1EBF7CFF8002376
:1074500023632046EBF7FBFA04F11000EBF7F7FA91
:1074600094F83A2000239A4214BF0B22012284F898
:107470003B3084F83F2084F8433010BDFFF7E1BF74
:1074800038B504460A200D46E9F796FA014638B1A8
:107490000523037245722046BDE83840E9F748BA33
:1074A00038BD38B505460C46FFF7CBFF95F83D00D3
:1074B00000220121E7F7EEFF2B23A3702046BDE851
:1074C0003840E8F743BC38B505460C46C978FFF7A5
:1074D000D7FF21462846BDE83840FFF7E2BF38B560
:1074E0000C460A7D05460431006BCFF7A3FE237DD1
:1074F000032B07D1286B0D22BDE838400021033053
:10750000D0F704BC38BD10B50446FFF7E8FF206B88
:1075100010213030E5F7A8F8216B204601F1300248
:10752000BDE81040E9F7AAB84A68016BE9F728B945
:1075300038B590F83A30002B14BF0323042380F8A9
:107540003F3004460D46FFF775FF1920E9F734FA7E
:1075500090B1032303726B6800F1090203F110017B
:1075600053F8045B42F8045B8B42F9D10146204694
:10757000BDE83840E9F7DCB938BD4B68016B03F171
:10758000090230B410311446193354F8045B41F841
:10759000045B9C42F9D130BC016BE9F76FB8FFF78F
:1075A000C3BF0000F0B55E4F97F8EC308BB00446D7
:1075B0000E465BB3436C1B7843B390F843502DBB2E
:1075C00090F83D00E7F792FF00280CBF022301234B
:1075D0008DF822302F238DF80630204694F83D3068
:1075E000ADF80430E9F7F4F9CDE90655636C8DF890
:1075F00023009969ADF82050103102A8EBF7CBFABF
:1076000001A8E8F7A3FB072384F84330002E00F01D
:107610008480012E94F8433004D1072B04D13046E6
:107620000BB0F0BD032E01D8092B76D00A2B74D0F5
:1076300094F83C300BB10026F1E71920E9F7BCF9CA
:1076400005460028F7D094F843306BB9F00739D5D8
:107650002046E9F73DF906232B72216B043105F131
:107660000900EBF798FA12E0062B2BD107230372DF
:10767000236B9B8B4372236B9B8B1B0A8372226B46
:1076800052F8143FC0F80B305368C0F80F302B7A13
:1076900084F8433029462046E9F74AF994F83C60DB
:1076A000002EC8D10420EAF7C3FF01460028C2D04B
:1076B0000C23837094F83D30038097F8E000EAF7DC
:1076C000CCFFACE7B10708D50BB1072B05D10823D8
:1076D0002B72E8F7FDFB0146C1E7082B0BD109230C
:1076E0002B7200236B72E3F7C3FD014605F10A001C
:1076F000EBF730FACBE772070CD5092B0AD840F22A
:10770000812222FA03F3DB0704D50A232B72E8F760
:10771000D9FBE0E72846EAF797FF01267FE700BF9D
:10772000EC7B021070B50546107A06280C461E4602
:1077300002F1090104D1201DEBF72DFA002116E01A
:10774000072826D1917A537A03EB0123A38352F8B9
:107750000B3F63615368A36195F8403013F0040F49
:1077600014BF02230123E3770223A377012195F8B5
:107770003F20062A01D0082A20D1013285F83F2077
:10778000002521B12F23A3702046E8F7DFFA284611
:1077900070BD0828CFD0092809D1537AA37602F109
:1077A0000A0104F11400EBF7D5F90423DDE70A28F8
:1077B000C4D1201DEBF7EFF90823D6E7B00705D5B4
:1077C000072A03D1082385F83F30D9E7730705D589
:1077D000072A01D0092A01D10A23F4E70125D0E7BD
:1077E00010B50446FFF76FFE94F83D00E8F714FE6D
:1077F00010230146A376E018EBF724F9002384F860
:10780000423010BD012380F84230704740F62B1300
:1078100008464B80E8F79ABA4EF22B1308464B8085
:10782000E8F794BA38B590F8423004460D4683B173
:10783000002380F842300921FFF722FE40F62B1387
:1078400028466B80E8F782FA2046BDE83840FFF70B
:10785000F8BD38BD13B50446FFF7F3FD94F83D00BD
:1078600000220121E7F716FE94F840308DF804302D
:1078700094F83D30ADF8003068462A238DF8023088
:10788000E8F764FA02B010BD70B5044690F83D0008
:107890000D46E7F72BFE134B94F83E10AE78D3E974
:1078A0003623012818BF1A46136853F821100B46D7
:1078B0001978B1420BD1597884F83E109978536801
:1078C000204653F821302946BDE87040184713F888
:1078D000031F0029ECD1916801F10C008342E6D12D
:1078E00070BD00BFEC7B021013B5002313700B704A
:1078F00090F82230012B2AD190F82930012B26D183
:107900000B7090F8233090F82A20134043F00403C2
:1079100080F84030002190F83A30002B50D090F899
:107920002330324A126800294DD0117A0B405B0790
:1079300049D590F83D30ADF8043040F2033301A949
:10794000ADF80630FFF7A0FF002002B010BD90F8A0
:1079500023104B0703D490F82A305C070BD590F81E
:107960002140032C07D090F82830032B03D0012CA2
:107970000AD8012B22D890F82A30194021F00401AE
:1079800080F840100121C6E7042C15D1022B15D038
:10799000191F4B424B41137090F82810022903D154
:1079A00090F821100229ACD090F83A10002908BFB5
:1079B00083F001031370A4E70023ECE70123EAE757
:1079C00090F82A30ADE7537990F824209A4203D3F7
:1079D00090F82B209A4206D290F83D30ADF8043052
:1079E00040F20363ABE70120AFE700BFA047001000
:1079F00010B590F8403090F83D4086B013F0040385
:107A0000ADF800400BD02E2368468DF802308DF87B
:107A100004108DF80520E8F799F906B010BD04228E
:107A2000ADF804308DF80630694603238DF8022046
:107A30008DF81430FFF728FFEFE7F7B5074690F809
:107A40003D000C46E7F7FCFA0546B8B197F83A3026
:107A5000661CB3B100F11A0108460191EBF78CF8EE
:107A600020B9012301992370062203E02B7D2370A6
:107A70000622A9183046EBF7BDF80734204603B0BC
:107A8000F0BD00F1200108460191EBF775F80028E0
:107A9000E7D0EB7C237006222946EBE7F7B50746D3
:107AA00090F83D000C46E7F7CBFA0546B8B197F8D9
:107AB0003A30661CB3B100F1200108460191EBF7A2
:107AC0005BF820B9012301992370062203E0EB7CC7
:107AD0002370062229463046EBF78CF807342046FF
:107AE00003B0F0BD00F11A0108460191EBF744F82C
:107AF0000028E7D02B7D23700622A918EBE70000B1
:107B0000F7B5002313700B7090F8233090F82250D3
:107B100013F0080F044640D090F82A301E073CD5D9
:107B2000012D03D090F82930012B3DD101230B709A
:107B300000250B789BB994F82330580703D494F8A8
:107B40002A305B070BD594F82100032807D094F85E
:107B50002830032B03D0012828D8012B41D894F8D2
:107B600023C094F83D001CF0080F00F0CD8094F87D
:107B70002A703E0740F1C8807A4B93F8EC6096BBC0
:107B8000ADF8040040F2033301A92046ADF80630F9
:107B9000FFF77AFE304603B0F0BD012D04D194F812
:107BA0002930012BC5D1C1E70125C2E7042816D130
:107BB000022B16D01F1F7B427B41137094F82800C4
:107BC000022803D194F82100022806D094F83A0044
:107BD000002808BF83F0010313700025BFE70023CE
:107BE000EBE70123E9E7636C40F201161E8012788F
:107BF0001A710978B1B302225A70ADF80400204618
:107C0000E8F79AFF00285BD0636CDE68E8F7A2F91A
:107C1000334600F1200250F8041B43F8041B904245
:107C2000F9D1636CDE68E8F795F9203600F120029F
:107C30003346403052F8041B43F8041B8242F9D10A
:107C4000636C1E69E8F786F9334600F14002603044
:107C500052F8041B43F8041B8242F9D111238DF81A
:107C6000063031E094F82820D5B90321042A597050
:107C700007D194F82120012A01D0042A06D1042238
:107C8000BAE7012A02D194F82120F6E71CF0100F80
:107C900001D10025B1E7FA06FBD501229A70ACE7C5
:107CA000012A06D194F82120012A04D104225A7015
:107CB000EFE7032AEDD094F82130032B9DD1E8E7BC
:107CC00040F60303ADF8063001A92046FFF7DCFDBE
:107CD00094F8231094F82A3003EA010265BB42F0BD
:107CE000040284F8402094F83A20002A18BF0B467A
:107CF0001D4A12681DB3117A0B405B071FD594F81B
:107D00003D30ADF8043007E0174B1B681B7A13F0C9
:107D100008030BD0ADF8040040F2033301A920465C
:107D2000ADF806300026FFF7AFFD33E7626C137045
:107D3000ADF80400122392E702F0FB02D1E7537979
:107D400094F824209A4203D394F82B209A4206D226
:107D500094F83D30ADF8043040F20363DEE70126CD
:107D600018E700BFEC7B0210A047001030B5446C50
:107D700090F83D30257887B0A5B990F84040640769
:107D800013D4ADF8003004238DF802300023ADF891
:107D900004308DF80630694603238DF81430FFF760
:107DA00073FD0EE06478022CEBD1ADF8003068462C
:107DB0002E238DF802308DF804108DF80520E7F79A
:107DC000C5FF07B030BD10B50446FFF757FB20468E
:107DD000BDE81040E8F7E3BE38B504460D46FFF7AE
:107DE000F2FF29462046BDE83840FFF75ABB38B5B8
:107DF00005460C46C978FFF743FB21462846BDE8F7
:107E00003840FFF7E9BF37B5436C4D680446202280
:107E1000986805F10901EAF7EDFE636C9868202285
:107E200005F129011044EAF7E5FE94F83D30ADF87C
:107E30000430636C5B78013B032B10D8DFE803F060
:107E4000020B0D0213238DF8063001A92046FFF71F
:107E50001BFD03B030BD1523F5E71423F3E740F60F
:107E60000303ADF80630F0E77FB5436C0022DA700B
:107E7000032180F83F108DF8042090F83D101B7905
:107E8000ADF8001068462E218DF802108DF80530EF
:107E9000E7F75CFF07B05DF804FB37B5436C90F87B
:107EA0003A40D3E902525B69103301933CB100239D
:107EB000009313462A46E8F7CDFE03B030BD009488
:107EC0002B46F8E773B50A4604460E460146502095
:107ED000E8F7B0FE0546C8B194F83A20636CBAB131
:107EE000D9682022E8F704FF636C99682022E8F73C
:107EF000FFFE636C59691031E8F701FF606C009672
:107F00004069234650222946E8F774FE02B070BD4E
:107F100099682022E8F7ECFE636C2022D968E6E736
:107F200010B5436C5B78042B86B004460FD102A8D1
:107F30004968EAF730FE94F83D30ADF8043001A806
:107F40003523ADF80630E7F701FF06B010BD90F815
:107F50003D30ADF8043001A91623ADF80630FFF727
:107F600093FCF2E737B54D682C7A0E2C0ED16B7A64
:107F70008DF8043090F83D30ADF800306846362377
:107F8000ADF80230E7F7E2FE03B030BD032CFBD1C1
:107F90001E224A80FFF778FCF6E738B5436C9B78E1
:107FA00004460D46C3B1FFF745FA0A20E8F704FD81
:107FB000014640B10E2303722B7943722046BDE87F
:107FC0003840E8F7B5BC40F603036B8029462046ED
:107FD000BDE83840FFF758BC38BD0000F0B5D0F818
:107FE00044C0DCF8103099B004460D4610AE03F1E1
:107FF000200718685968324603C20833BB42164648
:10800000F7D1DCF808306A4603F1200E17461868ED
:108010005968164603C6083373453246F7D1DCF873
:1080200008200DF1200C02F1200340321868596835
:10803000664603C608339342B446F7D1094994F81B
:108040003D2091F8E01019233846E4F74FFA30B993
:108050004EF203036B8029462046FFF715FC19B04A
:10806000F0BD00BFEC7B0210F0B5CB7887B00546C1
:108070000C4633BB0A4601462020E8F7DBFD0646E6
:10808000E8B1154B02AA03F1100E9446186859681E
:10809000174603C7083373453A46F7D1231D3246C6
:1080A00004F1240153F8040B42F8040B8B42F9D17C
:1080B00000942B46202231466046E8F79BFD07B02E
:1080C000F0BD90F83D000B22E8F7DAFE2146284685
:1080D000FFF7DAFBF3E700BFBC260500436CF7B5FA
:1080E000044698690E4610304968EAF754FD324656
:1080F00021463520E8F79EFD054618B300270422E7
:10810000114900F8017BE8F7F3FD636C5969E8F762
:10811000F6FD636C59691031E8F7F1FD0146204620
:10812000FFF78BFC01462046FFF7B8FC01230370E4
:108130004770636C986900962346352229461030B3
:10814000E8F758FD03B0F0BDCD260500436CF7B548
:1081500004460E4698694968EAF71DFD32462146F5
:108160003520E8F767FD054618B3012704221249B8
:1081700000F8017BE8F7BCFD636C5969E8F7BFFDC7
:10818000636C59691031E8F7BAFD01462046FFF7E4
:1081900054FC01462046FFF781FC00230770437022
:1081A000636C986900962346352229461030E8F71B
:1081B00021FD03B0F0BD00BFCD260500436C73B5B3
:1081C00004469869102210440D464968EAF712FDEA
:1081D0002A4621464120E8F72DFD064630B3636C60
:1081E0005969E8F78CFD636C59691031E8F787FD30
:1081F000636C59693031E8F782FD94F823300370DD
:1082000094F82230437094F821308370C11C2046CA
:10821000FFF713FC01462046FFF740FC606C009519
:108220008069234641223146E8F7E4FC02B070BD84
:1082300073B50A4604460D4601464120E8F7FAFCAC
:10824000064630B3636C59691031E8F758FD636C2A
:108250005969E8F754FD636C59692031E8F74FFD1F
:1082600094F82A30037094F82930437094F8283039
:108270008370C11C2046FFF711FC01462046FFF722
:10828000DCFB606C00958069234641223146E8F7AB
:10829000B1FC636C6968586902B0BDE87040EAF7E8
:1082A0007ABC38B50D460446FFF7C4F80A20E8F753
:1082B00083FB014640B10B2303722B7943722046A6
:1082C000BDE83840E8F734BB38BD036B37B504462A
:1082D0000D466BB94020EAF767F9206340B940F6D4
:1082E00003036B8029462046FFF7CEFA03B030BD6A
:1082F000012294F83D001146E7F7CCF86B681A4666
:10830000684652F8081F21629188A184927984F806
:1083100026209A7A8DF80520DA7A8DF804205A7B87
:108320009B7B8DF8073094F83D30ADF80030312359
:108330008DF806208DF80230E7F708FDD6E700003B
:1083400073B5022380F82730234B244E1B681A791B
:1083500080F828200A7980F829204A7980F82A2094
:108360009B7980F82B308B7980F82C30CB7980F892
:108370002D300D46D6F8E4300DF107020DF106015F
:108380000446984728B36A7994F82330134013F0D1
:10839000080F14BF0C23032384F83F302046FFF757
:1083A00049F80F20E8F708FB014650B1234653F87F
:1083B000272F82609A8882819B7983732046E8F711
:1083C000B7FAD6F8E8309DF807209DF80610204649
:1083D000984702B070BD00BFA0470010EC7B0210B0
:1083E00010B54B68026B03F109012032193351F8C3
:1083F000044B42F8044B9942F9D1002380F83F30F6
:1084000010BD10B50446FFF7EBFF006B10213030B4
:10841000E4F72AF9216B204601F13002BDE8104053
:10842000E8F72CB970B5066B0D4604461022686853
:1084300006F1200100F074FFD0B194F8423094F8B6
:108440003D00013384F84230E8F706F80423EB706E
:108450000C4B1A6894F84230D27993420CBF0D232A
:108460000323AB7029462046BDE87040FFF70CBAE5
:1084700006F1100306F1300231462046BDE8704097
:10848000E8F7FEB9A047001038B590F82B5090F8E7
:10849000243049689D420446006B28BF1D462A4689
:1084A0002030CEF7C7FE206B2030C5F1100200212E
:1084B0002844CFF72BFC2046FEF7BCFF1920E8F735
:1084C0007BFA98B104230372236B00F1090103F1D5
:1084D0003002403352F8045B41F8045B9A42F9D110
:1084E00001462046BDE83840E8F722BA38BD000012
:1084F00070B590F83F6004460D46E6B990F8261036
:1085000090F82D301940FFF74DF8A0B194F82530C0
:1085100094F82C2084F83F601340D8070ED50E4AFB
:1085200092F8EC2042B1626C12782AB199070BD50F
:10853000082384F83F3070BD0623FAE79A07F7D482
:108540005B0701D50A23F4E70E23AB7029462046CA
:10855000BDE87040FFF798B9EC7B021013B500231B
:10856000044680F83F300191FEF764FF236B94F8D6
:108570003D201A8094F84020019912F0040F14BF96
:1085800002220122DA7794F8240094F82B20824208
:1085900028BF0246204683F8202002B0BDE81040E4
:1085A000FFF7A6BF38B590F8252090F82C300D467F
:1085B00013404A68016B0446FFF7B4F838B10E2344
:1085C000AB7029462046BDE83840FFF75DB938BD9D
:1085D00037B5436C5A78032A04460D461ED15869B4
:1085E0000F492030EAF7D7FA636C0D4958693030EB
:1085F000EAF7D1FA2A7D032A10D8636C5869291D3D
:108600002D300191EAF7F6FA636C2A7D58690199D9
:108610003D3003B0BDE83040EAF7ECBA03B030BDFE
:10862000F7F3040038B504460D46FFF7ECFB294686
:108630002046BDE83840E8F769BB000038B5436C18
:10864000044658690D4610210844E4F70DF8636CA0
:10865000094958692030EAF79EFA636C064958695F
:108660003030EAF798FA042384F83F302946204650
:10867000BDE83840FFF711BCF7F304004A68E8F79B
:10868000C5BB38B5436C0D46496804460931586985
:108690001022EAF7AFFA29462046BDE83840FFF736
:1086A00011BC38B50D2380F83F30436C5A6904463D
:1086B0000D461032E8F782FB29462046BDE83840D7
:1086C000FFF72EBC436C49685869102209315030BD
:1086D000EAF790BA30B5436C044658690D4610214C
:1086E00085B00844E3F7C0FF042384F83F30636C8F
:1086F0002046DA689B6803920293E8F7AFFB616C4F
:1087000049691031CDE90001DDE9023229462046F0
:10871000E8F7A0FA05B030BD38B504460D46FFF7BE
:10872000D1FF29462046BDE83840FFF7D3BF38B512
:1087300004460D46FFF74CFF29462046BDE8384069
:10874000FFF7C8BFFFF79ABF30B5436C0D464968C5
:10875000044685B0586909311022EAF74BFA636C78
:1087600020469A68DB6803920293E8F777FB616C16
:108770004969DDE90232CDE9000129462046E8F7E2
:1087800069FA05B030BDF7B5466C776904460D4609
:108790001022496807F1500000F0C2FD20B12046C8
:1087A000E8F78CFB03B0F0BDF3780133DBB2132B99
:1087B000F3700BD91B238DF8063094F83D30ADF8DB
:1087C000043001A92046FFF75FF8EBE7032384F8A4
:1087D0003F3007F110021A23294620468DF8063053
:1087E000E8F7ECFAE9E7042380F83F30704700002F
:1087F00030B5436C0D464968044687B0586910226D
:108800000931EAF7F7F994F82230012B05D0636CAF
:10881000144958693030EAF7BEF9636C94F829209E
:108820005869012A00F120000AD19B6801900022BA
:10883000009229461A462046E8F70CFA07B030BDE8
:108840000849EAF7A8F994F83D30ADF80C301C233C
:108850008DF80E3003A9002320460593FFF714F886
:10886000ECE700BFF7F3040070B5436C5E6990F865
:108870002930012B04460D460BD14968102206F120
:10888000500000F04DFD20B12046BDE87040E8F7F3
:1088900015BB0D231021701884F83F30E3F7E4FE78
:1088A000636C5A69294620461032BDE87040E8F7EB
:1088B00085BA0F23496880F83F30436C586910220D
:1088C00009315030EAF796B90D22436C80F83F2009
:1088D0005A78032A03D15A691032E8F76FBA704701
:1088E00038B590F83F300D2B04460D4607D1436C48
:1088F00049685869102209315030EAF77BF9294656
:108900002046BDE83840FFF769BB0000436C73B5F3
:10891000044658690D4610304968EAF73CF9666C20
:108920007169102201F1500000F0FAFC0146B0B963
:1089300094F82B3094F82400834228BF0346B06992
:108940001030C3F110021844CFF7E0F9636C5A6994
:10895000294610322046E8F709FA02B070BD0B2311
:108960008DF8073094F8423094F83D00ADF80400DB
:10897000013384F84230E7F76FFD084B1A6894F82A
:108980004230D27901A993420CBF0D231D2320460A
:108990008DF80630FEF778FFDFE700BFA047001034
:1089A000114B124903221A615A61114A9961DA6125
:1089B0004FF480621A6200229A625A62DA62196681
:1089C0000C495966102199661A67DA665A67BFF32F
:1089D0005F8F094911F8010998540132102AF9D121
:1089E000BFF35F8F704700BFA08A0210D126050039
:1089F0001004021000040210E92605000369C16892
:108A00008B429DBF8268D21802F1FF3203F1FF331F
:108A100094BF501A581A70472DE9F843D0E90294D0
:108A20000546A9EB04084068904520440F461444CD
:108A300006D9CEF7FFFBBFF35F8FEC60BDE8F8838C
:108A40004246A4EB0904CEF7F5FB6868224607EB23
:108A50000801EEE72DE9F843C56806468946174642
:108A60004FF000083469B3687068A54228BFE41865
:108A7000013C621B5C1BBC4228BF3C46944228BFA1
:108A80001446494622462844CEF7D4FBB368254411
:108A9000A044A1443F1BAB4208BF0025BFF35F8F3A
:108AA000F560002FDED14046BDE8F883F8B5184CDC
:108AB000182300FB033503FB00402544C46A012C46
:108AC0000F4616460FD0022C1AD0F4B92846FFF7ED
:108AD00095FF864205D8324639462846FFF79CFF67
:108AE00034462046F8BD2846FFF788FF86423446C4
:108AF00028BF0446224639462846FFF78DFFF0E797
:108B00002846BDE8F840FFF7A5BF0024E9E700BF0D
:108B1000A08A021037B50B4B1B780C462BB9CDE958
:108B20000002FFF73DFFDDE90002EFF311854FF092
:108B3000200181F311882146FFF7B8FF85F31188E2
:108B400003B030BDA08A021013B504460846019157
:108B5000CBF7D6FA01990246204602B0BDE8104094
:108B6000FFF7D8BF2DE9F041154D1E462B7804467E
:108B7000884617460BB9FFF713FF022C1DD8EFF3F9
:108B8000118C4FF0200181F3118864B1182004FB8F
:108B90000003EA1845F80380576000FB04520023E5
:108BA000166293625362182000FB0454069BE36232
:108BB0008CF311880020BDE8F0814FF0FF30FAE718
:108BC000A08A0210826810B504464068531C834294
:108BD00005D820688154A360E3680133E360D4E9D9
:108BE00001329A420BD121682069FFF793FFA368F5
:108BF000984215BF4FF0FF330023E360A36010BD20
:108C00002DE9F84F9946DDE90A43164605468846A0
:108C10000A464FF0010AB24212D2CA4538BFCA46CC
:108C200013F0010B01D184B90024EB68002B48DB61
:108C30000127B9F1010F1FD909F1FF397743F8E78F
:108C40000AF1010AB2FBF6F2E5E79B0712D5B9F18A
:108C5000000F0CBF30272027A245E6D23946284610
:108C6000FFF7B0FFEB68002B04F1FF34DDDB002CD5
:108C7000F2D1D9E72027EFE7B8FBF7F39E42DDD921
:108C8000DFF84890B8FBF7F3284619F8031007FB04
:108C90001388FFF797FFEB68002B03DBB7FBF6F3B6
:108CA000B74210D2BBF1000F0BD054B1A24508D28D
:108CB00020212846FFF786FFEB68002B04F1FF34E4
:108CC000F3DABDE8F88F1F46DCE700BFEB260500AE
:108CD0002DE9F04F9BB00AAB0E46059340210023CF
:108CE000CDE90613CDE90830039015464FF00A0A86
:108CF00016F8011B39B9089B002B00F30B8108986B
:108D00001BB0BDE8F08F252940F0B5804FF0000B77
:108D100007E0302B0FD14BF0020B01E04BF0010BC1
:108D20000E46314611F8013B2D2BF7D0F1D8232BFD
:108D300011D02B2B0CD00024314611F8013BA3F1AC
:108D4000300009280AD80AFB0434303C0E46F3E709
:108D50004BF0040BE4E74BF0080BE1E72E2B0FD1AF
:108D60000E464FF00009304610F8011BA1F1300704
:108D7000092F07D80AFB0913A3F130090646F2E7C9
:108D80004FF00009304610F8011B01F0FB07682F77
:108D90000646F8D0782909D86F290BD8632966D000
:108DA00020D8252967D0582900F09480089B002BF3
:108DB0009EDAA0E770390829F8D801A353F821F00A
:108DC000058F0400AD8D0400AD8D0400E58E040018
:108DD000AD8D0400C38E0400AD8D0400AD8D040084
:108DE000D58E04006429E1D129680F68081D87EA3F
:108DF000E7712860A1EBE7714FF0010809293EDC1B
:108E0000C84538BFC8462CB1002F02DB1BF0040F49
:108E100000D0013C1BF0020F02D0B9F1000F04D0CA
:108E20001BF0010F01D17CBB002408990029BDDB98
:108E3000002F35DA7F422D2105A8FFF7C3FE0899E0
:108E40000029B3DB0BF00301022904D1B9F1000FB3
:108E500001D154BB002408990029A7DBCDE9004BC0
:108E60004B460A22394605A8FFF7CAFE9EE72B6843
:108E70001A1D19782A6005A8FFF7A4FE96E708F1E5
:108E80000108B1FBFAF1B9E7A045CED2202105A82F
:108E9000FFF798FE0899002904F1FF34C3DAC4E70C
:108EA0001BF0040FCBD02B21C6E7A045D3D2302135
:108EB00005A8FFF787FE0899002904F1FF34C8DAF6
:108EC000C9E72968CDE9004B081D28604B460A22F6
:108ED0000968C8E72968CDE9004B081D28604B46A2
:108EE0001022F5E72B681A1D2A601C6814F8011B74
:108EF00000293FF45BAF05A8FFF764FE089B002B39
:108F0000F4DA53E729680B1D2B6000220823CDE912
:108F10000032E5E7079A1AB103980AA9FFF7FAFDAC
:108F2000DDE9072313440893E9E600BF0EB403B557
:108F300003AB01AA53F8041B0193FFF7C9FE02B06B
:108F40005DF804EB03B0704710B510220446002111
:108F5000F130CCF724FE0021C4F814112046F02291
:108F6000BDE81040CCF71BBE024608461021E9F7C9
:108F700001BF2DE9F0430446D0F8140185B00E4638
:108F8000154604F2011788B3C0F110099145C8468F
:108F900028BF90461FFA88F23844CCF7ECFDD4F88D
:108FA000143143440F2BC4F8143128D9A94526D2D3
:108FB00004F1F103994613F8012BD97BBB4282EAF5
:108FC000010203F8012CF6D1102249466846CCF77D
:108FD000D2FD224669466846E9F746FF10226946F7
:108FE0004846CCF7C8FD4644A5EB0805102D09D826
:108FF000AAB231463846CCF7BEFDC4F8145105B0CC
:10900000BDE8F08304F1F103711E98461A7811F857
:10901000010F424003F8012BBB42F7D11022414619
:109020006846CCF7A8FD224669466846E9F71CFF6A
:10903000102269464046CCF79EFD1036103DD5E71C
:1090400070B588B00C461022002105466846CCF762
:10905000A6FD224669466846E9F706FF9DF90030FD
:10906000002B6A464FF0000141DA137812F8010F25
:1090700001315B0043EAD0130F2902F8013CF4D11F
:109080009DF80F305B0083F087038DF80F30D4F824
:109090001431102B3AD104F20113694604F2111075
:1090A0001A7811F8016B724003F8012B9842F7D13E
:1090B00004F1F10304F20110194613F8012BDE7BD1
:1090C000984282EA060203F8012CF6D110220DEB39
:1090D0000200CCF750FD2246294604A8E9F7C4FE59
:1090E000102200216846CCF75AFD08B070BD1378F5
:1090F00012F8010F01315B0043EAD0130F2902F887
:10910000013CF4D19DF80F305B00BEE79DF90020D3
:10911000002A69464FF0000031DA0A7811F8016F31
:109120000130520042EAD6120F2801F8012CF4D186
:109130009DF80F20520082F087028DF80F20E21870
:109140008021581C82F801110026014604F2011208
:109150000F2923D91028C3F10F0388BF002303442C
:10916000C4F814316946134604F211101A7811F844
:10917000016B724003F8012B9842F7D198E70A7807
:1091800011F8016F0130520042EAD6120F2801F89F
:10919000012CF4D19DF80F205200CEE75654013136
:1091A000D6E7000007B5AA230DF1070201214FF40D
:1091B0007E208DF80730D9F713FDBFF34F8F054997
:1091C000054BCA6802F4E0621343CB60BFF34F8FD4
:1091D00000BFFDE700ED00E00400FA0570B52DEDDD
:1091E000028B82B00446D9F7C3FB042894BF244BFA
:1091F000DFED248A244E9CBF03EB8000D0ED008A73
:10920000D9F7B8FBB7EE088A0228F0EE007A0DF124
:1092100006014FF00D0018BFB0EE678AD9F7ACFB1E
:109220000025CBF74FFFA842BDF8063006D956F807
:10923000082B226056F8042C93421FD207EE903A76
:10924000B8EE677AC7EE287A9FED107A67EE887AD3
:1092500067EE877AB0EE047A67EE877AB7EE087A1F
:10926000C7EE876A9FED0A7ADFED0A7AE6EE877A23
:10927000C4ED007A02B0BDEC028B70BD0135D0E7C1
:10928000FC26050000008044042B00106666A63F03
:10929000AE4701403D0A573E10B52DED028B82B01E
:1092A0000446D9F765FB042894BF144BDFED148AFC
:1092B0009FED148A9CBF03EB8000D0ED008AD9F7A4
:1092C00059FBF0EE007A02280DF106014FF0FF0085
:1092D00018BFB0EE678AD9F74FFBBDF8063007EE2E
:1092E000903AF8EE677A67EE887A87EEA87A84ED8E
:1092F000007A02B0BDEC028B10BD00BFFC26050059
:10930000000080449A99993F0A22002100F076B922
:10931000024B1844407800F044007047CBA504008D
:1093200030B501390024A24201D1002005E0035DDF
:1093300001340D5DAB42F6D0581B30BD38B50D4B36
:109340001D68AB6B04467BB91820CDF763FF0A4A52
:109350000A4BA863C0E90023094B83600B23838178
:1093600001220023C0E90423AB6B00221C615A6177
:1093700038BD00BF702C00100E33CDAB34126DE63B
:10938000ECDE0500134B10B51C68A36B7BB91820ED
:10939000CDF740FF104A114BA063C0E90023104BEA
:1093A00083600B23838101220023C0E90423A16B86
:1093B0000C480A694B690C4C504304FB0300A2FBA8
:1093C00004345A1C044444F10000C1E9042020F094
:1093D000004010BD702C00100E33CDAB34126DE682
:1093E000ECDE05002DF451582D7F954C024B0A46BA
:1093F00001461868CEF79EBC702C00100EB410B554
:109400009FB021AC4FF4017154F8042B0192ADF8D8
:109410001C1004900890CAF773FE0C4B059009903D
:109420000D930B48019A006803940023119316933F
:109430004FF6FF73ADF81E3004A9234600F0F4F98F
:109440001FB0BDE8104003B0704700BF5594040042
:10945000702C00100020704770B50C4D04462E464D
:1094600014F8013B5A5D02F00302012A11F8012BA6
:10947000B05C00F0030008BF2033012808BF203291
:10948000981A01D1002AEBD170BD00BFCCA5040011
:10949000034611F8012B03F8012B002AF9D170477C
:1094A00070B50F4E04460A448A4201D1002013E0F1
:1094B00014F8013B985D00F00300012811F8010B3E
:1094C000355C05F0030508BF2033012D08BF2030AF
:1094D0001B1A02D10028E7D170BD1846FCE700BF77
:1094E000CCA5040070B503461E4613F8014B3CB1F1
:1094F0004A1E01E0A542F7D012F8015F002DF9D114
:10950000301A70BD2DE9F0473A4E86468C466046CB
:109510001CF8014BA55D15F00805F8D12D2C33D1B1
:109520009CF800404FF0010800F1020C002B5CD0C9
:10953000102B0CD1302C0AD19CF8000000F0DF0079
:1095400058284DD19CF8014010230CF1020C08F171
:109550000047013F0026B7FBF3F9304603FB197AB9
:10956000A4F13005092D18D82C46A34224DD751C22
:1095700007D081451DD301D1A2451ADB00FB034072
:1095800001261CF8014BEBE72B2C08BF9CF8004090
:10959000A84608BF00F1020CC8E7A4F14105192D47
:1095A00001D8373CE1E7A4F16105192D04D8573CF7
:1095B000DBE74FF0FF36E4E7731C06D12223CEF839
:1095C0000030384642B9BDE8F087B8F1000F00D04E
:1095D0004042002AF7D00EB10CF1FF311160F2E7E2
:1095E0003024002BB3D10823B1E7302CA4D00A23B8
:1095F000ADE700BFCCA50400FFF784BF13460A46C1
:10960000014602480068FFF77DBF00BF702C0010C4
:109610002DE9F0433B4E86468C4660461CF8014BD4
:10962000A55D15F00805F8D12D2C34D19CF800402B
:109630004FF0010800F1020C002B5ED0102B0CD172
:10964000302C0AD19CF8000000F0DF0058284FD1E0
:109650009CF8014010230CF1020C4FF0FF3700255D
:10966000B7FBF3F703FB07F96FEA09092846A4F1F2
:109670003006092E18D83446A34224DD002D1FDB06
:1096800087421DD301D1A1451ADB00FB0340012510
:109690001CF8014BEBE72B2C08BF9CF80040A846B8
:1096A00008BF00F1020CC7E7A4F14106192E01D84A
:1096B000373CE1E7A4F16106192E04D8573CDBE7FB
:1096C0004FF0FF35E4E7002D07DA2223CEF8003013
:1096D0004FF0FF3042B9BDE8F083B8F1000F00D081
:1096E0004042002AF7D00DB10CF1FF311160F2E7D2
:1096F0003024002BB1D10823AFE7302CA2D00A23AD
:10970000ABE700BFCCA50400FFF782BF13460A46B3
:10971000014602480068FFF77BBF00BF702C0010B5
:10972000034BC35C03F00303022B08BF20387047D0
:10973000CCA5040000B59BB0009104916FF00041EE
:1097400005910291054903916946CEF7A3F9009B63
:1097500000221A701BB05DF804FB00BF0802FFFF77
:1097600013460A46014602480068FFF7E3BF00BF00
:10977000702C001038B54B1C144603D14FF0FF3548
:10978000284638BD938923F020039381636B526888
:10979000CDB28BB1A36B934208DD23685A1E2260C1
:1097A00003F8015C636801336360E9E7214600F078
:1097B00039FB0028F1D0E1E72169236851B19942D2
:1097C00008D213F8011CA94204D1013B01322360E5
:1097D0006260D5E7C4E90F3204F1440363630323F5
:1097E000A363234603F8465F23600123DCE710B53B
:1097F0000C46496B69B104F14403994201D0CEF79C
:1098000043F8236C63600020606313B1E36B236053
:1098100010BD2369236000236360A38943F0200304
:10982000A3814FF0FF30F3E72DE9F04F0C46ADF583
:10983000237D0021CDE94411B249A0910DF1040826
:10984000B149B24FDFF8C892CDF818810646A19110
:10985000009392F800A0BAF1000F00F051811AF8BD
:10986000073013F0080302F1010519D06368002BDB
:109870000FDD23681A78BA5C120701D42A46E8E79C
:10988000459A0132459262680133013A6260236071
:10989000ECE7A19B2146304698470028E9D0EDE748
:1098A000BAF1250F40F083804193439353782A2BDC
:1098B00002BF1023951C41930A22AB461BF8011BE3
:1098C000A1F13003092B1DD991480322CAF720FCCE
:1098D00040B10123A0EB090003FA00F0419B1843BB
:1098E00041905D4615F8013B782B06D8572B10D8D0
:1098F000252B5CD056D8002B74D0032347930A2322
:10990000429381E0439B02FB0313303B43935D464C
:10991000D3E7A3F15802202AEFD801A151F822F091
:10992000F3990400FB980400FB980400519A04008A
:10993000FB980400FB980400FB980400FB980400CB
:10994000FB980400FB980400FB980400679A04004D
:109950003D9A0400AB990400AB990400AB99040054
:10996000FB980400419A0400FB980400FB98040053
:10997000FB980400FB980400779A0400499A0400BD
:10998000EB990400FB980400FB980400739A040010
:10999000FB9804003D9A0400FB980400FB98040027
:1099A000F3990400453B022BA7D805232BE06368FD
:1099B000002B0DDD23681A78524540F0A180013359
:1099C00062682360459B013A01336260459355E725
:1099D000A19B2146304698470028EBD044980028A8
:1099E00040F084804FF0FF3086E0419A42F0200240
:1099F0004192419A42F40072419210226F2B42929E
:109A000034BF0323042347936368002B41DD419B4C
:109A1000590604D423681A78BA5C120740D4479BCD
:109A2000022B4FDC6B46224641A9304600F074F809
:109A3000012865D002287FF421AFCFE70A22DDE7B5
:109A4000002342930323DEE7082342930423DAE74B
:109A50002946404600F0ACF9419B43F04003419356
:109A600005460123CFE7419B43F040034193002388
:109A7000C9E70223C7E74198C3063FF5FFAE009B45
:109A8000459A191D00911B68C0074CBF1A801A60C7
:109A9000F4E6A19B2146304698470028B7D09DE7C1
:109AA000459A013245926268013A002A626002DDFD
:109AB00001332360AEE7A19B21463046984700283A
:109AC000A8D08BE7042B06DC6B46224641A9304622
:109AD00000F07AF8ACE70F4B002B3FF4CFAE6B46AB
:109AE000224641A93046AFF30080A1E7A38913F0D5
:109AF000400F18BF4FF0FF300DF5237DBDE8F08F0C
:109B00004498F9E775970400EF970400CCA504008A
:109B1000BAA50400000000002DE9F84315468A6844
:109B200080460C4632B98A69002A0CBF01224FF0E8
:109B3000FF328A602268DFF88C90D1065FBF1A6816
:109B4000111D196016680027A06988B1012807D186
:109B50002B681A7863699B5C53B927BBBDE8F8830F
:109B6000022820D12B681B7813F809301B071AD460
:109B70002368DA065EBF2B681B7806F8013B2A686B
:109B80006B6801322A60A268013B013A6B600137C1
:109B9000A26042B1002BD7DCD4F880312946404680
:109BA00098470028D0D0236813F0100305D1E2684D
:109BB0000132E260A26902B1337023691F44276158
:109BC0000020CBE7CCA504002DE9F04F9846744B5C
:109BD0000C468246164693E8070087B003AB83E83D
:109BE0000700704BA169704A032918BF1A46A36881
:109BF00001925A1EB2F5AE7F88BF6FF4AE7527464C
:109C000082BF03EB050940F25D13A36057F81C3BCC
:109C100043F4506398BF4FF0000923603D464FF076
:109C2000000B316803AB097853F82B000222CAF706
:109C30006FFA28B3BBF1010F59D162682AB92268C3
:109C4000082342F4007263602260226822F4A0625A
:109C50002260A268511EA16092B13268511C31602D
:109C6000127805F8012B7268013A002A726007DC4D
:109C7000D4F88021314650469047002840F0858036
:109C80000BF1010BBBF1030FCBD163680BB90A23B6
:109C90006360636845496069C91A00F089F84FF04C
:109CA000000BA3682268002B3DD03168606991F8F1
:109CB00000C010F80C00002835D0BCF1300F24D1C2
:109CC000100522D50BF1010BB9F1000F03D00133C0
:109CD00009F1FF39A3607368013B002B73601BDD42
:109CE000336801333360A368013BA360D9E7BBF15C
:109CF000020FAED1226802F4C061B1F5007FBFD17E
:109D00001023636042F48072A2E722F410622260A2
:109D10000B7805F8013BDEE7D4F880313146504638
:109D200098470028DFD02368D9050DD5BD4209D951
:109D300015F8011CD4F87C3132465046984705F19D
:109D4000FF394D46BD4228D0226812F0100213D1CF
:109D50002A706368019E39465046B047D8F80030F3
:109D600021681A1DC8F8002011F0200F1B680FD0C1
:109D70001860E3680133E360ED1BAB4425695D4483
:109D80002561002007B0BDE8F08F4FF0000BCAE757
:109D9000CA074CBF18801860EBE70120F2E700BF4C
:109DA000DCA0040009970400F995040026270500AB
:109DB00070B50B7804465E2B0BBF4B78481C881C93
:109DC000002208BF0122611E04F1FF0501F8012FE6
:109DD000A942FBD10BB9013870BD82F00101E154F9
:109DE000421C12F8015C2D2D02F1FF36104606D000
:109DF0005D2DF1D00DB93046EEE72B46EFE7167832
:109E00005D2EFAD0B342F8DC184601308642215468
:109E1000FBDCD84330445D1CB342A8BF00202B18A4
:109E20000232DEE72DE9F0410C46496B04F14403B0
:109E300099421DD14FF48061CDF776FD18B94FF0EE
:109E4000FF30BDE8F0814FF48063A36394F846309F
:109E5000606380F8FF3394F8453080F8FE3394F85F
:109E6000443080F8FD3300F2FD3020600020E8E748
:109E7000A66B77003A46CDF75DFF05460028DED099
:109E800000EB0608014632464046CDF7D3F9C4E957
:109E90000D57C4F80080E9E751EC100BF8B5C1F399
:109EA0000A53A3F2FF35132D10EE106A0C4620DC86
:109EB000002D3DDB384F2F4101EA070303431DD03E
:109EC00033A3D3E90023CAF783F900220023CAF79A
:109ED000C5FD48B1002C04DA4FF4801343FA05F5B0
:109EE0002C4424EA070400262346324643EC102B78
:109EF000F8BD332D05DDB5F5806F29D041EC100B91
:109F0000F8BDA3F213434FF0FF37DF400742F5D00F
:109F10001FA3D3E90023CAF75BF900220023CAF785
:109F20009DFD0028E0D0002C23DB26EA0706DBE7B6
:109F300017A3D3E90023CAF74BF900220023CAF77D
:109F40008DFD0028D0D0002C0ADB00263446CBE75C
:109F500010EE102A0B46CAF73BF941EC100BF8BD86
:109F600024F000430D4A1E43002E18BF144600265D
:109F7000BAE7142D08D00123C5F1340503FA05F51D
:109F8000AE1928BFE418D0E70134CEE7AFF3008064
:109F90009C7500883CE4377EFFFF0F000000F0BF97
:109FA00049500100CDC80100D1C90100EDCA01002E
:109FB0000201041AFF4C000215000000010000001D
:109FC0000C0200000000000000000000040000007F
:109FD000200000002000000002000000000000003F
:109FE0003200000001010100A027BE330000000084
:109FF00050010000E034C1330000000050010000B7
:10A000002042C433000000005001000064CE8F33B2
:10A01000000000005000000084FE943300000000A7
:10A0200050000000E8E19D330000000050000000F7
:10A030002021F6360000000050000000602EF936A6
:10A040000000000050000000A03BFC3600000000B3
:10A0500050000000A05CCA33000000007000000047
:10A06000E069CD330000000070000000C194C10021
:10A0700000000000000000000000000000000000E0
:10A08000000000000000000050554400A0AA990004
:10A09000A0AA9900A0AA990000000000881300005F
:10A0A00010270000204E000030750000409C00008A
:10A0B00050C3000060EA0000C0D4010080A9030082
:10A0C00000530700FFFFFFFFFFFFFFFFFFFFFFFF42
:10A0D000FFFFFFFF00000000000000001027050048
:10A0E00041C004001327050053504920466C61739A
:10A0F00068204A454445432049443A004D616E7505
:10A1000066616374757265722049443A2030780044
:10A110004D656D6F727920547970653A202020204A
:10A1200030780043617061636974792049443A2052
:10A13000202020307800466C617368206368697065
:10A140002064657465637465642100466C6173689E
:10A150002063686970206E6F742064657465637431
:10A160006564206F72204944206D69736D6174636A
:10A17000682E0052414B776972656C65737320419C
:10A18000726475696E6F204C45442042726561743B
:10A1900068696E67204578616D706C65002D2D2DA6
:10A1A0002D2D2D2D2D2D2D2D2D2D2D2D2D2D2D2DDF
:10A1B0002D2D2D2D2D2D2D2D2D2D2D2D2D2D2D2DCF
:10A1C0002D2D2D2D2D2D2D2D2D2D2D2D2D2D2D2DBF
:10A1D0002D2D2D005363616E6E696E672E2E2E003D
:10A1E00054657374696E67205365636F6E64206491
:10A1F00065627567676572004932432064657669F8
:10A20000636520666F756E6420617420616464729A
:10A210006573732030780020202100556E6B6E6FBF
:10A22000776E206572726F7220617420616464724F
:10A23000657373203078004E6F2049324320646587
:10A24000766963657320666F756E640A00646F6E6D
:10A25000650A000001000000010300000103000086
:10A26000010001000103010001030100440B020091
:10A27000440B02002F55736572732F6A75616E72FD
:10A280006F6472696775657A2F4C69627261727961
:10A290002F41726475696E6F31352F7061636B6128
:10A2A0006765732F72616B5F7275692F6861726485
:10A2B000776172652F61706F6C6C6F332F342E3243
:10A2C0002E322F76617269616E74732F57697343F2
:10A2D0006F72655F52414B31313732305F426F618F
:10A2E00072642F7275695F696E6E65725F6D616908
:10A2F0006E2E63001B5B313B33376D005255492096
:10A3000056657273696F6E3A2025730052414B2E69
:10A310002530325825303258253032580043757276
:10A3200072656E7420576F726B204D6F64653A20B2
:10A33000004C6F5261205032502E0D0A004C6F526B
:10A340006157414E2E0D0A004C6F52612046534B0F
:10A350002E0D0A00534C4545500D0A005255492018
:10A36000494E4E4552204D41494E202D2041504FDF
:10A370004C4C4F33006C6F6F7000332E322E3130E7
:10A3800000312E352E31340062313332376265317F
:10A390003A33633032353330663A653163343739B6
:10A3A00039393A30383339333265393A33306335F5
:10A3B000393964633A63626339633966643A356391
:10A3C0006365633338313A38323736323961373A78
:10A3D00037663332386637363A3164653433626112
:10A3E000393A66343239616561373A3661336436F9
:10A3F0003834323A62396433396162363A643563EB
:10A4000036653838643A61323961616136653A647B
:10A41000613534353739643A643165373532313432
:10A420003A31333635666230633A3731343934364F
:10A4300065623A30656334663338393A3066306283
:10A440003664373600313131313434003230323510
:10A45000303931370061706F6C6C6F330072616B33
:10A460003131373230005255495F342E322E325F4F
:10A4700052414B313137323000494E4600696E66E9
:10A48000004E414E006E616E00303132333435364D
:10A490003738394142434445460030313233343550
:10A4A0003637383961626364656600496E66696E85
:10A4B000697479004E614E000080E03779C34143F2
:10A4C000176E05B5B5B89346F5F93FE9034F384D1A
:10A4D000321D30F94877825A3CBF737FDD4F1575C6
:10A4E000000000000000F03F0000000000002440D9
:10A4F00000000000000059400000000000408F40B4
:10A50000000000000088C34000000000006AF8401E
:10A510000000000080842E4100000000D012634142
:10A520000000000084D797410000000065CDCD41B8
:10A53000000000205FA00242000000E87648374299
:10A54000000000A2941A6D42000040E59C30A24237
:10A550000000901EC4BCD64200003426F56B0C43AC
:10A560000080E03779C3414300A0D8855734764353
:10A5700000C84E676DC1AB43003D9160E458E143B4
:10A58000408CB5781DAF154450EFE2D6E41A4B4429
:10A5900092D54D06CFF08044F64AE1C7022DB5446E
:10A5A000B49DD9794378EA44050000001900000001
:10A5B0007D000000232D302B2000686C4C00656668
:10A5C0006745464700504F5349580000202020203F
:10A5D0002020202020282828282820202020202053
:10A5E0002020202020202020202020208810101033
:10A5F000101010101010101010101010040404048B
:10A6000004040404040410101010101010414141FF
:10A61000414141010101010101010101010101016A
:10A6200001010101010101101010101010424242FD
:10A63000424242020202020202020202020202023A
:10A64000020202020202021010101020000000009C
:10A6500000000000000000000000000000000000FA
:10A6600000000000000000000000000000000000EA
:10A6700000000000000000000000000000000000DA
:10A6800000000000000000000000000000000000CA
:10A6900000000000000000000000000000000000BA
:10A6A00000000000000000000000000000000000AA
:10A6B000000000000000000000000000000000009A
:10A6C0000000000000000000000000002F5573652E
:10A6D00072732F6A75616E726F6472696775657ADD
:10A6E0002F4C6962726172792F41726475696E6F65
:10A6F00031352F7061636B616765732F72616B5FBA
:10A700007275692F68617264776172652F61706F0D
:10A710006C6C6F332F342E322E322F636F72657351
:10A720002F61706F6C6C6F332F636F6D706F6E6520
:10A730006E742F636F72652F6D63752F61706F6C10
:10A740006C6F332F7568616C2F7568616C5F626C1C
:10A75000652E63005478506F7765724374726C4451
:10A760006D436261636B00444D5F5343414E5F52E2
:10A7700045504F52545F494E445F534C4545503A03
:10A7800020256400444D5F5343414E5F5245504F76
:10A7900052545F494E443A20256400626C654D6F07
:10A7A00064756C65436363436261636B2076616CBF
:10A7B00075653A25642068616E646C653A2564208D
:10A7C0006964783A256400415454535F48414E44CB
:10A7D0004C455F56414C55455F434E46004E5553E0
:10A7E000004F5448455200415454535F4343435F24
:10A7F00053544154455F494E44006363632073746E
:10A8000061746520696E642076616C75653A2564B3
:10A810002068616E646C653A2564206964783A2525
:10A8200064004E65676F746961746564204D5455AA
:10A8300020256400424C45204D6F64756C652053A3
:10A84000657475702100444D5F4144565F53455413
:10A850005F53544152545F494E4400444D5F41445C
:10A86000565F5345545F53544F505F494E44004127
:10A87000647620737461727465642E00416476207E
:10A8800073746F707065642E005363616E2073740F
:10A890006172742E005363616E2073746F702E00AA
:10A8A0005363616E6E6572207175657565206572A2
:10A8B000726F7221212100284E55532920436F6E5B
:10A8C0006E65637465642E003E3E3E20436F6E6E7F
:10A8D000656374696F6E20636C6F73656420726565
:10A8E00061736F6E2030782578203C3C3C00626CB0
:10A8F000654D6F64756C65436C6F736520636F6E37
:10A900006E49643D25640025643A20257328293A60
:10A9100020756E6C6F636B3A0055706461746500EE
:10A92000444D5F5048595F5550444154455F494E2E
:10A9300044207374617475733A2025642C20525836
:10A940003A2025642C2054583A202564005061692F
:10A950007220636F6D706C657465642E0050616960
:10A9600072206661696C65642E00506169722065B1
:10A970006E63727970742E005061697220656E6327
:10A9800072797074206661696C65642E0048616E2E
:10A99000646C6520706173736B65792E0065636309
:10A9A0005F6B657900636F6D7061726500436C6504
:10A9B0006172207265736F6C76696E67206C697363
:10A9C0007420737461747573203078253032780088
:10A9D000444D5F48575F4552524F525F494E4400C5
:10A9E000444D5F56454E444F525F535045435F437D
:10A9F0004D445F434D504C5F494E4400436F6E6E73
:10AA000065637465642E0D0A00446973636F6E6E2E
:10AA100065637465642E0D0A004D656D6F72792053
:10AA2000706F6F6C20697320746F6F20736D616C31
:10AA30006C20627920256400526164696F546173EF
:10AA40006B3A2073657475700072785F6176616926
:10AA50006C61626C652E2825642900526563656906
:10AA600076656420646174612066726F6D20424C6B
:10AA700045204E55532E28256429002575206176E2
:10AA800061696C61626C65206973206C6573732009
:10AA90007468616E202575207265636569766564EA
:10AAA000210073656E64696E67206661696C656418
:10AAB0002E20282575290073656E64696E672063F2
:10AAC0006F6D706C657465642E20282575290053A0
:10AAD00063616E6E65725F48616E646C6572005290
:10AAE0006164696F5461736B005541525420414455
:10AAF0005620494E49542E2E2E0069424541434F5F
:10AB00004E2041445620494E49542E2E2E00435586
:10AB1000532041445620494E49542E2E2E004F7545
:10AB200074206F66204150505F4144565F54494D38
:10AB3000454F55545F4C494D495445445F4D41582C
:10AB400000284E5553292053746172742E202825F5
:10AB500064290028426561636F6E29205374617215
:10AB6000742E202825642900284355532920537426
:10AB70006172742E202825642900496E7075742036
:10AB8000424C4520536574204445564E414D452066
:10AB90003D2025732000496E70757420424C45207D
:10ABA0004C656E677468203D2025642000536574F1
:10ABB00020424C45204D41432041646472657373CB
:10ABC000203D202573005374617274696E6720778D
:10ABD0006963656E747269632074726163653A00BB
:10ABE0000000000000000000626C654D6F64756C31
:10ABF0006550726F634D7367000000000000000035
:10AC0000012F55736572732F6A75616E726F64726E
:10AC1000696775657A2F4C6962726172792F41722A
:10AC20006475696E6F31352F7061636B6167657331
:10AC30002F72616B5F7275692F68617264776172E0
:10AC4000652F61706F6C6C6F332F342E322E322F64
:10AC5000636F7265732F61706F6C6C6F332F636FEE
:10AC60006D706F6E656E742F636F72652F6D637597
:10AC70002F61706F6C6C6F332F7568616C2F756806
:10AC8000616C5F6375732E63005B25735D00636F9A
:10AC90006E6E496420202020202020202020203D8E
:10ACA000203078253032580068616E646C65202051
:10ACB0002020202020202020203D203078253032E8
:10ACC00058006F7065726174696F6E2020202020BB
:10ACD0002020203D20307825303258006F66667382
:10ACE000657420202020202020202020203D20309E
:10ACF0007825303458006C656E20202020202020DC
:10AD0000202020202020203D20307825303458007D
:10AD1000436861722564205772697465204342005C
:10AD2000636F6E6E656374696F6E206F70656E65BC
:10AD30006400636F6E6E656374696F6E2075706416
:10AD400061746520737461747573203D20307825BB
:10AD500078009ECADC240EE5A9E093F3A3B50100B8
:10AD6000406E0C02079ECADC240EE5A9E093F3A313
:10AD7000B50200406E0013009ECADC240EE5A9E077
:10AD800093F3A3B50200406E1004079ECADC240EA4
:10AD9000E5A9E093F3A3B50300406E0002001300A1
:10ADA0009ECADC240EE5A9E093F3A3B50300406E30
:10ADB0001000000050EB040052AD0400B0AD0400E0
:10ADC0001000000144EB040062AD040076AD040005
:10ADD0001300000178AD0400000000000000000036
:10ADE00000020B1044EB040088AD04009EAD04008B
:10ADF00013000001A0AD04000000000000000000EE
:10AE00000002091146EB0400206000109CAD040014
:10AE1000020020112F55736572732F6A75616E726F
:10AE20006F6472696775657A2F4C696272617279B5
:10AE30002F41726475696E6F31352F7061636B617C
:10AE40006765732F72616B5F7275692F68617264D9
:10AE5000776172652F61706F6C6C6F332F342E3297
:10AE60002E322F636F7265732F61706F6C6C6F334E
:10AE70002F636F6D706F6E656E742F636F72652FC9
:10AE80006D63752F61706F6C6C6F332F7568616CBB
:10AE90002F7568616C5F6E75735F6D61696E2E638F
:10AEA0000053656E6420746F20636F6E6E4964207A
:10AEB0003D202564004368617231205772697465D2
:10AEC00020434200436861723220577269746520E2
:10AED00043420043686172312052656164204342FD
:10AEE00000436861723220526561642043420075FC
:10AEF00068616C5F6E75735F6D61696E5F777269B3
:10AF000074655F636261636B007568616C5F6E7529
:10AF1000735F6D61696E5F726561645F63626163D7
:10AF20006B0050535F544D520055575F544D5200C3
:10AF30002F55736572732F6A75616E726F647269D3
:10AF40006775657A2F4C6962726172792F417264FC
:10AF500075696E6F31352F7061636B616765732F33
:10AF600072616B5F7275692F686172647761726577
:10AF70002F61706F6C6C6F332F342E322E322F6333
:10AF80006F7265732F61706F6C6C6F332F636F6DB1
:10AF9000706F6E656E742F636F72652F6D63752FA2
:10AFA00061706F6C6C6F332F7568616C2F756861A1
:10AFB0006C5F706F776572736176652E63005365A1
:10AFC0007420525820696E746572727570742E2EDA
:10AFD0002E00436C65617220525820696E74657250
:10AFE000727570742E2E2E00434F4E535F4556548B
:10AFF0005F5441534B005541525430205258206900
:10B000006E746572727570742E2E2E005265737593
:10B010006D652053797374656D0057414B455F55DD
:10B02000500D0A00554152543120525820696E7417
:10B030006572727570742E2E2E007568616C5F6D6E
:10B0400063755F726573756D65007568616C5F6DC2
:10B0500063755F73757370656E6400000C0219028E
:10B060000D021A0212021B0213021C0205071D0226
:10B0700006051E0216021F02170220022A020406FB
:10B080002B0207072C0218052D0221062E0227028B
:10B090002F0223053002250731020B02001A150684
:10B0A0001000051F08191E07180801060112150DCA
:10B0B00011010E0709011D0F19090D070213140EC6
:10B0C000120204080A1B1C061A0A0C1D0309181E8A
:10B0D0001303061C0B091F071B0B07140400101B8E
:10B0E000140F04110C0800131C020C190501111A8D
:10B0F00015010D100D0601121D0705180602011994
:10B100001C0A06120E0A05111E010E1A0703151855
:10B110001D0107130F0B14101F060F1B2F5573650E
:10B1200072732F6A75616E726F6472696775657A82
:10B130002F4C6962726172792F41726475696E6F0A
:10B1400031352F7061636B616765732F72616B5F5F
:10B150007275692F68617264776172652F61706FB3
:10B160006C6C6F332F342E322E322F636F726573F7
:10B170002F61706F6C6C6F332F636F6D706F6E65C6
:10B180006E742F636F72652F6D63752F61706F6CB6
:10B190006C6F332F7568616C2F7568616C5F7274AA
:10B1A000632E63004354494D455220496E746572C5
:10B1B000727570742E2E2E004F766572666C6F77E6
:10B1C000212121002F55736572732F6A75616E728C
:10B1D0006F6472696775657A2F4C69627261727902
:10B1E0002F41726475696E6F31352F7061636B61C9
:10B1F0006765732F72616B5F7275692F6861726426
:10B20000776172652F61706F6C6C6F332F342E32E3
:10B210002E322F636F7265732F61706F6C6C6F339A
:10B220002F636F6D706F6E656E742F636F72652F15
:10B230006D63752F61706F6C6C6F332F7568616C07
:10B240002F7568616C5F7370696D73742E63005342
:10B2500059535F544D52002F55736572732F6A75A1
:10B26000616E726F6472696775657A2F4C6962727C
:10B270006172792F41726475696E6F31352F70611B
:10B28000636B616765732F72616B5F7275692F689D
:10B29000617264776172652F61706F6C6C6F332FB0
:10B2A000342E322E322F636F7265732F61706F6C84
:10B2B0006C6F332F636F6D706F6E656E742F636F7D
:10B2C00072652F6D63752F61706F6C6C6F332F75A6
:10B2D00068616C2F7568616C5F756172742E6300B4
:10B2E00055415254303A20756472765F73797374A5
:10B2F000656D5F6576656E745F70726F64756365AA
:10B300000055415254313A20756472765F737973F7
:10B3100074656D5F6576656E745F70726F6475637A
:10B3200065005541525420506F7274256420697332
:10B33000206E6F7420726573756D6564005541529F
:10B3400054305F7461736B52780055415254305FD2
:10B350007461736B54780055415254315F7461735A
:10B360006B52780055415254315F7461736B54785D
:10B3700000000301030203030300030103020303AC
:10B38000030303030303030303030303030303038D
:10B390000300030103020303030003030301020389
:10B3A0000300030103020303030003010302030379
:10B3B0000000000000000000010001000100010089
:10B3C000000000000000000000000000000000007D
:10B3D0000000000000000000010000000101010069
:10B3E0000000000000000000010001000100010059
:10B3F000000000000000000000000000000000004D
:10B400000000000000000000000000000000000339
:10B410000003000300030003000000030303000116
:10B420000001000100010001000100010001000114
:10B43000010000000000000000000000F3C7010050
:10B440000BC801003BC8010035C8010011C801004C
:10B4500017C8010041C80100000000000000000002
:10B4600045CA0100E5C9010041CA010043CA010003
:10B4700005CA010019CA01000A232323232323201C
:10B480003D3D3D3D3D3D3D3D3D3D3D204D4C4D45D2
:10B490002D52657175657374203D3D3D3D3D3D3DCB
:10B4A0003D3D3D3D3D202323232323230A00232329
:10B4B0002323232320202020202020202020202080
:10B4C0002020204D4C4D455F4A4F494E20202020E2
:10B4D000202020202020202020202023232323235D
:10B4E000230A00232323232323203D3D3D3D3D3DCF
:10B4F0003D3D3D3D3D3D3D3D3D3D3D3D3D3D3D3D7C
:10B500003D3D3D3D3D3D3D3D3D3D3D3D3D3D3D2088
:10B510002323232323230A0023232323232320203D
:10B52000202020202020202020204D4C4D455F4C05
:10B53000494E4B5F434845434B202020202020208C
:10B5400020202020202323232323230A0023232316
:10B550002323232020202020202020202020204DB5
:10B560004C4D455F4445564943455F54494D452040
:10B5700020202020202020202020232323232323B9
:10B580000A002323232323232020202020202020DF
:10B59000202020202020204D4C4D455F54584357FB
:10B5A0002020202020202020202020202020202398
:10B5B00023232323230A00232323232323202020A0
:10B5C00020202020202020202020204D4C4D455F91
:10B5D000554E4B4E4F574E2020202020202020201B
:10B5E000202020202323232323230A0053544154C3
:10B5F00055532020202020203A2025730A004E6534
:10B60000787420547820696E20203A20256C7520AB
:10B610005B6D735D0A000A232323232323203D3D12
:10B620003D3D3D3D3D3D3D3D3D204D4350532D5223
:10B63000657175657374203D3D3D3D3D3D3D3D3D2E
:10B640003D3D3D202323232323230A0023232323BB
:10B6500023232020202020202020202020204D4394
:10B6600050535F434F4E4649524D454420202020C1
:10B670002020202020202020202323232323230ACE
:10B6800000232323232323202020202020202020C8
:10B6900020204D4350535F554E434F4E4649524D27
:10B6A000454420202020202020202020202023234B
:10B6B000232323230A0023232323232320202020A2
:10B6C000202020202020204D4350535F50524F50C7
:10B6D000524945544152592020202020202020202A
:10B6E0002020202323232323230A0023232323236F
:10B6F0002320202020202020202020202020202047
:10B70000204D4350535F4552524F5220202020205D
:10B7100020202020202020202323232323230A004D
:10B720002B42433A4C4F53540D0A002B42433A4CA0
:10B730004F434B45440D0A002B42433A4641494C86
:10B7400045445F25640D0A002B42433A4641494C6B
:10B7500045440D0A002530326468253032646D2579
:10B7600030326473206F6E20253032642F253032E2
:10B77000642F253034640051756572795478506FA8
:10B78000737369626C653A2025732C20557365725A
:10B790004461746153697A6520256420506F737326
:10B7A00069626C654461746153697A65202564201F
:10B7B0004164646974696F6E616C464F7074735351
:10B7C000697A652025640D0A0052783146726571E8
:10B7D00075656E63793A25750D0A00527843467295
:10B7E000657175656E63793A25750D0A0043686168
:10B7F0006E6E656C7344617461726174653A256440
:10B800000D0A004368616E6E656C735478506F77F3
:10B8100065723A25640D0A0046436E7455703A25E8
:10B82000750D0A00526573747269637465645F57BD
:10B830006169745F25645F6D730D0A002B45565472
:10B840003A52585F25733A25643A2564003A4D55BB
:10B850004C544943415354003A554E494341535483
:10B86000002B4556543A4C494E4B434845434B3ABE
:10B87000303A25643A25643A25643A25640D0A0075
:10B88000526563656976696E6720696E2052585FFC
:10B89000534C4F545F57494E5F310D0A0052656358
:10B8A000656976696E6720696E2052585F534C4F08
:10B8B000545F57494E5F320D0A00526563656976E1
:10B8C000696E6720696E2052585F534C4F545F5722
:10B8D000494E5F434C4153535F430D0A0044657624
:10B8E000416464726573733A253038780D0A0050EC
:10B8F0006F72743A25640D0A00527373693A2564B5
:10B900000D0A00536E723A25640D0A0052784461A4
:10B910007461726174653A25750D0A0046436E7450
:10B92000446F776E3A25750D0A004C6F52614D6178
:10B93000634D696247657452657175657374436FD1
:10B940006E6669726D204552524F520D0A002B45AA
:10B9500056543A53454E445F434F4E4649524D4527
:10B96000445F4F4B0D0A002B4556543A53454E4405
:10B970005F434F4E4649524D45445F4641494C4511
:10B9800044282564290D0A002B4556543A54585F23
:10B99000444F4E450D0A002B4556543A4A4F494EE6
:10B9A0005F4641494C45445F25640D0A002B4556CE
:10B9B000543A4A4F494E45440D0A002B4556543AD5
:10B9C0005357495443485F4641494C45440D0A008A
:10B9D0002B4556543A4A4F494E5F4641494C4544DF
:10B9E0005F52585F54494D454F55540D0A002B4541
:10B9F00056543A4A4F494E5F4641494C45445F547C
:10BA0000585F54494D454F55540D0A0052656365C2
:10BA10006976696E67204D4C4D455F4A4F494E0D22
:10BA20000A00446576416464723A253038780D0A1C
:10BA3000002B4556543A54494D455245515F4F4BA2
:10BA40000D0A002B4556543A54494D455245515F15
:10BA50004641494C45440D0A002B42433A444F4E5F
:10BA6000450D0A002B4556543A4C494E4B43484528
:10BA7000434B3A313A303A303A303A300D0A0025E9
:10BA80007328293A4661696C0D0A004F4B004275D4
:10BA90007379005365727669636520756E6B6E6F9E
:10BAA000776E00506172616D6574657220696E76A3
:10BAB000616C6964004672657175656E63792069B1
:10BAC0006E76616C696400446174617261746520B2
:10BAD000696E76616C6964004672657175656E6346
:10BAE00079206F7220646174617261746520696E7F
:10BAF00076616C6964004E6F206E6574776F726B4F
:10BB0000206A6F696E6564004C656E6774682065B5
:10BB100072726F7200526567696F6E206E6F74206B
:10BB2000737570706F7274656400536B69707065C3
:10BB30006420415050206461746100447574792D13
:10BB40006379636C6520726573747269637465648C
:10BB5000004E6F206368616E6E656C20666F756E57
:10BB600064004E6F2066726565206368616E6E6565
:10BB70006C20666F756E6400427573792062656132
:10BB8000636F6E2072657365727665642074696D8B
:10BB90006500427573792070696E672D736C6F74E0
:10BBA0002077696E646F772074696D6500427573E4
:10BBB000792075706C696E6B20636F6C6C6973694A
:10BBC0006F6E0043727970746F206572726F7200CD
:10BBD00046436E742068616E646C65722065727293
:10BBE0006F72004D414320636F6D6D616E6420651F
:10BBF00072726F7200436C61737342206572726F70
:10BC00007200436F6E6669726D207175657565208F
:10BC10006572726F72004D756C7469636173742024
:10BC200067726F757020756E646566696E65640015
:10BC3000556E6B6E6F776E206572726F72000000CA
:10BC40008BBA04008EBA040093BA0400A3BA0400AD
:10BC5000B5BA0400C7BA0400D8BA0400F6BA0400A2
:10BC600008BB040015BB04002ABB04003BBB040056
:10BC700051BB040062BB040078BB040092BB04000B
:10BC8000ADBB0400C3BB0400D0BB0400E3BB040095
:10BC9000F5BB040002BC040016BC040030BC040068
:10BCA000736572766963655F6C6F72615F736574EB
:10BCB0005F6C6F72615F64656661756C7400000033
:10BCC0005F25050063250500990B0500990B05000C
:10BCD000DFAE0400DFAE04002B4556543A525850F4
:10BCE00032502052454345495645204552524F5205
:10BCF0000D0A002B4556543A525846534B20524594
:10BD00004345495645204552524F520D0A002B4596
:10BD100056543A52585032502052454345495645A0
:10BD20002054494D454F55540D0A002B4556543A61
:10BD3000525846534B205245434549564520544995
:10BD40004D454F55540D0A002B4556543A54585002
:10BD5000325020444F4E450D0A002B4556543A545C
:10BD60005846534B20444F4E450D0A004C6F5261CC
:10BD7000205032502052582049563A20002B455628
:10BD8000543A52585032503A25643A25643A002BBE
:10BD90004556543A525846534B3A25643A25643A2C
:10BDA000004C6F5261205032502054582049563A6E
:10BDB00020004C6F5261205032502073656E642019
:10BDC000646174613A202825642920005032505F54
:10BDD00052585F4F4E20616C72656164790D0A00A4
:10BDE0004F6E547854696D656F7574004F6E54785A
:10BDF000446F6E650D0A005278202564206F66201E
:10BE0000256420203E3E3E205045523D20256420A2
:10BE100025250D0A005273736956616C75653D20C6
:10BE200025642064426D2C20536E7256616C7565DA
:10BE30003D202564200D0A00547820486F70206151
:10BE40007420256420487A0D0A00547820546573C4
:10BE500074203A205061636B6574202564206F66FE
:10BE60002025640D0A00547820546573740D0A006F
:10BE700048E8010048E8010048E8010048E80100FE
:10BE800048E8010048E8010090D0030000000000ED
:10BE900048E8010048E8010048E8010048E80100DE
:10BEA00048E8010048E8010020A107000000000068
:10BEB00020A1070020A1070020A1070020A1070062
:10BEC00020A1070020A107000000000000000000E2
:10BED00048E8010048E8010048E8010048E801009E
:10BEE00048E8010048E8010020A107000000000028
:10BEF00048E8010048E8010048E8010048E801007E
:10BF000048E8010048E8010090D00300000000006C
:10BF100048E8010048E8010048E8010048E801005D
:10BF200048E8010048E8010090D00300000000004C
:10BF300048E8010048E8010048E8010048E801003D
:10BF400048E8010048E8010090D00300000000002C
:10BF500048E8010048E8010048E8010048E801001D
:10BF600048E8010048E8010090D00300000000000C
:10BF700048E8010048E8010048E8010048E80100FD
:10BF800048E8010048E8010048E8010048E80100ED
:10BF900048E8010048E8010048E8010048E80100DD
:10BFA00020A107000000000020A1070020A1070039
:10BFB00020A1070020A1070020A1070020A1070061
:10BFC000000000000000000048E8010048E801000F
:10BFD00048E8010048E8010020A107000000000037
:10BFE000000000000000000020A1070020A10700C1
:10BFF00020A1070020A1070020A1070020A1070021
:10C0000000000000000000000C0B0A0908070732BE
:10C010000C0B0A09080708000C0B0A0908070000A6
:10C020000C0B0A0908070A090807080000000C0B96
:10C030000A09080700000D0A25730030303030303F
:10C040003030300041542B4C4F434B3D3F00415466
:10C050002B4C4F434B3D6C6F636B65640D0A4F4B2C
:10C060000D0A00434F4D4D414E445F4C4F434B45ED
:10C07000440D0A0001000000000000000102000061
:10C0800000000000010003000000000008000004A0
:10C090000000000001000000050000000100000099
:10C0A0000600000001070000000000000100000081
:10C0B00000000B000109000000000000010000006A
:10C0C000000A00000100000000000B000100000059
:10C0D000000000004F54412070726F63657373203D
:10C0E00073746172742066726F6D20626567696E29
:10C0F0006E696E672E0D0A004E6F7420656E6F7547
:10C100006768204F544120737061636520616C6CD7
:10C110006F6361746564210D0A00435243207665A4
:10C120007269667920737563636573732E0D0A00F7
:10C1300043524320766572696679206661696C6551
:10C14000642E0D0A0041706F6C6C6F2077696C6C07
:10C1500020646973636F6E6E65637420424C452082
:10C160006C696E6B20696E203530306D732E0D0A50
:10C17000004F54412070726F6365737320697320A0
:10C18000756E65787065637465646C792066616945
:10C190006C65642E0D0A00256425250D0A0001003A
:10C1A00013001000010013000200000050EB040017
:10C1B00020C20400A2C104001000000144EB0400EE
:10C1C0000DC20400A0C104001300000144C2040019
:10C1D0000CC204009EC1040000020B1044EB0400DA
:10C1E00031C20400A6C104001300000154C20400BF
:10C1F00030C20400A4C104000002090146EB04009F
:10C2000054D20010A8C1040002002011000422082A
:10C2100001002EC78A0E7390E111C208602700004A
:10C2200001102EC78A0E7390E111C208602700002A
:10C230000010240802002EC78A0E7390E111C20874
:10C240006027000001002EC78A0E7390E111C2081A
:10C250006027000002002EC78A0E7390E111C20809
:10C260006027000000000000416FDC1E82DEB83D48
:10C27000C3B1642304BD717B45D2AD658663C946F5
:10C28000C70C1558087AE3F649153FE88AA45BCB3A
:10C29000CBCB87D50CC7928D4DA84E938E192AB063
:10C2A000CF76F6AE519B1AF310F4C6EDD345A2CE6D
:10C2B000922A7ED055266B881449B796D7F8D3B505
:10C2C00096970FAB59E1F905188E251BDB3F4138D6
:10C2D0009A509D265D5C887E1C335460DF8230431B
:10C2E0009EEDEC5DE359E9F8A23635E6618751C56C
:10C2F00020E88DDBE7E49883A68B449D653A20BE59
:10C300002455FCA0EB230A0EAA4CD61069FDB233CB
:10C3100028926E2DEF9E7B75AEF1A76B6D40C348E2
:10C320002C2F1F56B2C2F30BF3AD2F15301C4B361A
:10C3300071739728B67F8270F7105E6E34A13A4D04
:10C3400075CEE653BAB810FDFBD7CCE33866A8C06B
:10C35000790974DEBE056186FF6ABD983CDBD9BBF6
:10C360007DB405A587DC0EEFC6B3D2F10502B6D2C7
:10C37000446D6ACC83617F94C20EA38A01BFC7A9B2
:10C3800040D01BB78FA6ED19CEC931070D785524C3
:10C390004C17893A8B1B9C62CA74407C09C5245F88
:10C3A00048AAF841D647141C9728C8025499AC21D2
:10C3B00015F6703FD2FA65679395B9795024DD5A26
:10C3C000114B0144DE3DF7EA9F522BF45CE34FD75B
:10C3D0001D8C93C9DA8086919BEF5A8F585E3EACD4
:10C3E0001931E2B26485E71725EA3B09E65B5F2A6B
:10C3F000A73483346038966C21574A72E2E62E5196
:10C40000A389F24F6CFF04E12D90D8FFEE21BCDC34
:10C41000AF4E60C26842759A292DA984EA9CCDA7C7
:10C42000ABF311B9351EFDE4747121FAB7C045D9DB
:10C43000F6AF99C731A38C9F70CC5081B37D34A2E5
:10C44000F212E8BC3D641E127C0BC20CBFBAA62FD0
:10C45000FED57A3139D96F6978B6B377BB07D7542F
:10C46000FA680B4A4FD6C1C00EB91DDECD0879FD62
:10C470008C67A5E34B6BB0BB0A046CA5C9B50886F5
:10C4800088DAD49847AC223606C3FE28C5729A0BC8
:10C49000841D46154311534D027E8F53C1CFEB705F
:10C4A00080A0376E1E4DDB335F22072D9C93630EF9
:10C4B000DDFCBF101AF0AA485B9F7656982E1275C5
:10C4C000D941CE6B163738C55758E4DB94E980F86C
:10C4D000D5865CE6128A49BE53E595A09054F18357
:10C4E000D13B2D9DAC8F2838EDE0F4262E519005E0
:10C4F0006F3E4C1BA8325943E95D855D2AECE17E15
:10C500006B833D60A4F5CBCEE59A17D0262B73F351
:10C510006744AFEDA048BAB5E12766AB2296028822
:10C5200063F9DE96FD1432CBBC7BEED57FCA8AF66A
:10C530003EA556E8F9A943B0B8C69FAE7B77FB8D00
:10C540003A182793F56ED13DB4010D2377B06900F9
:10C5500036DFB51EF1D3A046B0BC7C58730D187BF6
:10C560003262C465C80ACF2F896513314AD4771265
:10C570000BBBAB0CCCB7BE548DD8624A4E69066972
:10C580000F06DA77C0702CD9811FF0C742AE94E451
:10C5900003C148FAC4CD5DA285A281BC4613E59FC4
:10C5A000077C39819991D5DCD8FE09C21B4F6DE11A
:10C5B0005A20B1FF9D2CA4A7DC4378B91FF21C9A26
:10C5C0005E9DC08491EB362AD084EA3413358E17F1
:10C5D000525A520995564751D4399B4F1788FF6CD0
:10C5E00056E723722B5326D76A3CFAC9A98D9EEAD7
:10C5F000E8E242F42FEE57AC6E818BB2AD30EF9192
:10C60000EC5F338F2329C5216246193FA1F77D1CBA
:10C61000E098A1022794B45A66FB6844A54A0C67C7
:10C62000E425D0797AC83C243BA7E03AF81684196F
:10C63000B97958077E754D5F3F1A9141FCABF562A1
:10C64000BDC4297C72B2DFD233DD03CCF06C67EF5E
:10C65000B103BBF1760FAEA9376072B7F4D116946F
:10C66000B5BECA8A000005800F800A001B801E002C
:10C6700014001180338036003C00398028002D8062
:10C6800027802200638066006C00698078007D80CE
:10C6900077807200500055805F805A004B804E00BA
:10C6A00044004180C380C600CC00C980D800DD8032
:10C6B000D780D200F000F580FF80FA00EB80EE001A
:10C6C000E400E180A000A580AF80AA00BB80BE008E
:10C6D000B400B180938096009C00998088008D8082
:10C6E00087808200838186018C01898198019D81E8
:10C6F00097819201B001B581BF81BA01AB81AE01D2
:10C70000A401A181E001E581EF81EA01FB81FE0145
:10C71000F401F181D381D601DC01D981C801CD8139
:10C72000C781C201400145814F814A015B815E01A1
:10C7300054015181738176017C01798168016D8199
:10C7400067816201238126012C01298138013D8105
:10C7500037813201100115811F811A010B810E01F1
:10C7600004010181038306030C03098318031D835D
:10C7700017831203300335833F833A032B832E0341
:10C7800024032183600365836F836A037B837E03B5
:10C7900074037183538356035C03598348034D83A9
:10C7A00047834203C003C583CF83CA03DB83DE0311
:10C7B000D403D183F383F603FC03F983E803ED8309
:10C7C000E783E203A383A603AC03A983B803BD8375
:10C7D000B783B203900395839F839A038B838E0361
:10C7E00084038183800285828F828A029B829E02DB
:10C7F00094029182B382B602BC02B982A802AD82D1
:10C80000A782A202E382E602EC02E982F802FD823C
:10C81000F782F202D002D582DF82DA02CB82CE0228
:10C82000C402C182438246024C02498258025D82A0
:10C8300057825202700275827F827A026B826E0288
:10C8400064026182200225822F822A023B823E02FC
:10C8500034023182138216021C02198208020D82F0
:10C86000078202020022380DFFFF00003235090066
:10C87000653909002B450900A9480900F75309004B
:10C880001A5C09001C640900FD6A09001A75090098
:10C89000DE7B09004B850900B38B09001F95090059
:10C8A0004F9C0900F5A209001EAD09000000000020
:10C8B0000000000000000000000000000000000078
:10C8C0000000000000000000000000000000000068
:10C8D0000000000000000000000000000000000058
:10C8E000004800474148002000BF00BF00BF05B01E
:10C8F000F0BD00009067002010270000001000200D
:10C900008813000018100020FF030000FFB5FFB0DF
:10C9100082B007460C4616460025304806608499CA
:10C9200004D0EE2802D00320607370BD607CF12833
:10C9300006D0F22804D0F32802D00220607370BD24
:10C940000020607370BD0000181000200A10002045
:10C9500000480047814D00207088002816D114201F
:10C9600001210B20EDF7C6FC10BD00000048004778
:10C97000154E0020002802D0087801281AD0087827
:10C98000022817D000280ED001280CD0F0F7D9FECD
:10C99000002808D000F016F83220EFF751F8F0F731
:10C9A00080E100E000E100E00248016828229143B4
:10C9B000016070470000C0520048004781480020D5
:10C9C000016070470000C052024801685022914344
:10C9D000016070470000C05200480047A148002095
:10C9E000C040805010B50B46114602240C22504323
:10C9F000064A8018002806D04268002A03D018464C
:10CA000000F010FB0446204610BD000098560100BF
:10CA100000490847994E0020F3F75CFD7C20005B3D
:10CA20000BF84019C1B2002903D04034A08FF9F7A8
:10CA300073FD70BD0121E1E70049084781500020E6
:10CA400080F310882846F3F74DF9002181F3108810
:10CA500000280FD081880A460A3A462A0CD2641C64
:10CA6000D20BD2030A43C284002080F3108870479F
:10CA7000660400004044805000490847ED50002003
:10CA80001190808F0E90129808300D9012983030CF
:10CA90000C90129844300B9000200A9001250C98BD
:10CAA00007F0A4F800282DD000BF00BF00BF00BFD2
:10CAB00000BF00BF00BF00BF00BF00BF91E00C9AE5
:10CAC000FF20222311460A30FDF79EFB0770618884
:10CAD000C181A1880182E188C18021890181A17A77
:10CAE000C00123E077E00298081A40014009904213
:10CAF0001CD90298401A40014009404216E00298B1
:10CB000000BF00BF00BF00BF00BF00BF00BF00BF2D
:10CB100000BF00200AE00298381A40014009904204
:10CB2000C16575606089B884049A01205075608879
:10CB3000F885049A6078107500480047E1480020A5
:10CB400000BF000060893A8D401E80B2824203D14E
:10CB5000082001430398817107B0F0BD6061002097
:10CB600000000000000000000000000000000000C5
:10CB70002100000000000000010000000000000093
:10CB8000FFFFFFFFFF030000FF003C1F000000004D
:10CB900001200000897D000002200000FD760000D9
:10CBA0001018008CC00B089B5B1E184205D108981A
:10CBB00000480047C148002000BF0000804BD21849
:10CBC0005084012080F31088B868002816D0002017
:10CBD000002819D0386B002812D00020002813D06C
:10CBE0009FFC0019064B596809188A089400091B14
:10CBF00059604101081A801810BD00002C60002007
:10CC0000B867002000490847795500207D21806AD7
:10CC10000902884202D3401A012200E0081A002AC1
:10CC20002919081A2146EEF7B1FE88B270BD2830E6
:10CC30006030007E704710B402464032D38C062428
:10CC40006343148DE3189BB293846030417518469A
:10CC500010BC704728306030407D00280020002044
:10CC60004079000702D50420607034E0286905F09F
:10CC700051FB002802D0022060702CE0039803F0E2
:10CC80004DFE042807D1684601790220884305D06B
:10CC90000020002804D0002060701CE00120F8E78C
:10CCA0005867002040008050B86700200000000452
:10CCB000C867002000490847CD550020816A7D20C3
:10CCC0000002814202D3081A012200E0401A002A21
:10CCD00004D06043EBF7A4FC201A03E06043EBF7B9
:10CCE000F8B500241C48007800282DD11B4E706830
:10CCF0001B4D002809DA1B4F01210B20B8470121E9
:10CD00000B20A84770680028F6DB00210B20A847FD
:10CD1000154E0A20B04705273F07F86905052D0D78
:10CD2000002D04D11148C0688005800E0CD0642C01
:10CD30000AD21420B047F8690005000DA84204D9B2
:10CD40000546641C642CF4D3F8BD03490120087027
:10CD500007490870F8BD00000110002080008045E0
:10CD60005524000091230000A13B00000000C052A8
:10CD70000010002010B518480168402901D2402158
:10CD80000160807AC00701D0002010BD13488047A1
:10CD900005200007C0691249000504D00878012861
:10CDA00014D0022812D00878002808D0012806D014
:10CDB000022804D00B4880470B49322088470B4992
:10CDC000042088470A488047002010BD09490420F4
:10CDD0008847012010BD0000B867002005930000BF
:10CDE00018100020254B0100A13B00004144010028
:10CDF000AF4A010089440100F0B58DB004466C498A
:10CE000004A888477C20005B039000250020029046
:10CE1000012080F31088606C002181F31088264681
:10CE2000603600286BD0214644310C9128390B9193
:10CE300064310A918188CA005E495118C98CC90BB6
:10CE400000295CD0012181F31088006801905A49C3
:10CE50000C9888470746E069002803D00020002886
:10CE600002D008E00120FAE753490B9888470028D0
:10CE700001D052498847002080F31088B8884D4976
:10CE8000C0004018C28CD20BD203C284B8880728D5
:10CE90001ED2307E401E3076012080F31088206B39
:10CEA000002813D00020002805D00A98FB218079A3
:10CEB00008400A998871414938468847002080F324
:10CEC00010883F4A397B0398904715E00120EAE734
:10CED00009280FD9C0004018008D000A0090394978
:10CEE00038468847002807D00098002804D06D1CD9
:10CEF000EDB201E06D1CEDB2019800289AD10398C3
:10CF000007280ED0002D0CD0012080F31088307E31
:10CF1000401B3076002080F310882B4A2946039866
:10CF20009047012080F310882848234F0990B84784
:10CF30000446002080F31088200036D01F4EE08881
:10CF40000399884212D1072807D0A17A0091204F77
:10CF5000E37A227B2189B84705E01E4B217920899D
:10CF60002A46984702902046B04703E01A4A2146D5
:10CF700004A89047012080F310880F49099888473A
:10CF8000044620000CD10498002803D0002000287B
:10CF900002D005E00120FAE7104A04A90998904759
:10CFA000002080F31088002CC9D102980DB0F0BD8C
:10CFB000B53800004044805045390000A59300007A
:10CFC00009B800005D56000005B70000B8610020F8
:10CFD00029B7000035220100673900000F39000031
:10CFE000F1B50024154D164E012080F310880098ED
:10CFF000A847002181F31088002817D081880A46AD
:10D000000A3A462A14D2C9008919098D0F0A01214A
:10D0100081F310880B498847002803D0002F01D0E6
:10D02000641CE4B2002080F31088DDE72046F8BDE0
:10D03000C91F4929D8D304498847D5E74539000095
:10D04000404480505D560000A5930000F1B592B0B9
:10D05000129840301190808F0E90129808300D90E9
:10D06000129830300C90129844300B9000200A90A7
:10D0700001250C980468002C03D00020002802D061
:10D0800093E00120FAE70E98C100F94808181090C3
:10D09000C08CC00B00286ED00E98F64980000F900F
:10D0A0000858A03046790120710719D5002C17D0F7
:10D0B000F14FB00607D5207BB847800701D4002088
:10D0C00006E0012004E0207BB847C00703D0012020
:10D0D000002802D004E00020FAE72468002CE8D100
:10D0E000002862D0E54B002221460C989847A6689C
:10D0F000E34A09A930469047002856D1A088DC4F62
:10D10000C000C019408DDF494118002008AA1279DB
:10D11000002A06DD325C0A54401C08AA12799042AB
:10D12000F8DBD949A0688847D2490F980858A03041
:10D130004079C00703D008A90879001D099008A804
:10D1400001791098028D0902D2B20A4302850321A7
:10D150001098028D8A430A4302851198808F00211E
:10D16000C000C019C1840B980068002804D00020BA
:10D17000002803D010E018E00120F9E70B98A188FF
:10D180004068CA00C14980885118C000C019C28CCB
:10D19000D20BD2030A43C284BD4A21460B98904762
:10D1A00012986030017E491C01761198808F072803
:10D1B00008D20E998A00AF498958A03149794907A8
:10D1C00000D500250D99096800291FD000212A46A5
:10D1D0008A4377D0072876D2AF49AE48884709906E
:10D1E000002008901198808F8100A2484058A030FC
:10D1F0004079C007C00F07900D980668002E09D02F
:10D200000D9930680860002802D003E00121DEE7B4
:10D210000D994860002E7DD0002006901298039052
:10D2200006A80490079F099B05970825755F0020B5
:10D2300002900190012000901198428E8446D4B251
:10D2400001202946093189B2059F002F01D0091D0F
:10D2500089B2C900083189B267463F8E8F4205D234
:10D26000503F79050C0EA24200D2D4B2A54201DD96
:10D270006408640021466F1A621C974205DB091995
:10D28000401CC0B26F1A9742F9DA984201D90025C2
:10D2900034E004990870814F81497E4888470146EF
:10D2A0000098002812D000200090B07A8007800FEC
:10D2B000012809D002208872F068C2880292808812
:10D2C000019009E062E058E00120F4E70120887253
:10D2D0000298001980B20290A54201DDCC7200E0F4
:10D2E000CD720198C88002980881281B05B2002DD4
:10D2F00022DC0122059B0398B8470125002D20D090
:10D300006846007E08990918C9B208910999081A57
:10D3100080B200E035E009901298C06900281AD068
:10D320001298006A06601298066200203060089821
:10D330000A2813D9002524E00022059B0398B8474A
:10D34000AAE70D980068002801D10D994E60306061
:10D350000D98066015E01298C661E4E70D9806681E
:10D36000002E06D00D9930680860002801D10D9973
:10D370004860002E00D04FE703E04A4A0D990B9811
:10D380009047002D02D048490D9888470B980068B7
:10D39000002803D00020002802D04BE00120FAE74B
:10D3A0001198808F072845D212988030C0780428C1
:10D3B00040D13B493748884700283BD0828800212C
:10D3C0002B4BD200D21851858188C900C9188A8D8B
:10D3D0005404640C00228C858188C900C9180C8D06
:10D3E000E4B20C8581880124C900C9180D8DAD08EF
:10D3F000AD0025430D858188C900C918CC8CE40B8C
:10D40000E403CC840B9984884968E5001F4C898823
:10D410002C19C900C918CB8CDB0BDB032343CB844D
:10D420000B99096800290DD00B99496808600B9980
:10D43000486002600B980068002806D0002100298F
:10D4400005D03CE00B990860F1E70121F7E70028DF
:10D450000AD0074A8188C9008918C98CC90B0029DC
:10D4600024D000680028F5D1002826D027E000004D
:10D47000404480506061002081AF000017380000F8
:10D480004103010000408050A593000066040000A5
:10D4900067390000E4610020BB3900001100010081
:10D4A000453900000F390000B53800008188CA00F6
:10D4B0000749511889B20A91D6E700200A900A99C3
:10D4C0000E985A225043034A8018818413B0F0BD4D
:10D4D000660400008040805010B4002314210246EE
:10D4E0004A4311497D2409682402A14202D9091B3B
:10D4F000012300E0611A484381004118880A0C0C9E
:10D5000000194C0C00194C0D00194C0E0019C90FD4
:10D510004018C008002B01D0101801E0101A401E5E
:10D52000401E10BC7047000054600020F0B400237F
:10D53000184CE56B18497D2209681202914202D30A
:10D540008A1A012300E0521A06465643F213514349
:10D55000711A1E264E434F10F6198F11F6194912F3
:10D560007118CE13002B01D0801A00E01018421958
:10D5700091088D00521B002B04D04301181A40184B
:10D58000801B03E04301181A40188019E263F0BCC5
:10D5900070470000806700205460002000116E007A
:10D5A00000040000000000000101C5013900000076
:10D5B000000000000000000000000000000000006B
:10D5C000FFFFFFFF70B500200C4949880C4A8B18FB
:10D5D0001A880C499B1C002413252D020C54401C56
:10D5E000A842FBDB0020002A04DD1C5C0C54401C1C
:10D5F0009042FADB04488047002070BD00480020BC
:10D600000248002000350020AF330100A0081FB5FC
:10D61000002400981D2843D2010079440979491853
:10D620008F440E13401A2540404040404040404047
:10D6300040402A404040402D403240353840400074
:10D640000198C0B200F007FA2CE00298C1B201982C
:10D65000C0B200F0B8F825E0069883B2039882B211
:10D660000298C1B20198C0B200F071F91AE00198B5
:10D67000C0B200F00AF915E000F029F812E00198B4
:10D6800080B200F062F90DE000F03BFB0AE000F030
:10D6900094FB07E00198C0B200F0C7FA044601E02D
:10D6A0000024E443204604B010BD03B401480190B7
:10D6B00001BD3927000003B40148019001BD952840
:10D6C000000003B40148019001BD01010000F0B465
:10D6D0000020432212065168FF2401342143516087
:10D6E0005168230319435160A323DB0519684908D6
:10D6F000490019602A490969CEB2294D2A4F298863
:10D70000B94201D304200DE0284FB94201D30320D0
:10D7100008E0264FB94201D3022003E0254FB94269
:10D7200000D30120244F39182031097EB14209DA93
:10D73000002801DD401E40B23918097A4000C019A6
:10D74000008B0BE0042804DA395CB14201DB401C99
:10D7500040B23918097A4000C019008B174E316267
:10D760001968490849001960154E316B0F46274367
:10D7700037639862A143316328805168B0038143C5
:10D7800010480078C007C00F030519435160516865
:10D790000002A14301435160F0BC704700008000CB
:10D7A00080454E600020F63F0000F6380000F62D60
:10D7B0000000F6090000FC6700208004C050400013
:10D7C00080453A600020F0B582B0432212065368CB
:10D7D0000124640423435360CA07D20F96468A0784
:10D7E000D30F4A07D40F0A07D20F0192CA06D20FED
:10D7F00000928A06D20F94464A06D50FCE091F4AD8
:10D80000116803277F05B94312691D4F3A4000286C
:10D8100006D0012809D00127BF05022803D03943CB
:10D82000002806D01BE03943FAE701277F0539437A
:10D83000F6E7300310436A0110436246D2021043F8
:10D84000009AD2011043019A92011043A2021043A0
:10D850005A021043724612021043084A10610748E8
:10D860000160432000064168012252049143054AA9
:10D870001278D207920B1143416002B0F0BD000054
:10D88000C04303E0FFFF3A600020F8B500244320C6
:10D89000000641680127BF03394341604168BA006F
:10D8A0001143416021480568511C0D4305601F4E1E
:10D8B000C820B0471F498868384388600E46F06822
:10D8C0000004C70F1A490120884720461A49641CE2
:10D8D000884201D8002FF2D018480540134805604F
:10D8E00001204003B060F168154801407068144A97
:10D8F00010400843706030683F21890288433060DF
:10D90000432109064A680120800382430E480078BB
:10D91000C007C00F83031A434A604A6801231B04EF
:10D920009A43000402434A60F8BD00004052A13B04
:10D9300000000000C05110270000FEFFFEFF3F3F27
:10D940000000C0C0FFFF3A60002070470000F0B543
:10D9500083B008253C490020087043200006416838
:10D96000AA0211434160292738497F06F9604168BE
:10D97000374B91431B78DB079B0C194341602524EF
:10D98000A401416811434160416852101143416054
:10D99000F86803214906884356030643900306436B
:10D9A000B8680120FFF781FE21461020FFF783FEB3
:10D9B000280306430024002D0CD9FE60254964206D
:10D9C0008847F8686946000A801C0855641CE4B260
:10D9D000AC42F2D36A46D0799179401851791279E4
:10D9E000891840186A46D1784118907809185078FB
:10D9F0000918107808182946FFF763FE1249C0B2CB
:10DA00000870396801229202114339604000401CBD
:10DA100078610020FFF749FE432109064A6801208A
:10DA2000000382430A480078C007C00F03031A436B
:10DA30004A604A6801235B039A43400302434A60F9
:10DA400003B0F0BD000070600020CC3463023A6087
:10DA50000020A13B000070B443210906486801245E
:10DA6000A40420434860C4208722D20510605C488B
:10DA7000506148685C4AA0431278D207D20F9304E1
:10DA8000184348608B20584BC0054363584B012511
:10DA9000DD600625CD600525C56385686D08F03D10
:10DAA0008560C5686D085D35C56005696D080561EF
:10DAB00045696D08456185696D088561C5696D08B1
:10DAC000C561056A6D080562456A6D084562856A2B
:10DAD0006D088562C56A6D08C56201251D615D62BC
:10DAE0009D63434B1D60434D5D611D6A6D081D6262
:10DAF000C36A01252B43C3624868A31018434860DA
:10DB000048689B10184348603D483B4B436183681D
:10DB10003F25AD052B4383600023C360394B8361F0
:10DB2000394D2B681E26B3432B60836AF503AB4344
:10DB30001B1983624868A310984313041843486074
:10DB40004868231198439303184348604868631159
:10DB50001843486029204006046A24092401083437
:10DB60000462486898435303184348604868012397
:10DB70001B05184348602824A320C0050460224DDB
:10DB80002D888562486812059843104348601F48F5
:10DB9000E621017004721D4A1E4810831E48E023CE
:10DBA00003761A4CD42262703C2262721B4A628352
:10DBB0004176C822A270154D4624AC72184CAC8335
:10DBC00081762946CA7050212A46D1721549D183DF
:10DBD000C3765A21117313491184037770BC7047BF
:10DBE0000000FF7F00003A60002049020000400072
:10DBF0008045800080451E02000003003C000000BC
:10DC0000405208000F000000C0514E600020FC6729
:10DC10000020F60700001C680020F6090000F62D21
:10DC20000000F6380000F63F0000F8B52D48006807
:10DC3000002854D14322120650680121C903084329
:10DC40005060284F3C6801250320000620433860BF
:10DC5000002625491E2088472449012088477868E6
:10DC6000C007C00F3146214A761C914201D80028D6
:10DC7000F2D01C4881681E48016000200026002D5B
:10DC800011D01C4B32460025CB1AAA4114DA401C95
:10DC90000546184F4D43334600227D1B9A414D1BCC
:10DCA0009341F4DB08E0144B994205D2401C024634
:10DCB0004A439A1A8A42F9D8012109068C4349003D
:10DCC0000C4308490C604322120651680123DB0310
:10DCD00099430A4B1B78DB071B0C19435160F8BDB5
:10DCE00000005C60002000004044A13B00001027C1
:10DCF0000000606000200020BCBE00D012133A601B
:10DD0000002070B523488047432424060121606821
:10DD10008904084360601F4880471F480078AA288C
:10DD200006D1A068800703D11D4988471D490860B6
:10DD3000A120C005026B02218A430A43026301212C
:10DD4000026B8A430A430263016B0426B1433143E9
:10DD50000163144C6068144D800004D50120A8476D
:10DD600060688000FAD4114C0F2060600120A84741
:10DD7000072060600420A847062060608B210C48C3
:10DD8000C90508600C4801693143016130BF70BDAD
:10DD9000000035370000399C00002C600020D1398C
:10DDA00000005460002080008045A13B000040003E
:10DDB00080452603000000ED00E070B52F4D0F20D8
:10DDC00068608B24E40520680121490288432060B3
:10DDD0002B488047012080F3108829484068294952
:10DDE000800006D420680822104320600120884764
:10DDF00001E00120884724488047244825490078CD
:10DE000088470D206860234880474320000641680A
:10DE100001235B031943416029211F4A4906CA6057
:10DE20000A6A1209120108320A620A68DC102243E7
:10DE30000A601A4A12785200521C4A614268184914
:10DE40009A430978C907C90F4B031A4342604368D4
:10DE5000A202134343602824A323DB051C60114C5A
:10DE600024889C624368090593430B434360002068
:10DE700080F310880D48804770BD40008045853B89
:10DE8000010080008045894401006D34010040603C
:10DE90000020A13B0000994D0100CC346304706068
:10DEA00000203A6000204E600020AD3401000000E8
:10DEB0000300000000222007FF3F000084F5070058
:10DEC00073FD070075050800170B0800A915080069
:10DED000181B08002D230800C52C0800F432080088
:10DEE000FF39080064430800F9490800EE510800B2
:10DEF000545C08000000000000000000000000006A
:10DF00002120ECF7F9FC00280AD0002000900346FD
:10DF100002460146246821203534A04700BF38BDA1
:10DF2000EFF7FBFE0F49002802D00878012812D035
:10DF3000087802280FD0002806D0012804D000F06D
:10DF40000C6E0020000000041C6E002000490847F1
:10DF500001430020234ECA7C7568C96A002A1DD07F
:10DF60007D221202914202D38A1A012000E0521A45
:10DF7000002805D020465043EAF702FA201A04E0B0
:10DF8000EAF7DEF900190102C200691812188918AF
:10DF90004A0A5302C91A71601E214843801870BD95
:10DFA0002C6800200C6E00200049084731430020F7
:10DFB000C17CC06A002915D07D210902884202D3A4
:10DFC00002D50420607034E0286906F0B5F8002816
:10DFD00002D0022060702CE0039804F01FFA04289D
:10DFE00007D1684601790220884305D00020002827
:10DFF00004D000BF00201CE00120F8E7F08800906A
:10E0000021000000000000000100000000000000EE
:10E01000FFFFFFFFFF030000FF003C1F00000000A8
:10E02000012000008D84000002200000CD7D000052
:10E0300003200000D17E000005200000FD840000C8
:10E04000286928304030018D0098401A2A4980B252
:10E0500000BF00BF28460522711C6330F3F7ACFDFA
:10E060002869009901F0DFFB0120607001E00320C6
:10E070006070002F39D16078062836D201007944CB
:10E0800000BF00BF318956225153314601F03EFE98
:10E090000120607001E003206070002F67D160787C
:10E0A000062864D201007944097949188F445F1821
:10E0B0000C02071228210598FFF754FC57E03D2178
:10E0C00078680020AC6D00204000805017200000D0
:10E0D000010800007E408050D868002000490847B1
:10E0E000914300201143C37882781B021A43120423
:10E0F0000A431A4C62604279017912021143C379D2
:10E10000132E1BD0A1210E55022269460A724E72AF
:10E110000F210843019001463846FEF709F9694688
:10E120000A7AE8B202A9FFF755FF4034FF20A28A1D
:10E130003946033000BF00BF03B0F0BD1622A12155
:10E140002088800038584030007FC00705D0002567
:10E150002FE0208808F022FD2BE06846017A01209C
:10E16000884303D00020002808D101E00120FAE70D
:10E170000420884304D00020002803D03A2518E06A
:10E18000114381830F213046FCF712FB284603F030
:10E1900085F8042803D161782846FEF783FD002026
:10E1A00070BD00006469002030B4024CA44630BC4D
:10E1B0006047000039440020E9FA014600900398C6
:10E1C00020886880284601F0B5F80020F8BD0000DE
:10E1D000152000000108000064690020F0B583B03C
:10E1E00018460024184DE97A002900D00024214661
:10E1F0000AF042FE002C24D101260196134C02AAFB
:10E20000F9FD044603E030460BF05CFE044621466F
:10E2100038460AF0A3FF0020F8BD00002E200000C1
:10E22000D9DFFFFFF868002010B582B00A461C460F
:10E2300000210D48C37A002B00D000BF00210CD173
:10E24000EEF73AFEA078162802D31920207013E0CA
:10E250000C210C4A4843115CB14202D019202070B5
:10E260000AE0002121706D1C8018761EADB2836813
:10E27000F1B2A21C28469847204670BD80448050C9
:10E28000084A116B526B084B984201D90020704725
:10E29000414342438909900C081804498842F6D941
:10E2A00000207047C07E002080841E0000879303FA
:10E2B00010B41349896B134A904202D910BC002054
:10E2C0007047114A7D241368142224024243A3425A
:10E2D00003D94143080C101802E04143080C101AFE
:10E2E0000A49884202D9002010BC7047002800D09B
:10E2F000401EA342F8D20028F6D010BC401E704742
:10E30000C07E0020A08601005868002080841E0086
:10E31000F0B4EFF31081CCB2012181F31088427880
:10E32000017812021143C37882781B021A43120447
:10E330000A431D4D6A604279017912021143C37983
:10E3400082791B021A4312040A43AA60427A017AB4
:10E3500012021143C37A827A1B021A4312040A433F
:10E36000EA60427B017B12021143C37B827B1B026A
:10E370001A4312040A432A61103010230B4A002169
:10E38000465C5654491C89B29942F9D36E206861A3
:10E390000120286006480121017484F31088F0BC34
:10E3A0000449102008470000C00080506E40805093
:10E3B000D8680020A1590100FFB585B00E461F4660
:10E3C0000020029074493046884701460190059824
:10E3D000724A8000049014582546A0356B791807BE
:10E3E00007D5E8780D2804D06D4A3D21059890475F
:10E3F000CEE0012088430DD00020002874D0E878BA
:10E40000684A0392052870D006DC01281BD0042836
:10E410006AD174E00120F0E707282DD00D2863D1E0
:10E42000D80661D400246C711A225F4B0021059834
:10E430009847684601794908490001915B4A30468E
:10E440009047EC70A4E078780E284DD1FF20584A10
:10E4500031460330904722466932564B1A200599BF
:10E460009847684601794908490001914F4A30466A
:10E4700090470020E8708BE078780F2834D1FF2097
:10E480004B4A31460330904720466030417AFD22A6
:10E4900011404172484905988847032826D02046F4
:10E4A00040300146808B420610D54022904388833D
:10E4B00003980421007F084000D00120002805D0E7
:10E4C000226928323D4B1A20059998473C4A002181
:10E4D0000598904768460179490849000191334AF7
:10E4E000304690470020E87052E041E02B49049804
:10E4F00008580068022101703249884748E078785E
:10E50000142845D1FF202A4A314603309047012084
:10E510004034A07403984021007F084000D00120BF
:10E5200000281AD0E07C800717D40C23274F3E2206
:10E5300025480599B847072101700599418021892F
:10E540000181218A4181E1888180E189C18020495E
:10E550008847E07C02210843E07468460179490855
:10E5600049000191114A304690470020E8700FE0C1
:10E57000787812280CD14908490001910B4A30469D
:10E5800090470020E870FF20094A31460330904749
:10E59000029809B0F0BD00000D9F000064690020E2
:10E5A00025C40000B868002005A80000319F0000C5
:10E5B00089A100001DB000001D0A010009AB000088
:10E5C00005C40000319E000004080000F59D000015
:10E5D000B58F0000030000000803004354696D6517
:10E5E0007220696E74657272757074206E756D62DA
:10E5F0006572206F7574206F662072616E67652E7C
:10E600000064656275675F66696C656E616D652E35
:10E61000657874000C0219020D021A0212021B0224
:10E6200013021C0205071D0206051E0216021F0228
:10E63000170220022A0204062B0207072C021805E3
:10E640002D0221062E0227022F0223053002250764
:10E6500031020B02008000402080004040800040DA
:10E660006080004080800040A0800040C08000406A
:10E67000E08000400F0F03010101000000000000D6
:10E6800000000000000000000F0F0F0F0F0F0F0F12
:10E690000F000000001A15061000051F08191E07BC
:10E6A000180801060112150D11010E0709011D0FB1
:10E6B00019090D070213140E120204080A1B1C0686
:10E6C0001A0A0C1D0309181E1303061C0B091F0749
:10E6D0001B0B07140400101B140F04110C0800136B
:10E6E0001C020C190501111A15010D100D0601125D
:10E6F0001D070518060201191C0A06120E0A05114B
:10E700001E010E1A070315181D0107130F0B141015
:10E710001F060F1B03000000010180028001018021
:10E72000010180808080808080808080088080805F
:10E730008001800180808080808080800204800150
:10E740000104010180808080010123232762A1034D
:10E750008710035300E15181415505C4804001B148
:10E7600040411431A03100F180119121C111E51116
:10E7700045303700303100710040303132425213A1
:10E780000212226033435321304050203141511155
:10E79000FFFFFFFFFFFFFFFF31415160304050009E
:10E7A00033435323324252600010203030405061D6
:10E7B0003141510102122242031323600010205004
:10E7C00001112141021222320313336031415121E0
:10E7D0003242522233435303001020400111215191
:10E7E0003242520233435313304050103141516092
:10E7F0003242521233435303001020400111216171
:10E800000212225203132333001020303141516190
:10E810003242520203133353FFFFFFFFFFFFFFFF9C
:10E8200001112161001020500111216102122252B8
:10E83000334353133040506101112131021222320F
:10E84000031323430707070202080800020202011C
:10E8500001010101010101010101010101010101A8
:10E86000010101010101010101010108080001018B
:10E8700001010101010100000040000000800000D2
:10E880000000010000000200000004000000080079
:10E890000000100000002000000018000000000030
:10E8A0000000000000000000000000000000000068
:10E8B0000000000000000000004000000080000098
:10E8C0000000010000000200000004000000080039
:10E8D000000010000000060000000C000000000016
:10E8E0000000000000000000000000000000000028
:10E8F0000000000000000000000000000000000018
:10E9000000000000010000000400000004000000FE
:10E9100002000000080000000800000004000000E1
:10E9200008000000080000000800000008000000C7
:10E93000080000001000000010000000100000009F
:10E940002000000010000000100000004000000047
:10E950001000000010000000800000000400000013
:10E96000040000000001000004000000040000009A
:10E970000002000020000000200000000004000051
:10E980000400000004000000000800004000000037
:10E990004000000000100000800000008000000027
:10E9A00000200000000100000001000000366E01A0
:10E9B000001BB700808D5B00C0C62D0049444C454C
:10E9C00000546D722053766300908800020080002E
:10E9D000200000800000000000FFFF7F000000001A
:10E9E000000424240A0E061C0A0E080E100808084B
:10E9F0000A10060806060606060C0C06160E08087F
:10EA00000A06080E0E0E462608060A060A24040AFE
:10EA10000C161006040404040404040404041C0476
:10EA2000080808080000000003B8020093B60200BE
:10EA3000B5B20200D1B2020007B30200000000002C
:10EA40000FB30200E1B702002BB302003DB3020096
:10EA5000BFB702006DB3020085B302009DB3020090
:10EA6000B5B3020093B70200D1B3020071B7020040
:10EA70006BB70200DDB30200E3B30200EBB30200A8
:10EA8000F3B302007DB6020067B60200FBB30200DA
:10EA90004DB7020037B7020003B402001BB40200F6
:10EAA00033B4020051B4020059B4020071B4020040
:10EAB000A3B40200DDB4020019B70200FBB60200E5
:10EAC00017B502002FB502003FB502005FB5020086
:10EAD00067B502000000000087B5020089B502009A
:10EAE00057B602001BB60200000000000FB602007D
:10EAF00000000000A9B50200A9B50200A9B50200F6
:10EB0000A9B50200A9B50200000000000000000045
:10EB100000000000000000000000000000000000F5
:10EB2000AFB50200C7B50200DFB50200F7B50200BD
:10EB3000F9C60200F5C60200F5C60200F7C60200DB
:10EB4000012AA62A03280229002A292B2A2B042A73
:10EB50000028C92A052A0000B9C902006BCA0200B0
:10EB6000C1CC0200E9CB02000000000005CA02008F
:10EB700065CB020065CB020065CB020011C9020023
:10EB800065CB020011C9020065CB020011C9020069
:10EB90003DCA0200B9CA020011C90200E1CD02005B
:10EBA000D5CE02000DCE020071D102000DCE0200C2
:10EBB000CDCE0200E3D10200CDCE02000DCE020088
:10EBC000CFCE02000000000001D20200CFCE020032
:10EBD000F9C6020059D4020061D5020015D6020020
:10EBE00039D70200F5D6020095DB0200F9D7020002
:10EBF00000030507050305050503030502000001E1
:10EC00000F0000000F000000E0011E04F4010000EE
:10EC1000030710010000000000FA000000FA0000E5
:10EC200002000000DDEA02003DEB02005DEB0200A5
:10EC300081EB020089EA020063EC020061EC020051
:10EC400065EC0200A1EA0200A5EB02008DEA0200D9
:10EC5000BDF60200D5ED020079F0020039ED0200A8
:10EC600051ED02002DF10200C5F1020001F2020097
:10EC70003DED0200CDEF020049EF020061F002001D
:10EC8000180028000000D0070000000001F5020075
:10EC900011F50200FD72040029F5020041F50200A1
:10ECA0003D7304000110000002200000000000007D
:10ECB000000000000323000000000000000001002D
:10ECC0000411010001000100010001000003030222
:10ECD0000003010001000100020000210200020007
:10ECE00002000200020000240323002402000200AC
:10ECF000020003000401030003120322031303258F
:10ED000003000300000403050300030504000400DE
:10ED100004000400040004000400000404010004D2
:10ED20000400040004000000BDF60200ADF502007E
:10ED300015F60200BDF60200BFF60200BFF60200A3
:10ED40000703030303030204040404040505050583
:10ED50000507070707060606060606050504040755
:10ED60000704070404050504040909090202000058
:10ED70000B0B0B07020002000A010B0C0C0D0D0D12
:10ED80000D0D0D0D0F0F100D91F8020011F802007E
:10ED90004DF802006DF8020081F8020061F90200EE
:10EDA00085F80200F9F80200DDF70200C9F7020059
:10EDB00071F90200B5F7020071FB0200EDFB0200E1
:10EDC00009FC02003DFB02000DFC020029FB0200D1
:10EDD00049FD02007DFD0200E5FC0200BDF60200D7
:10EDE000BFF60200DDFE0200000707111102110B41
:10EDF000110811024111020041740400C77D040092
:10EE0000D97D0400EF7D040025860400DF74040032
:10EE1000D1850400077504002975040031750400CC
:10EE20007B7504009F750400E177040055780400A9
:10EE3000257804000D780400197804000578040092
:10EE4000A3820400CB82040041830400E183040018
:10EE50003D8604007D86040083860400A3860400AA
:10EE6000697E0400657F04009B7F0400C586040062
:10EE7000198704002F870400D58604004587040005
:10EE80004987040087870400E7870400F1870400AE
:10EE900069880400B3880400C9880400E18804007C
:10EEA00069800400DD8004004D810400BD81040000
:10EEB000318204000D8904000384040025840400C9
:10EEC000898404005D850400A5850400F1840400A4
:10EED000DCEE0400F8ED0400D6EF040003F00400BB
:10EEE0007CEF040091EF040054F00400A2F0040051
:10EEF0004EF00400AFEF04001EF0040024F0040004
:10EF000018F004002AF0040036F0040069F0040050
:10EF100078F004009CF004007EF004008AF0040005
:10EF200084F0040090F004005DF0040063F004003D
:10EF3000C3F00400BBEF0400CDEF0400C7EF0400F2
:10EF4000C1EF0400E5EF0400EBEF0400EAF0040079
:10EF5000F3F00400CCF00400D2F00400E4F004006C
:10EF6000D8F00400DEF00400BAF00400F1EF040071
:10EF70003FF0040097EF0400A8F004000A00010627
:10EF8000021307000203000108000109000100004C
:10EF90000002031400000010000E0F2702062611C5
:10EFA00005000F0A000103000107260000000013FE
:10EFB0000716140C1A15142400000019172A000053
:10EFC000001C1A2D0000001C192C0000001C182B1E
:10EFD0000D260C0000000A00020700020300030FC8
:10EFE00027020000001C1B2E0000001C242F000024
:10EFF000000825330900020324001D00030D260C20
:10F000000000000501120A000106021307000003B8
:10F0100000010F00000000001C0A190000001C087D
:10F0200017000000060918000000161528060B2717
:10F030000D260C0000001616290D260C00000006F7
:10F0400025340C25350E000D0325000000000404B6
:10F0500006000000110500121C000000001C15260F
:10F06000000000061325000000060C1B1E0D1D17D6
:10F070000C1C040E06000000040F1F0000001C10F2
:10F08000210000001C1223000000061122000000D5
:10F090001A0E001B15280D260C000000060F1E007E
:10F0A00000000606040000000A00010727000327ED
:10F0B000000F27000527100000000B24320D260C3E
:10F0C0000000000616290D260C0000000B1F08008A
:10F0D00000000B20090000000B220B0000000B2396
:10F0E0003100000006210A000000041D05061D1560
:10F0F000000000041E07061E3000000041740400DA
:10F100007D740400A3740400C7740400DF74040059
:10F110000775040029750400317504007B7504002F
:10F120009F750400E1770400057804002578040049
:10F130000D7804001978040055780400A3820400B7
:10F14000CB82040041830400E183040003840400B3
:10F1500025840400898404005D850400F184040092
:10F16000A585040070F10400FCF00400F7F1040030
:10F1700012F20400ACF10400C1F104003CF20400FE
:10F1800045F20400DFF10400E5F1040036F204006A
:10F19000EBF10400F1F1040060F2040006F2040057
:10F1A00027F20400C7F104004EF204000A00010631
:10F1B000021107000203000108000109000100001C
:10F1C0000002031200000010000C0F0E02060D0BCF
:10F1D00005000D0A0001030001070D000000000BEF
:10F1E00006060000000B07070000000B09090000DD
:10F1F000000B0A150000000A0002070002030003CA
:10F200000F0E02000000080C17090002030B00009B
:10F2100000000501100A00010602110700000300AA
:10F22000010F00000000000C0C18060C190E000F56
:10F23000030C000000000608080000000404040697
:10F2400004130000000405050605140000000A0070
:10F2500001070E00030E000F0E00050E0E00000049
:10F260000B0B160D0D0A0000000002000500010046
:10F2700005000500050001000500020050EB040038
:10F2800045F304007AF204000200000144EB04009C
:10F2900036F3040072F204000500000148EB04009C
:10F2A00003D90010FCD8001014000A1144EB04002C
:10F2B0002CF304006CF204000500000140EB040094
:10F2C00000D900106AF204000200000144EB0400BF
:10F2D0003BF3040074F20400050000014EEB04004F
:10F2E00017D90010FED800101400000144EB0400F0
:10F2F00031F3040070F204000500000142EB040049
:10F3000002D900106EF204000100000144EB040079
:10F3100040F3040078F204000500000152EB040001
:10F320002BD9001076F20400010000010205000153
:10F330002A020900A62A020300002A020700042A62
:10F34000020B00C92A00180001000500100005008A
:10F35000040005000200020050EB0400EBF304007F
:10F3600056F304000200000144EB0400E6F304003D
:10F3700052F304000500000154EB0400E2F3040022
:10F3800050F304000400000046EB04003DD90010D7
:10F3900054F304000200201144EB0400D8F30400ED
:10F3A0004AF30400050000014AEB04002CD90010C8
:10F3B00048F304000100061144EB0400DDF30400EF
:10F3C0004EF30400050000014CEB04002DD90010A1
:10F3D0004CF3040010000401021500292B02170051
:10F3E0002A2B0100FFFF201200052A01185753465F
:10F3F0002054696D657200000000000000000000EC
:10F4000000000000000000000000000096300777B8
:10F410002C610EEEBA51099919C46D078FF46A7008
:10F4200035A563E9A395649E3288DB0EA4B8DC7928
:10F430001EE9D5E088D9D2972B4CB609BD7CB17EA8
:10F44000072DB8E7911DBF906410B71DF220B06A78
:10F450004871B9F3DE41BE847DD4DA1AEBE4DD6D88
:10F4600051B5D4F4C785D38356986C13C0A86B6488
:10F470007AF962FDECC9658A4F5C0114D96C0663A8
:10F48000633D0FFAF50D088DC8206E3B5E10694C88
:10F49000E44160D5727167A2D1E4033C47D4044BC8
:10F4A000FD850DD26BB50AA5FAA8B5356C98B242A8
:10F4B000D6C9BBDB40F9BCACE36CD832755CDF4528
:10F4C000CF0DD6DC593DD1ABAC30D9263A00DE5158
:10F4D0008051D7C81661D0BFB5F4B42123C4B35648
:10F4E0009995BACF0FA5BDB89EB802280888055FC8
:10F4F000B2D90CC624E90BB1877C6F2F114C685828
:10F50000AB1D61C13D2D66B69041DC760671DB0115
:10F51000BC20D2982A10D5EF8985B1711FB5B606E7
:10F52000A5E4BF9F33D4B8E8A2C9077834F9000F27
:10F530008EA8099618980EE1BB0D6A7F2D3D6D08C7
:10F54000976C6491015C63E6F4516B6B62616C1CB7
:10F55000D83065854E0062F2ED95066C7BA5011BE7
:10F56000C1F4088257C40FF5C6D9B06550E9B71287
:10F57000EAB8BE8B7C88B9FCDF1DDD62492DDA1547
:10F58000F37CD38C654CD4FB5861B24DCE51B53A67
:10F590007400BCA3E230BBD441A5DF4AD795D83D67
:10F5A0006DC4D1A4FBF4D6D36AE96943FCD96E34A7
:10F5B000468867ADD0B860DA732D0444E51D033387
:10F5C0005F4C0AAAC97C0DDD3C710550AA41022797
:10F5D00010100BBE86200CC925B56857B3856F2067
:10F5E00009D466B99FE461CE0EF9DE5E98C9D929C7
:10F5F0002298D0B0B4A8D7C7173DB359810DB42E07
:10F600003B5CBDB7AD6CBAC02083B8EDB6B3BF9A52
:10F610000CE2B6039AD2B1743947D5EAAF77D29DDE
:10F620001526DB048316DC73120B63E3843B6494BE
:10F630003E6A6D0DA85A6A7A0BCF0EE49DFF0993BE
:10F6400027AE000AB19E077D44930FF0D2A308872E
:10F6500068F2011EFEC206695D5762F7CB676580DE
:10F6600071366C19E7066B6E761BD4FEE02BD389DE
:10F670005A7ADA10CC4ADD676FDFB9F9F9EFBE8E3E
:10F6800043BEB717D58EB060E8A3D6D67E93D1A17E
:10F69000C4C2D83852F2DF4FF167BBD16757BCA65E
:10F6A000DD06B53F4B36B248DA2B0DD84C1B0AAFFE
:10F6B000F64A0336607A0441C3EF60DF55DF67A87E
:10F6C000EF8E6E3179BE69468CB361CB1A8366BC0E
:10F6D000A0D26F2536E2685295770CCC03470BBB5E
:10F6E000B91602222F260555BE3BBAC5280BBDB25E
:10F6F000925AB42B046AB35CA7FFD7C231CFD0B5FE
:10F700008B9ED92C1DAEDE5BB0C2649B26F263ECEF
:10F710009CA36A750A936D02A906099C3F360EEBFD
:10F720008567077213570005824ABF95147AB8E2BD
:10F73000AE2BB17B381BB60C9B8ED2920DBED5E59D
:10F74000B7EFDC7C21DFDB0BD4D2D38642E2D4F1ED
:10F75000F8B3DD686E83DA1FCD16BE815B26B9F67D
:10F76000E177B06F7747B718E65A0888706A0FFFDD
:10F77000CA3B06665C0B0111FF9E658F69AE62F89D
:10F78000D3FF6B6145CF6C1678E20AA0EED20DD79D
:10F790005483044EC2B30339612667A7F71660D0BD
:10F7A0004D476949DB776E3E4A6AD1AEDC5AD6D9FD
:10F7B000660BDF40F03BD83753AEBCA9C59EBBDE1D
:10F7C0007FCFB247E9FFB5301CF2BDBD8AC2BACACD
:10F7D0003093B353A6A3B4240536D0BA9306D7CD3D
:10F7E0002957DE54BF67D9232E7A66B3B84A61C45D
:10F7F000021B685D942B6F2A37BE0BB4A18E0CC31D
:10F800001BDF055A8DEF022DC6F8EEF6FFD6DE910E
:10F810006002CE56E7B54DEC8F1F89FAEFB28EFB32
:10F8200041B35F452353E49B75E13D4C6C7EF5830A
:10F830006851D1F9E2AB622A0895469D30370A2F0C
:10F840000E241BDFCD4E7FEA121D583436DCB45B2C
:10F85000A476B77D52DD5E13A6B900C140E379B648
:10F86000D48D67729498B085BBC54FED869A6611AA
:10F870008AE904FEA078254BA25D80053F2170F146
:10F880006377AF4220E5FDBF811826C3BE35882EC1
:10F890009355FC7AC8BA32E6C0199EA344543B0B78
:10F8A0008CC76B28A7BC16ADDB647414920C48B8E7
:10F8B0009FBD43C43931D3F2D58B6EDA01B19C4977
:10F8C000D8ACF3CFCAF447106FF04A5C385773973F
:10F8D000CBA1E83E96610D0FE07C71CC9006F71C41
:10F8E000C26AAE6917993A27D9EB2B22D2A90733FE
:10F8F0002D3C15C987AA50A50359091A65D784D08C
:10F9000082295A1E7BA86D2CA584998D0DBDB154FA
:10F910005003A97D1962E69A459D408715EBC90BF6
:10F92000EC67FDEABFF7965BC21CAE6A5A41024F14
:10F930005CF434089373533F0C52655E28A10FB5F5
:10F9400009369B3D2669CD9F1B9E742E2DB2EEFB82
:10F95000F64D61CE7B3E7197F568002C601FC8EDB7
:10F96000BE46D94BDED4E84A6B2AE516C5D7559476
:10F97000CF100681F044BAE3F3FEC08AADBC480460
:10F98000DFC17563301A0E6D4C14352FE1A2CC39EE
:10F9900057F28247ACE72B95A098D17F667EAB8368
:10F9A000CA29D33C79E21D763B564E1EDB0A6CE435
:10F9B0005D6EEFA6A8A4378B324359B78C64D2E0B2
:10F9C000B4FA0725AF8EE918D5886F7224F1C751B4
:10F9D000237C9C21DDDC86859042C4AAD8050112D7
:10F9E000A35FF9D0915827B93813B333BB7089A7F7
:10F9F000B622922049FF787A8FF88017DA31C6B89C
:10FA0000C3B07711CBFCD63A0009121B242D363F28
:10FA100048415A536C657E779099828BB4BDA6AFEE
:10FA2000D8D1CAC3FCF5EEE73B3229201F160D04DE
:10FA3000737A6168575E454CABA2B9B08F869D94CE
:10FA4000E3EAF1F8C7CED5DC767F646D525B4049BE
:10FA50003E372C251A130801E6EFF4FDC2CBD0D9AE
:10FA6000AEA7BCB58A8398914D445F5669607B729E
:10FA7000050C171E2128333ADDD4CFC6F9F0EBE28E
:10FA8000959C878EB1B8A3AAECE5FEF7C8C1DAD37E
:10FA9000A4ADB6BF8089929B7C756E6758514A436E
:10FAA000343D262F1019020BD7DEC5CCF3FAE1E85E
:10FAB0009F968D84BBB2A9A0474E555C636A71784E
:10FAC0000F061D142B2239309A938881BEB7ACA53E
:10FAD000D2DBC0C9F6FFE4ED0A0318112E273C352E
:10FAE000424B5059666F747DA1A8B3BA858C979E1E
:10FAF000E9E0FBF2CDC4DFD63138232A151C070E0E
:10FB000079706B625D544F46000B161D2C273A31FD
:10FB100058534E45747F6269B0BBA6AD9C978A81ED
:10FB2000E8E3FEF5C4CFD2D97B706D66575C414ADD
:10FB30002328353E0F041912CBC0DDD6E7ECF1FACD
:10FB40009398858EBFB4A9A2F6FDE0EBDAD1CCC7BD
:10FB5000AEA5B8B38289949F464D505B6A617C77AD
:10FB60001E1508033239242F8D869B90A1AAB7BC9D
:10FB7000D5DEC3C8F9F2EFE43D362B20111A070C8D
:10FB8000656E737849425F54F7FCE1EADBD0CDC67D
:10FB9000AFA4B9B28388959E474C515A6B607D766D
:10FBA0001F1409023338252E8C879A91A0ABB6BD5D
:10FBB000D4DFC2C9F8F3EEE53C372A21101B060D4D
:10FBC000646F727948435E55010A171C2D263B303D
:10FBD00059524F44757E6368B1BAA7AC9D968B802D
:10FBE000E9E2FFF4C5CED3D87A716C67565D404B1D
:10FBF0002229343F0E051813CAC1DCD7E6EDF0FB0D
:10FC00009299848FBEB5A8A3000D1A1734392E23FC
:10FC10006865727F5C51464BD0DDCAC7E4E9FEF3EC
:10FC2000B8B5A2AF8C81969BBBB6A1AC8F829598DC
:10FC3000D3DEC9C4E7EAFDF06B66717C5F524548CC
:10FC4000030E1914373A2D206D60777A5954434EBC
:10FC500005081F12313C2B26BDB0A7AA8984939EAC
:10FC6000D5D8CFC2E1ECFBF6D6DBCCC1E2EFF8F59C
:10FC7000BEB3A4A98A87909D060B1C11323F28258C
:10FC80006E6374795A57404DDAD7C0CDEEE3F4F97C
:10FC9000B2BFA8A5868B9C910A07101D3E3324296C
:10FCA000626F7875565B4C41616C7B7655584F425C
:10FCB0000904131E3D30272AB1BCABA685889F924C
:10FCC000D9D4C3CEEDE0F7FAB7BAADA0838E99943C
:10FCD000DFD2C5C8EBE6F1FC676A7D70535E49442C
:10FCE0000F0215183B36212C0C01161B3835222F1C
:10FCF00064697E73505D4A47DCD1C6CBE8E5F2FF0C
:10FD0000B4B9AEA3808D9A97000E1C123836242AFF
:10FD1000707E6C624846545AE0EEFCF2D8D6C4CAF3
:10FD2000909E8C82A8A6B4BADBD5C7C9E3EDFFF1DB
:10FD3000ABA5B7B9939D8F813B352729030D1F11C3
:10FD40004B455759737D6F61ADA3B1BF959B8987B3
:10FD5000DDD3C1CFE5EBF9F74D43515F757B6967A3
:10FD60003D33212F050B191776786A644E40525C9B
:10FD700006081A143E30222C96988A84AEA0B2BC93
:10FD8000E6E8FAF4DED0C2CC414F5D537977656B7B
:10FD9000313F2D230907151BA1AFBDB39997858B63
:10FDA000D1DFCDC3E9E7F5FB9A948688A2ACBEB05B
:10FDB000EAE4F6F8D2DCCEC07A746668424C5E5053
:10FDC0000A041618323C2E20ECE2F0FED4DAC8C643
:10FDD0009C92808EA4AAB8B60C02101E343A282633
:10FDE0007C72606E444A585637392B250F01131D1B
:10FDF00047495B557F71636DD7D9CBC5EFE1F3FD03
:10FE0000A7A9BBB59F91838D52096AD53036A53815
:10FE1000BF40A39E81F3D7FB7CE339829B2FFF87F2
:10FE2000348E4344C4DEE9CB547B9432A6C2233DD6
:10FE3000EE4C950B42FAC34E082EA16628D924B287
:10FE4000765BA2496D8BD12572F8F66486689816A8
:10FE5000D4A45CCC5D65B6926C704850FDEDB9DA07
:10FE60005E154657A78D9D8490D8AB008CBCD30AF5
:10FE7000F7E45805B8B34506D02C1E8FCA3F0F02D1
:10FE8000C1AFBD0301138A6B3A9111414F67DCEAA0
:10FE900097F2CFCEF0B4E67396AC7422E7AD358519
:10FEA000E2F937E81C75DF6E47F11A711D29C58923
:10FEB0006FB7620EAA18BE1BFC563E4BC6D2792005
:10FEC0009ADBC0FE78CD5AF41FDDA8338807C7310E
:10FED000B11210592780EC5F60517FA919B54A0D06
:10FEE0002DE57A9F93C99CEFA0E03B4DAE2AF5B07B
:10FEF000C8EBBB3C83539961172B047EBA77D62697
:10FF0000E169146355210C7D637C777BF26B6FC5CF
:10FF10003001672BFED7AB76CA82C97DFA5947F00C
:10FF2000ADD4A2AF9CA472C0B7FD9326363FF7CCE8
:10FF300034A5E5F171D8311504C723C31896059A85
:10FF4000071280E2EB27B27509832C1A1B6E5AA0A8
:10FF5000523BD6B329E32F8453D100ED20FCB15B93
:10FF60006ACBBE394A4C58CFD0EFAAFB434D3385FC
:10FF700045F9027F503C9FA851A3408F929D38F5D0
:10FF8000BCB6DA2110FFF3D2CD0C13EC5F97441707
:10FF9000C4A77E3D645D197360814FDC222A90887E
:10FFA00046EEB814DE5E0BDBE0323A0A4906245C0A
:10FFB000C2D3AC629195E479E7C8376D8DD54EA96F
:10FFC0006C56F4EA657AAE08BA78252E1CA6B4C63B
:10FFD000E8DD741F4BBD8B8A703EB5664803F60E94
:10FFE000613557B986C11D9EE1F8981169D98E9483
:10FFF0009B1E87E9CE5528DF8CA1890DBFE642689C
:020000025000AC
:1000000041992D0FB054BB1625733A256409090098
:10001000080A0C0D0E10121415181A1B1D1E21248F
:1000200000010101020305020501060202050202A8
:1000300006030201050404000000000000000000A7
:100040000000000248E8010048E8010048E801001B
:1000500048E8010048E8010048E8010090D00300AA
:1000600000000000030000000201000C0B0A090858
:10007000070732000000000000010201000000003C
:10008000000203020100000000030403020100005B
:100090000004050403020100000506050403020133
:1000A0000006070605040302010707070605040307
:1000B0000207070202020202020202020202020216
:1000C000020203020202020202030403020202020B
:1000D00002040504030202020205060504030202EB
:1000E00002060706050403020207070706050403C4
:1000F00002070733337373F2F2F2F200000B357D1F
:10010000F2F2F20048E8010048E8010048E8010086
:1001100048E8010048E8010048E8010020A1070084
:100120000000000020A1070020A1070020A1070077
:1001300020A1070020A1070020A107000000000067
:10014000000000000808080808080908080808084E
:100150000A09080808080B0A090808080C0B0A090C
:1001600008080D0C0B0A09080D0D0C0B0A090C0BE5
:100170000A09080708000C0B0A09080700003333B6
:100180003373F2F2F2003581F2F2F2F200000B3535
:100190007DF2F2003581F2F2F2F2000048E801004F
:1001A00048E8010048E8010048E8010048E801008B
:1001B00048E8010090D003000000000003000000A8
:1001C0000201000C0B0A090807073233333373F2BC
:1001D000F2F2F20048E8010048E8010048E80100B6
:1001E00048E8010048E8010048E8010090D0030019
:1001F00000000000030000000201000C0B0A0908C7
:1002000007073200000000000001020100000000AA
:1002100000020302010000000003040302010000C9
:1002200000040504030201000005050504030201A2
:10023000000507000000000000000007050504039A
:1002400002070733333373F2F2F2F20048E8010099
:1002500048E8010048E8010048E8010048E80100DA
:1002600048E80100030000000201000C0B0A090825
:100270000733333373F2F20048E8010048E8010025
:1002800048E8010048E8010048E8010048E80100AA
:1002900020A107000000000020A1070020A1070006
:1002A00020A1070020A1070020A1070020A107002E
:1002B00000000000000000000808080808080908FD
:1002C000080808080A09080808080B0A09080808A5
:1002D0000C0B0A0908080D0C0B0A09080D0D0C0B74
:1002E0000A090C0B0A09080708000C0B0A09080781
:1002F000000033333373F2F2F2003581F2F2F2F29E
:10030000000000000B357DF2F200358181F2F2F23F
:10031000F200000048E8010048E8010048E8010058
:1003200048E8010048E8010048E8010090D00300D7
:1003300000000000030000000201000C0B0A090885
:1003400007073233333373F2F2F2F20048E8010068
:1003500048E8010048E8010048E8010020A1070042
:1003600000000000000000000000000020A10700C5
:1003700020A1070020A1070020A1070020A107005D
:1003800020A1070000000000000000000A09080882
:100390000B0A09080C0B0A090D0C0B0A0D0D0C0BAE
:1003A0000A090807080000000C0B0A0908070000EA
:1003B0000B357DF2F20000003581F2F2F2F200001E
:1003C0002B7E151628AED2A6ABF7158809CF4F3C69
:1003D0000004050600080109020A0300841E00004B
:1003E000093D0000127A000024F4000048E80100F2
:1003F00090D0030020A1070000000000B1280000F9
:1004000061510000C3A2000002010003C0120000FD
:100410001F000000A816000017000000841C000048
:100420000F000000E42500001E000000B42D0000B5
:1004300016000000083900000E0000002C4C0000DF
:100440001D000000685B00001500000074720000D1
:100450000D000000589800001C00000034B7000098
:1004600014000000E8E400000C00000078310100F6
:100470001B000000686E01001300000034CA010078
:100480000B000000286202001A00000040DB02009E
:10049000120000003C9303000A000000C0C20400E8
:1004A0001900000060B305001100000038200700AB
:1004B0000900000020A1070000000000C5FE0300A5
:1004C0005DF5030025FA030079F50300C5FD03007F
:1004D00041FE030045FA030029FC03001DF503005B
:1004E00099F6030089F50300E5F5030055F50300CF
:1004F000B9F7030009F6030021F6030051F60300E3
:1005000083F503007DF5030003F60300FDF503000A
:1005100089F70300C5F903005BF6030049F80300FF
:1005200001F80300F9F503002F55736572732F6A04
:1005300075616E726F6472696775657A2F4C696256
:10054000726172792F41726475696E6F31352F70E7
:1005500061636B616765732F72616B5F7275692F81
:1005600068617264776172652F61706F6C6C6F3354
:100570002F342E322E322F636F7265732F61706F9E
:100580006C6C6F332F636F6D706F6E656E742F635D
:100590006F72652F6D63752F61706F6C6C6F332F89
:1005A0007568616C2F7568616C5F6164632E6300B0
:1005B00041444320536C6F74203D202025640A0081
:1005C0004144432056616C7565203D2025640A0036
:1005D0000908FFFFFFFFFFFFFFFFFFFFFFFFFFFF18
:1005E000FFFFFF0304052F55736572732F6A756152
:1005F0006E726F6472696775657A2F4C6962726199
:1006000072792F41726475696E6F31352F70616335
:100610006B616765732F72616B5F7275692F6861BB
:100620007264776172652F61706F6C6C6F332F34F9
:100630002E322E322F636F7265732F61706F6C6C68
:100640006F332F636F6D706F6E656E742F636F7293
:10065000652F6D63752F61706F6C6C6F332F7568CC
:10066000616C2F7568616C5F666C6173682E6300E6
:10067000464C4153482070726F6772616D20706103
:1006800067652061742030782530387820693332EE
:1006900052657475726E436F6465203D2030782515
:1006A000782E0057524954452070726F6772616D01
:1006B00020706167652061742030782530387800BB
:1006C000524541442070726F6772616D207061679E
:1006D00065206174203078253038780020464C4100
:1006E000534820657261736520706167652061748D
:1006F000203078253038782069333252657475722D
:100700006E436F6465203D2020307825782E0045AB
:10071000524153452070726F6772616D207061673E
:100720006520617420307825303878002F55736546
:1007300072732F6A75616E726F6472696775657A1C
:100740002F4C6962726172792F41726475696E6FA4
:1007500031352F7061636B616765732F72616B5FF9
:100760007275692F68617264776172652F61706F4D
:100770006C6C6F332F342E322E322F636F72657391
:100780002F61706F6C6C6F332F636F6D706F6E6560
:100790006E742F636F72652F6D63752F61706F6C50
:1007A0006C6F332F7568616C2F7568616C5F677053
:1007B000696F2E6300616D5F6770696F5F69737247
:1007C000004750494F5F494E545F5441534B0047D7
:1007D0005020494E542050494E3A202564000000D4
:1007E000030800000D0A25730D0A000D0A41542B61
:1007F0003C434D443E3F3A2068656C70206F6E204C
:100800003C434D443E0D0A41542B3C434D443E3A3B
:100810002072756E203C434D443E0D0A41542B3CE2
:10082000434D443E3D3C76616C75653E3A207365B0
:1008300074207468652076616C75650D0A41542BCF
:100840003C434D443E3D3F3A2067657420746865E3
:100850002076616C75650D0A0044697361626C6590
:1008600000522A0025732C25733A2025730D0A00A7
:100870004154432B00257325730025732C25733AAF
:100880002025732C2025730D0A0030313233343586
:10089000363738390041542B424F4F5400656E743F
:1008A000657220626F6F746C6F61646572206D6F2A
:1008B000646520666F72206669726D77617265206B
:1008C000757067726164650041542B424F4F5456F6
:1008D0004552006765742074686520766572736997
:1008E0006F6E206F662052554920426F6F746C6F97
:1008F000616465720041545A007472696767657279
:10090000732061207265736574206F66207468655A
:10091000204D43550041545200726573746F7265E7
:100920002064656661756C7420706172616D6574B8
:100930006572730041542B444542554700736574FA
:10094000206465627567206C6F670073686F77203D
:100950006F72206869646520746865204154206363
:100960006F6D6D616E6420696E7075740041542BFB
:1009700046534E0041542B464143544F5259004177
:10098000542B534E0067657420746865207365723C
:1009900069616C206E756D626572206F6620746887
:1009A000652064657669636520286D61782031383B
:1009B0002063686172290041542B424154006765ED
:1009C00074207468652062617474657279206C6546
:1009D00076656C2028766F6C74290041542B425543
:1009E000494C4454494D450067657420746865203E
:1009F0006275696C642074696D65206F6620746827
:100A000065206669726D776172650041542B5245AD
:100A1000504F494E464F00676574207468652063E7
:100A20006F6D6D6974204944206F6620746865207D
:100A30006669726D776172650041542B56455200AC
:100A4000676574207468652076657273696F6E20BF
:100A50006F6620746865206669726D7761726500E3
:100A600041542B4649524D57415245564552006715
:100A700065742074686520437573746F6D697A6559
:100A8000642076657273696F6E206F662074686586
:100A9000206669726D776172650041542B434C4941
:100AA00056455200676574207468652076657273D8
:100AB000696F6E206F662074686520415420636FF3
:100AC0006D6D616E640041542B4150495645520092
:100AD000676574207468652076657273696F6E202F
:100AE0006F66207468652052554920415049004185
:100AF000542B48574D4F44454C006765742074682B
:100B00006520737472696E67206F66207468652053
:100B10006861726477617265206D6F64656C004115
:100B2000542B4857494400676574207468652073E6
:100B30007472696E67206F662074686520686172E0
:100B400064776172652069640041542B414C4941CE
:100B5000530061646420616E20616C696173206E72
:100B6000616D6520746F20746865206465766963C3
:100B7000650041542B5359535600676574207468BF
:100B8000652053797374656D20566F6C7461676569
:100B90000041542B424C454D414300676574206F22
:100BA00072207365742074686520424C45204D6145
:100BB0006320616464726573730041542B424C4539
:100BC00044544D00424C452044544D0041542B5355
:100BD0004C45455000656E74657220736C65657098
:100BE000206D6F646520666F722061207065726988
:100BF0006F64206F662074696D6520286D7329000D
:100C000041542B4C504D00676574206F7220736502
:100C10007420746865206C6F7720706F7765722020
:100C20006D6F6465202830203D206F66662C203172
:100C3000203D206F6E290041542B4C504D4C564C9A
:100C400000676574206F7220736574207468652076
:100C50006C6F7720706F776572206D6F6465206CA4
:100C60006576656C0041542B4C4F434B006C6F63B1
:100C70006B207468652073657269616C20706F7297
:100C8000740041542B50574F5244007365742074C4
:100C900068652073657269616C20706F7274206C76
:100CA0006F636B696E672070617373776F72642016
:100CB000286D617820382063686172290041542BC7
:100CC0004241554400676574206F7220736574203B
:100CD0007468652073657269616C20706F7274202E
:100CE00062617564726174650041542B41544D001A
:100CF00073776974636820746F20415420636F6D4B
:100D00006D616E64206D6F64650041542B415050DD
:100D100045554900676574206F72207365742074AF
:100D20006865206170706C69636174696F6E2045DD
:100D3000554920283820627974657320696E2068CF
:100D40006578290041542B4150504B455900676547
:100D500074206F72207365742074686520617070F0
:100D60006C69636174696F6E206B65792028313618
:100D700020627974657320696E2068657829004166
:100D8000542B415050534B455900676574206F7286
:100D90002073657420746865206170706C6963618C
:100DA00074696F6E2073657373696F6E206B6579FC
:100DB0002028313620627974657320696E20686559
:100DC00078290041542B44455641444452006765FC
:100DD00074206F7220736574207468652064657672
:100DE00069636520616464726573732028342062CE
:100DF0007974657320696E20686578290041542BE9
:100E000044455645554900676574206F72207365E7
:100E1000742074686520646576696365204555496A
:100E200020283820627974657320696E206865789F
:100E3000290041542B4E4554494400676574207481
:100E40006865206E6574776F726B206964656E7477
:100E5000696669657220284E6574494429202833E3
:100E600020627974657320696E2068657829004175
:100E7000542B4E574B534B455900676574206F7286
:100E80002073657420746865206E6574776F726B6B
:100E90002073657373696F6E206B65792028313616
:100EA00020627974657320696E2068657829004135
:100EB000542B4D43524F4F544B4559006765742096
:100EC000746865204D6320526F6F74206B657920C4
:100ED00028313620627974657320696E20686578E0
:100EE000290041542B43464D00676574206F7220E2
:100EF0007365742074686520636F6E6669726D2017
:100F00006D6F6465202830203D206F66662C20318F
:100F1000203D206F6E290041542B434653006765E6
:100F2000742074686520636F6E6669726D617469A0
:100F30006F6E20737461747573206F6620746865BA
:100F4000206C6173742041542B53454E442028304B
:100F5000203D206661696C7572652C2031203D2032
:100F600073756363657373290041542B4A4F494E6F
:100F7000006A6F696E206E6574776F726B00415402
:100F80002B4E4A4D00676574206F72207365742084
:100F9000746865206E6574776F726B206A6F696E16
:100FA000206D6F6465202830203D204142502C2068
:100FB00031203D204F544141290041542B4E4A538A
:100FC0000067657420746865206A6F696E207374A9
:100FD00061747573202830203D206E6F74206A6F15
:100FE000696E65642C2031203D206A6F696E6564EE
:100FF000290041542B52454356007072696E74208B
:10100000746865206C6173742072656365697665C8
:1010100064206461746120696E2068657820666F61
:10102000726D61740041542B53454E440073656EDC
:1010300064206461746120616C6F6E6720776974ED
:101040006820746865206170706C69636174696F91
:101050006E20706F72740041542B4C5053454E44B7
:101060000073656E64206C6F6E67207061636B65E2
:1010700074206461746120286D61782031303030D3
:10108000206279746573290041542B5245545900EC
:10109000676574206F722073657420746865206EB4
:1010A000756D626572206F662072657472616E7311
:1010B0006D697373696F6E206F6620636F6E66690A
:1010C000726D207061636B657420646174610041AE
:1010D000542B41445200676574206F72207365740D
:1010E000207468652061646170746976652064614C
:1010F000746120726174652073657474696E672011
:101100002830203D206F66662C2031203D206F6EF8
:10111000290041542B434C41535300676574206FA1
:1011200072207365742074686520646576696365F0
:1011300020636C617373202841203D20636C6173D0
:101140007320412C2042203D20636C617373204248
:101150002C2043203D20636C6173732043290041A0
:10116000542B4443530067657420746865204554CC
:1011700053492064757479206379636C65207365C5
:101180007474696E67202830203D20646973616241
:101190006C65642C2031203D20656E61626C656455
:1011A000290041542B445200676574206F722073EC
:1011B000657420746865206461746120726174656F
:1011C0000041542B4A4E31444C00676574206F72C5
:1011D0002073657420746865206A6F696E2061638E
:1011E000636570742064656C6179206265747765ED
:1011F000656E2074686520656E64206F66205458A3
:1012000020616E6420746865206A6F696E20525890
:101210002077696E646F77203120696E2073656373
:101220006F6E64730041542B4A4E32444C00676524
:1012300074206F722073657420746865206A6F690A
:101240006E206163636570742064656C61792062EF
:1012500065747765656E2074686520656E64206FBF
:101260006620545820616E6420746865206A6F6936
:101270006E2052582077696E646F77203220696E35
:10128000207365636F6E64730041542B504E4D00A4
:10129000676574206F7220736574207468652070B0
:1012A00075626C6963206E6574776F726B206D6F09
:1012B0006465202830203D206F66662C2031203D5B
:1012C000206F6E290041542B525831444C00676501
:1012D00074206F7220736574207468652064656C77
:1012E0006179206265747765656E20746865206534
:1012F0006E64206F6620545820616E6420746865A7
:101300002052582077696E646F77203120696E20F3
:101310007365636F6E64732028312D313529004168
:10132000542B525832444C00676574206F722073FE
:101330006574207468652064656C617920626574E9
:101340007765656E2074686520656E64206F662021
:10135000545820616E642074686520525820776963
:101360006E646F77203220696E207365636F6E64E0
:10137000732028322D3136290041542B52583244E3
:101380005200676574206F722073657420746865FD
:10139000205258322077696E646F772064617461DF
:1013A00020726174650041542B52583246510067D7
:1013B000657420746865205258322077696E646FB6
:1013C00077206672657175656E63792028487A2981
:1013D0000041542B54585000676574206F7220737D
:1013E000657420746865207472616E736D697474BD
:1013F000696E6720706F7765720041542B4C494EBF
:101400004B434845434B00676574206F72207365FA
:101410007420746865206C696E6B20636865636B0B
:101420002073657474696E67202830203D206469DC
:101430007361626C65642C2031203D206F6E6365A2
:101440002C2032203D20657665727974696D65299E
:101450000041542B54494D455245510072657175F8
:10146000657374207468652063757272656E74208C
:101470006461746520616E642074696D6520283034
:10148000203D2064697361626C65642C2031203DCD
:1014900020656E61626C6564290041542B4C425496
:1014A00000676574206F722073657420746865200E
:1014B0004C6F526157414E204C4254202873757036
:1014C000706F7274204B6F726561204A6170616E3B
:1014D000290041542B4C42545253534900676574C0
:1014E000206F722073657420746865204C6F5261A0
:1014F00057414E204C4254207273736920287375F3
:1015000070706F7274204B6F726561204A617061F8
:101510006E290041542B4C42545343414E54494D83
:101520004500676574206F72207365742074686568
:10153000204C6F526157414E204C425420736361DE
:101540006E74696D652028737570706F7274204BAE
:101550006F726561204A6170616E290041542B50A1
:1015600047534C4F5400676574206F722073657445
:101570002074686520756E69636173742070696E8C
:101580006720736C6F7420706572696F646963693A
:1015900074792028302D37290041542B424652457A
:1015A00051006765742074686520646174612072FD
:1015B00061746520616E6420626561636F6E206690
:1015C00072657175656E637920284D487A290041EE
:1015D000542B4254494D450067657420746865205A
:1015E000626561636F6E2074696D65202873656341
:1015F0006F6E64732073696E636520475053204596
:10160000706F63682074696D65290041542B4247EF
:101610005700676574207468652067617465776139
:10162000792047505320636F6F7264696E617465EF
:101630002C204E6574494420616E642047774944EC
:101640000041542B4C54494D450067657420746823
:1016500065206C6F63616C2074696D650041542B6B
:101660005253534900676574207468652052535380
:1016700049206F6620746865206C61737420726500
:10168000636569766564207061636B6574004154BD
:101690002B41525353490061636365737320616C3E
:1016A0006C206F70656E206368616E6E656C205291
:1016B0005353490041542B534E52006765742074B4
:1016C000686520534E52206F6620746865206C61F7
:1016D0007374207265636569766564207061636BFD
:1016E00065740041542B4D41534B00676574206F66
:1016F000722073657420746865206368616E6E651E
:101700006C206D61736B20746F20636C6F73652048
:101710006F72206F70656E20746865206368616EFB
:101720006E656C20286F6E6C7920666F7220555341
:101730003931352C2041553931352C20434E343741
:1017400030290041542B43484500676574206F726F
:1017500020736574206569676874206368616E6EC4
:10176000656C73206D6F646520286F6E6C792066E0
:101770006F72205553393135204155393135204369
:101780004E343730290041542B4348530067657469
:10179000206F72207365742073696E676C652063B7
:1017A00068616E6E656C73206D6F646520286F6E66
:1017B0006C7920666F722055533931352041553987
:1017C000313520434E343730290041542B42414EAD
:1017D0004400676574206F722073657420746865B7
:1017E0002061637469766520726567696F6E202871
:1017F00030203D2045553433332C2031203D2043CB
:101800004E3437302C2032203D2052553836342C7F
:101810002033203D20494E3836352C2034203D20C1
:1018200045553836382C2035203D20555339313533
:101830002C2036203D2041553931352C2037203D94
:10184000204B523932302C2038203D204153393240
:10185000332D31202C2039203D2041533932332D76
:1018600032202C203130203D2041533932332D336A
:10187000202C203131203D2041533932332D34206A
:101880002C203132203D204C413931352900415442
:101890002B4144444D554C43006164642061206EEB
:1018A0006577206D756C7469636173742067726FFE
:1018B00075700041542B524D564D554C4300646594
:1018C0006C6574652061206D756C746963617374F7
:1018D0002067726F75700041542B4C53544D554C1A
:1018E000430076696577206D756C74696361737404
:1018F0002067726F757020696E666F726D617469B2
:101900006F6E0041542B54525353490073746172EB
:1019100074205246205253534920746F6E652074D0
:101920006573740041542B54544F4E4500737461D9
:10193000727420524620746F6E6520746573740053
:1019400041542B54545800736574206E756D626554
:1019500072206F66207061636B65747320746F20F2
:1019600062652073656E7420666F72205045522048
:10197000524620545820746573740041542B5452BD
:101980005800736574206E756D626572206F6620F5
:101990007061636B65747320746F2062652072657B
:1019A00063656976656420666F72205045522052E7
:1019B0004620525820746573740041542B54434F91
:1019C0004E4600636F6E666967757265204C6F5294
:1019D0006120524620746573740041542B5454485E
:1019E00000737461727420524620545820686F70DE
:1019F00070696E6720746573742066726F6D20461F
:101A0000737461727420746F204673746F702C202D
:101A100077697468204664656C74612073746570BE
:101A2000730041542B5452544800737461727420F3
:101A3000524620545820686F7070696E6720746534
:101A400073742066726F6D204673746172742074B3
:101A50006F204673746F702C207769746820466419
:101A6000656C746120696E74657276616C20696E54
:101A70002072616E646F6D2073657175656E63654C
:101A80000041542B544F46460073746F70206F6EA4
:101A9000676F696E67205246207465737400415405
:101AA0002B43455254494600736574207468652081
:101AB0006D6F64756C6520696E204C6F7261574163
:101AC0004E2063657274696669636174696F6E2024
:101AD0006D6F6465202830203D206E6F726D616CE3
:101AE000206D6F64652C2031203D20636572746920
:101AF0006669636174696F6E206D6F64652900416A
:101B0000542B435700737461727420636F6E746951
:101B10006E756F757320776176650041542B4E5753
:101B20004D00676574206F7220736574207468655A
:101B3000206E6574776F726B20776F726B696E675A
:101B4000206D6F6465202830203D205032505F4C5E
:101B50004F52412C2031203D204C6F526157414E55
:101B60002C2032203D205032505F46534B290041FB
:101B7000542B504652455100636F6E66696775720B
:101B80006520503250204672657175656E6379200C
:101B9000284E6F74653A5468697320636F6D6D6188
:101BA0006E642077696C6C2062652064656C657476
:101BB000656420696E207468652066757475726549
:101BC000290041542B50534600636F6E6669677558
:101BD00072652050325020537072656164696E677F
:101BE00020466163746F722028352D313229284ECA
:101BF0006F74653A5468697320636F6D6D616E64CC
:101C00002077696C6C2062652064656C657465641E
:101C100020696E2074686520667574757265290088
:101C200041542B50425700636F6E66696775726549
:101C3000205032502042616E647769647468284C89
:101C40004F52413A2030203D203132352C20312076
:101C50003D203235302C2032203D203530302C20B4
:101C600033203D20372E382C2034203D2031302E9B
:101C7000342C2035203D2031352E36332C20362093
:101C80003D2032302E38332C2037203D2033312E6A
:101C900032352C2038203D2034312E36372C203957
:101CA000203D2036322E35202046534B3A343830F2
:101CB000302D34363730303029284E6F74653A5421
:101CC00068697320636F6D6D616E642077696C6CF9
:101CD0002062652064656C6574656420696E20749B
:101CE000686520667574757265290041542B5043F0
:101CF0005200636F6E6669677572652050325020BE
:101D0000436F6465205261746528303D342F352C53
:101D100020313D342F362C20323D342F372C2033C8
:101D20003D342F3829284E6F74653A546869732002
:101D3000636F6D6D616E642077696C6C20626520E5
:101D400064656C6574656420696E207468652066DE
:101D50007574757265290041542B50504C00636FA7
:101D60006E666967757265205032502050726561E9
:101D70006D626C65204C656E6774682028352D3661
:101D80003535333529284E6F74653A5468697320A8
:101D9000636F6D6D616E642077696C6C2062652085
:101DA00064656C6574656420696E2074686520667E
:101DB0007574757265290041542B50545000636F3F
:101DC0006E666967757265205032502054582050F5
:101DD0006F77657228352D323229284E6F74653A37
:101DE0005468697320636F6D6D616E642077696CF0
:101DF0006C2062652064656C6574656420696E2082
:101E000074686520667574757265290041542B509D
:101E100053454E440073656E6420646174612069AB
:101E20006E20503250206D6F64650041542B50522B
:101E300045435600656E74657220503250205258EA
:101E4000206D6F646520666F722061207065726915
:101E50006F64206F662074696D6520286D7329009A
:101E600041542B454E43525900676574206F7220D0
:101E70007365742074686520656E63727970746927
:101E80006F6E20737461747573206F6620503250CA
:101E9000206D6F64650041542B43414400676574B5
:101EA000206F722073657420746865204368616ECA
:101EB0006E656C2041637469766974792044657439
:101EC000656374696F6E20737461747573206F66D7
:101ED00020503250206D6F64650041542B454E43B5
:101EE0004B455900676574206F72207365742074C8
:101EF000686520656E6372797074696F6E206B65BA
:101F000079206F6620503250206D6F646520283133
:101F10003620627974657320696E206865782900BF
:101F200041542B43525950495600676574206F72D3
:101F3000207365742074686520656E6372797074AF
:101F4000696F6E204956206F6620503250206D6FA9
:101F500064652028313620627974657320696E20AB
:101F6000686578290041542B503250006765742011
:101F70006F722073657420616C6C20503250207039
:101F80006172616D65746572730041542B504252E9
:101F900000676574206F7220736574207468652013
:101FA0005032502046534B206D6F64656D2062693E
:101FB000747261746520283630302D333030303003
:101FC0003020622F73290041542B5046444556005F
:101FD000676574206F722073657420746865205083
:101FE00032502046534B206D6F64656D20667265DC
:101FF0007175656E637920646576696174696F6E69
:1020000020283630302D32303030303020687A2978
:102010000041542B4951494E564552006765742082
:102020006F72207365742050325020495120696EC0
:1020300076657273696F6E202831203D206F6E2C9B
:102040002030203D206F6666290041542B53594EA5
:1020500043574F524400676574206F722073657454
:10206000205032502073796E63776F72642028306D
:102070007830303030202D20307866666666290052
:1020800041542B52464652455155454E43590067DF
:102090006574206F72207365742050325020467230
:1020A000657175656E63790041542B54584F5554D2
:1020B000505554504F57455200676574206F722039
:1020C0007365742050325020547820506F776572B9
:1020D00028352D3232290041542B42414E44574974
:1020E00044544800676574206F72207365742050F3
:1020F00032502042616E647769647468284C4F5294
:10210000413A2030203D203132352C2031203D20F5
:102110003235302C2032203D203530302C203320F9
:102120003D20372E382C2034203D2031302E342CC9
:102130002035203D2031352E36332C2036203D20D1
:1021400032302E38332C2037203D2033312E32359B
:102150002C2038203D2034312E36372C2039203D9C
:102160002036322E35202046534B3A343830302D2D
:10217000343637303030290041542B5350524541CA
:1021800044494E47464143544F5200676574206F9F
:1021900072207365742050325020537072656164F0
:1021A000696E6720466163746F722028352D313265
:1021B000290041542B434F44494E47524154450056
:1021C000676574206F72207365742050325020430D
:1021D0006F6465205261746528303D342F352C20A2
:1021E000313D342F362C20323D342F372C20333DD7
:1021F000342F38290041542B505245414D424C4513
:102200004C454E47544800676574206F72207365D3
:10221000742050325020507265616D626C65204CA4
:10222000656E6774682028352D36353533352900BD
:1022300041542B53594D424F4C54494D454F5554E1
:1022400000676574206F72207365742050325020CF
:1022500073796D626F6C54696D656F757420283089
:102260002D323438290041542B4649584C454E47AD
:1022700054485041594C4F414400676574206F7277
:10228000207365742050325020666978206C656E2A
:10229000677468207061796C6F6164206F6E2F6F56
:1022A000666620282031203D206F6E2C2030203D96
:1022B000206F6666290041545F4552524F520041DB
:1022C000545F504152414D5F4552524F520041546C
:1022D0005F425553595F4552524F520041545F542B
:1022E0004553545F504152414D5F4F564552464C05
:1022F0004F570041545F4E4F5F434C415353425F31
:10230000454E41424C450041545F4E4F5F4E45544F
:10231000574F524B5F4A4F494E45440041545F521C
:10232000585F4552524F520041545F4D4F44455FF4
:102330004E4F5F535550504F52540041545F434FDE
:102340004D4D414E445F4E4F545F464F554E4400F5
:1023500041545F554E535550504F525445445F427F
:10236000414E44000A02010101060101010101037D
:1023700001010201010025733D25640D0A00547816
:1023800020746F6E650025733D25643A25643A25F7
:10239000643A25643A25643A25643A25643A25640A
:1023A0003A25643A25643A25643A25640D0A0025E5
:1023B000733D25643A25643A25643A25640D0A0084
:1023C00025733D25750D0A0025733D25643A256466
:1023D0003A25640D0A0025733D25643A25642E25AF
:1023E000640D0A0025733D25643A25643A25643A54
:1023F00025643A25640D0A0025733D25730D0A00F6
:1024000025733D25640025733D0025630025733D3C
:1024100025660D0A0025733D25732D25730D0A00D1
:10242000424C4544544D0D0A0061742B61746D009B
:102430002C0025733D25753A006200303A00423A7F
:1024400000433A00253038583A00253039643A00C4
:10245000253032643A0025733D410D0A0025733D55
:10246000423A53300D0A0025733D423A53310D0A6A
:102470000025733D423A53320D0A0025733D423A1E
:1024800053330D0A0025733D420D0A0025733D4369
:102490000D0A0041005032505F52585F4F4E20618C
:1024A0006C72656164792C20706C65617365206461
:1024B000697361626C652050325020525820626509
:1024C000666F72652073657474696E672E0D0A00FD
:1024D0005032505F52585F4F4E0D0A005032505FDD
:1024E00052585F4F46460D0A0025733D253034781B
:1024F0000D0A0041542B4C4F434B3D756E6C6F637E
:102500006B65640D0A003432393439363732393567
:102510000025733D25303458002873696E676C655B
:10252000206368616E6E656C206D6F64653A20256E
:10253000642900257500340D0A00350D0A00360D9A
:102540000A00370D0A00380D0A00390D0A00313033
:102550000D0A0031310D0A0031320D0A00382D31DB
:1025600000382D3200382D3300382D340004020994
:102570000705080106001415160A000094420050D1
:1025800098420050AC420050B0420050A842005067
:10259000008000009C420050010000000400000088
:1025A000020000009452005098520050AC5200506B
:1025B000B0520050A8520050008000009C520050C1
:1025C00001000000040000000200000094620050BE
:1025D00098620050AC620050B0620050A862005097
:1025E000008000009C620050010000000400000018
:1025F000020000009472005098720050AC720050BB
:10260000B0720050A8720050008000009C72005010
:10261000010000000400000002000000948200504D
:1026200098820050AC820050B0820050A8820050C6
:10263000008000009C8200500100000004000000A7
:10264000020000009492005098920050AC9200500A
:10265000B0920050A8920050008000009C92005060
:10266000010000000400000002000000A042015030
:10267000A8420150C0420150C4420150B84201502A
:1026800000400000AC4201500100000004000000C6
:102690000800000048C200504CC2005060C2005008
:1026A00064C200505CC200500080000050C2005064
:1026B0000100000004000000020000006C8883910B
:1026C000AAF5A53860370BDB5A6083BE0062746CD4
:1026D000655465726D696E616C0000000000000059
:1026E0005454522052454747455300303132333419
:1026F0003536373839414243444546000000804270
:1027000000008043000080440000804500008046B7
:102710002B2D00785800412D46612D663839303117
:102720003233343536375D00000000000000000011
:102730000000000000000000000000000000000099
:102740000000000000000000000000000000000089
:102750000000000000000000000000000000000079
:102760000000000000000000000000000000000069
:102770000000000000000000000000000000000059
:08278000000000000000000051
:1027880026040000000000405F0100006666064065
:102798006E010000CDCC0C407E01000033331340A5
:1027A8008E0100009A9919409D0100000000204008
:1027B800AD01000066662640BD010000CDCC2C406E
:1027C800CD01000033333340DC0100009A993940D1
:1027D800EE0100000000404000020000666646402E
:1027E8000E020000CDCC4C401D0200003333534094
:1027F8002D0200009A9959403E02000000006040F6
:102808004E020000666666405F020000CDCC6C4058
:102818006F02000033337340800200009A997940B8
:102828009102000000008040A20200003333834080
:10283800B302000066668640C30200009A99894088
:10284800D4020000CDCC8C40E5020000000090408E
:10285800F602000033339340060300006666964094
:10286800170300009A99994027030000CDCC9C409B
:10287800380300000000A040480300003333A340A1
:10288800590300006666A640690300009A99A940AA
:102898007A030000CDCCAC408B0300000000B040B0
:1028A8009C0300003333B340AC0300006666B640B7
:1028B800BD0300009A99B940CC030000CDCCBC40C0
:1028C800D80300000000C040E10300000100000040
:1028D8007AA304004CA4040045A4040055A40400F1
:1028E80081A304005DA4040088A3040066A4040076
:1028F800742C001000000000482705006827050018
:10290800282705000000000000000000000000006B
:1029180000000000000000000000000000000000AF
:10292800000000000000000000000000000000009F
:10293800000000000000000000000000000000008F
:10294800000000000000000000000000000000007F
:10295800000000004300000000000000000000002C
:10296800000000000000000000000000000000005F
:10297800000000004300000000000000000000000C
:10298800000000000000000000000000000000003F
:1029980000000000430000000000000000000000EC
:1029A800000000000000000000000000000000001F
:1029B80000000000430000000000000000000000CC
:1029C80000000000000000000000000000000000FF
:1029D80000000000430000000000000000000000AC
:1029E80000000000000000000000000000000000DF
:1029F800000000004300000000000000000000008C
:102A080000000000000000000000000000000000BE
:102A1800000000004300000000000000000000006B
:102A2800000000000000000000000000000000009E
:102A380000000000557E0100B57C01000000000088
:102A4800CBA504000CAB04000F0005000F00050027
:102A58000F0005000F0005000F0005000F0005001E
:102A68000F0005000F0005000F000500FFFFFFFF26
:102A7800FFFFFFFFFFFFFFFFFFFF000001004153C3
:102A88004349490000000000000000000000000069
:102A9800000000000000000000000000000041539A
:102AA8004349490000000000000000000000000049
:102AB800000000000000000000000000000000000E
:102AC8007C5200100001000001000000000000001E
:102AD800000000001F00140013000200000005079A
:102AE80001000000250801000000000000000000AF
:102AF80000000000000000000000000000000000CE
:102B080000000000000000000000000000000000BD
:102B180000000000000000000000000000000000AD
:102B2800000000000000000000000000000000009D
:102B38000000000340060000001E00000000000026
:102B4800000200000A0000000000000010003C0025
:102B580000009001050000000201061107000000B6
:102B6800000000000000000000000000000010004D
:102B7800080020000400400006001801080095C85D
:102B8800EE6FC50DEF93354E7C5708E2A385000024
:102B980001000000000000001F00A000A0000000CD
:102BA8000201010203010100B80B00000307100332
:102BB800000000000000000000000000000000000D
:102BC80002010611079ECADC240EE5A9E093F3A3CF
:102BD800B50100406E00000000000000B4AD040024
:102BE80000000000000000000007050708000000C2
:102BF800000000000000000000093D000000000087
:102C0800A0180210000400000000000000093D00A8
:102C180000000000000000000000000001000000AB
:102C2800801A0600000000000000000000000000FC
:102C3800986200100004000001000000000000007D
:102C48000000000099660010000400000100000068
:102C58000000000000000000DDDE0100ADDE010024
:102C6800E1DE01007DDE010002000000000000003E
:102C78000300000000000000FFFFFFFF000000004D
:102C880000A1BC330E000000050000000100000098
:102C98000000000007000000010000008545010059
:102CA800080000040000000001000000050000000A
:102CB8000E000000A8610000B80B000000A1BC33A2
:102CC80000000000000000000000000000000000FC
:102CD80000A1BC332042C433A086010006000000D6
:102CE800419C01008D9E01008F9E0100919E010074
:102CF8000300000007000000000000009F9301008F
:102D0800A1930100A3930100AB930100B3930100C9
:102D1800B9930100BB9301000000000089C30100C2
:102D2800A9C30100C5C30100A5C50100C5C50100AF
:102D3800F5C50100F9C501000000000010270000DA
:102D4800B9AA0100D1A9010005AA010091AA0100B0
:102D5800D5AA0100FDAA010051AD010071AD010025
:102D6800E3AF0100E5AF01005DB0010091B10100E2
:102D78006DB5010085B501009DB50100C5B501001F
:102D88001DB6010069B601007DB6010024310010AE
:102D980000000000ACC104000000000000000000BA
:102DA8002008250800200000002000000000000086
:102DB800000000000000000000000000573F020073
:102DC800313F0200153F02004E564453010606EFFC
:102DD800AB2388775602060A4E5A383830315631B6
:102DE80041000306010007060200000C060232003B
:102DF80008060100090601020A0604000000000B8B
:102E0800060196230601950D0602E8030E0602E860
:102E1800030F06022C0110060400C201001106016E
:102E28000112060101130602F401140602AC091589
:102E38000601091606010317060129180602DC0512
:102E4800190602E2042006010121060102220601F8
:102E58000024060442026009250601112606010025
:102E6800270601022D060100280602F63F29060161
:102E78000F3506010837060100050602340004066E
:102E88000120000000000000CC000000380D000008
:102E980015F5000064C80400DD000000BE00000055
:102EA800777E000048310010BB00000012090000C6
:102EB800169500009CD50400BB000000040100002A
:102EC8003D93000048320010001102010004000088
:102ED800000000000301C5013900000000000000E7
:102EE8000000000000000000000000001B00A10618
:102EF8001FB582B00898009002A80FC8014CA047DF
:102F080006B010BD0135002000BF00BF00BF00BFE4
:102F18000848804700BF00BF022D05D106488047FA
:102F280000BF00BF054880470021039A04989047D6
:102F380003480047994A0100254B0100AF4A0100A8
:102F48008F4C01000000000004480168282211434A
:102F580050229143016000BF014800470000C05261
:102F6800632A000000000000044801685022114351
:102F780028229143016000BF014800470000C05269
:102F8800832A000000BF00BF00BF00BF08980028C8
:102F980001D001200290002060850148004700BF51
:102FA800D5ED000000BF00BF6088002804D1107D67
:102FB800082801D304201075029881790120014363
:102FC8000298817100480047A5F7000028320010D8
:102FD8004C3300103832001008320010183200103C
:102FE800543300104E564453010606EFBB2388772E
:102FF8006602060A4E5A3838303156314100030607
:10300800010007060200000C0602960008060100EF
:10301800090601020A0604000000000B06019623B7
:103028000601950D0602E8030E0602E8030F0602E4
:103038002C0110060400C20100110601011206014C
:10304800011306029002140602AC091506010916BE
:1030580006010317060129180602DC05190602E213
:1030680004200601012106010222060100240604AB
:103078005C096A09250601112606010027060102D6
:103088002D060100280602F62D2906010F35060136
:1030980008370601000506023400040601202E0642
:1030A800010040060210270000000000CC000000CC
:1030B80020070000ADEF0000B4DE0400DD000000D2
:1030C800C70000002B11000064330010BB00000093
:1030D800B4120000F53600005C3400100011B01284
:1030E80000040000000000000301C50139000000D1
:1030F80000000000000000000000000000000000C8
:10310800010185360200000000000048001000069A
:103118001FB500240099122945D00EDC2FD20800D3
:1031280078440079001887442F2C2C2C2C2C2C2C1C
:10313800342C2C2C2C2C2C2C3B2C1C2942D00CDC79
:10314800133909291BD208007844007900188744EC
:10315800181818182D18303318006C2949D008DCB5
:103168001D2935D0212935D05B293CD05E2906D1CF
:1031780034E079294CD07A2959D07B2901D0002410
:10318800E443204604B010BD0198C0B200F0FAF83C
:10319800F7E7069B039A0299019801F077F8F0E7A0
:1031A80000F060F8EDE700F0C5FFEAE700F01EFB6D
:1031B800E7E700F075FBE4E70198C0B200F0B6F964
:1031C8000446DEE70198C0B200F078FF0446D8E76D
:1031D80000F040FA00F02CFF0446D2E7019800F016
:1031E80007FE0446CDE70298C1B2019800F040FE00
:1031F800C7E70398002801D0012200E000220298C6
:10320800069B81B2019880B200F002FC0446B8E740
:103218000398002801D0012200E000220298069BB2
:1032280081B2019880B200F073FC0446A9E70398C4
:10323800002801D0012200E000220298069B81B2FA
:10324800019880B200F002FD04469AE703B40148F1
:10325800019001BD0101000003B40148019001BDC6
:1032680055010000F0B4002043273F067968FF2489
:103278000134214379607968220311437960A321DD
:10328800C9050A68520852000A6034490969CDB272
:1032980033490978C907C90F0A050B02002D06D062
:1032A8003049314E0988B1420DD3042019E07868BD
:1032B800012109058843104378607868A0431843C2
:1032C8007860F0BC7047294EB14201D3032008E072
:1032D800274EB14201D3022003E0264EB14200D36B
:1032E8000120254E31182031097EA94209DA00282B
:1032F80001DD401E40B23118097A40008019008B68
:103308000BE0042804DA315CA94201DB401C40B21E
:103318003118097A40008019008B184D2962A325BD
:10332800ED052968490849002960154E316BFF24CD
:1033380001340C433463A862FF240134A143316390
:1033480008490880786821038843104378607868C2
:103358000913884318437860F0BC704780008045A3
:103368003A68002050680020F63F0000F638000058
:10337800F62D0000F6090000506E00208004C050B1
:1033880040008045F0B4432109064A6801208004C2
:1033980002434A60C4238722D20513604D4B536110
:1033A8004A6882434C480078C007C00F83041A4318
:1033B8004A608B23494ADB055A63494C0222E26082
:1033C8000522CA60DA63012222616262A263454C67
:1033D8002260454D6561DC6A1443DC624A68012459
:1033E800240422434A604A68A5102A434A60404A96
:1033F8003E4B536193683F26B605334393600023E1
:10340800D3603C4B93613C4B1B783C2B01D106238A
:10341800D3633A4E33681E27BB433360936AFE0377
:10342800B3430126B6049B199362354BF0225A60C8
:103438004A680304A2431A434A604A688303AA43BA
:103448001A434A604A68741122434A602922520684
:10345800136A1B091B01083313622A4BD3604A689D
:103468004303A2431A434A604A68E5012A434A6073
:103478002824A323DB051C60234A12889A62234B65
:103488009A624A680005AA4302434A602048E62334
:10349800037004721F4901831F49E0240C76D4226B
:1034A80042703C2242721D4A42834B76C822827087
:1034B800462585721A4D85838B76C2705022C2725A
:1034C800184AC283CC765A220273174A02840C77B0
:1034D800F0BC7047FF7F00003A68002049020000F6
:1034E80040008045800080451E02000003003C002B
:1034F8000000405208000F00416800200000C05141
:1035080040004052CC34630250680020C07E002046
:10351800506E0020F6070000706E0020F6090000CB
:10352800F62D0000F6380000F63F0000F8B53F48D9
:103538000068002878D14320000641680122D203A0
:10354800114341603A4F3D68012603200006284395
:103558003860002437491E208847364901208847AB
:103568007868C007C00F2146334A641C914201D8CD
:103578000028F2D02E4880683049086000240027CF
:10358800002E11D02E4A39460023821A994114DAA6
:10359800641C23462A4E43433A460021F31A9141BC
:1035A800C31A8A41F4DB08E02649884205D2641C24
:1035B800224642438A1A8242F9D8234F2146384686
:1035C800FFF744FE064630466043381A000321469A
:1035D800FFF73CFE07467D2019210002890184423D
:1035E80005D9201A0004FFF731FE014604E0001B4C
:1035F8000004FFF72BFE0146144806634763816306
:103608000120000685434000054309480560432022
:10361800000641680122D20391430D4A1278D2076D
:10362800120C114341602046F8BD0000606800207C
:1036380000004044E53E00001027000064680020B8
:103648000020BCBE00D012130090D003C07E002022
:103658003A68002051488047514880475148804780
:1036680051485249006888470120FFF75FFF5049D9
:10367800086050488047504880475048804700209D
:10368800C0264F4CFF270146401C49B2002910DADA
:103698000A07120F083A920892001219D569890789
:1036A800C90E3B468B409D4333468B401D43D56135
:1036B8000DE08B08434A9B009A1813688907C90EC6
:1036C8003D468D40AB4335468D402B4313601E2845
:1036D800D9D93D490868000A000208600868FF2334
:1036E8001B02984308600A1D10680002000A106057
:1036F80008681D020126A843F60530430860081F24
:1037080001680902090AC7063943016010680027E1
:10371800010A090280200143116010687112984360
:10372800084310601068A84330431060002080F3FD
:103738001088264E264880472648804726488047D6
:103748000028F7D0254DA8470028F3DBB04700280C
:10375800F0D123488047A8470028EBDBB047002872
:10376800E8D1EFF31080C5B2012080F310881D481E
:10377800804700280ED01C480168002905D0076042
:1037880000F034F800F08CF804E02069FB210840D0
:10379800206130BF85F31088CCE700006D950000EC
:1037A800195F01006D4F010020680020A558010035
:1037B80058680020554F010065500100494F01002D
:1037C80000ED00E000E400E00CE400E0513A000005
:1037D800795A010089390000593F00001D61000035
:1037E800753A00008D5A010070680020F8B5002471
:1037F8002448804743252D06012168688904084329
:1038080068608B26F60530680821884330601E48BA
:1038180080470620E8601D4D0120A847A120C0056B
:10382800016B02229143114301630121026B8A4318
:103838000A430263016B0427B943394301631448FF
:10384800416889000AD50120A8472046641CE4B2D3
:10385800192803D80E4840688000F4D40D4C0F2076
:1038680060600120A847072060600420A847062060
:10387800606009483060094801693943016130BF17
:10388800F8BD0000753A000085A30000E53E000081
:1038980080008045400080452603000000ED00E0E0
:1038A80070B5484D0F2068608B20C0050168464AF6
:1038B800114001600168082211430160286A04214F
:1038C8000843286241488047052043242406E060D5
:1038D8003F4E0120B0473F4880473F4880473F4818
:1038E800804768680D2803D02020B0470D20686005
:1038F8003B488047606801231B0418436060606888
:103908009A101043606038483649416181683F2504
:10391800AD05294381600021C16034498161344982
:1039280009783C2901D10621C163324D29681E2638
:10393800B1432960816AF503A9430125AD044919FA
:1039480081622D49F020486061682C4899430078CD
:10395800C007C00F03041943616061689143820383
:103968001143616061686A11114361602921244B28
:103978004906CB600B6A1B091B0108330B620B68F5
:10398800D5102B430B601F4B1B785B005B1C4B61F6
:10399800616891434203114361606268A9020A4366
:1039A80062602823A322D2051360174B1B889362F9
:1039B800626800058A43024362601449012088470F
:1039C80070BD000040008045FDFDFFFF753A000016
:1039D800E53E00006550010029480100C56401006A
:1039E8006948010003003C000000405208000F0035
:1039F800416800200000C051400040523A68002051
:103A0800CC3463047468002050680020A159010078
:103A1800FFB581B00D4600263549284688470090F5
:103A2800019887003348C4592046A03041790907D6
:103A380007D50079072804D02F4A3D2101989047DF
:103A480052E02E490198884704284DD168460178EC
:103A58000220884308D00020002807D0A420005D59
:103A6800072803D002263FE00120F5E72846022276
:103A780011430091224EB047284604236A46117824
:103A880019430091B0470820A42108550498801EC6
:103A9800184EF1598860FF201A4A2946033090478A
:103AA800EFF31080C1B2012080F31088F0590C2385
:103AB800A03042791A434271206928306030007E74
:103AC80081F31088002805D04034A08B04210843D6
:103AD800A08308E0FF2007300B4C00232A46294624
:103AE800A0470A4988470126304605B0F0BD0000C6
:103AF8000D9F00006469002025C400001D0A010014
:103B0800319F000089A10000F59D0000319E000052
:103B1800FFB581B01D460020009001984249800001
:103B28000E58012334464034E27C1A43E2740858A4
:103B3800A0304079000703D53C4A3D2101989047C1
:103B48006A881B2A0AD3EB881B2B07D3A988FF276F
:103B58004937B94202D32889B84205D2344B29786B
:103B68002022019898475BE0A5889D4200D22B4609
:103B78009BB2A589854200D2284680B265889542C5
:103B880000D22A4692B265898D4200D2294689B26E
:103B980025899D4208D1258A854205D1E588954227
:103BA80002D1E5898D4212D0EFF31085EDB20127DD
:103BB80087F3108823812082E280E1811D4B3069E0
:103BC800984785F31088E07CFD210840E0741A4985
:103BD80001988847E07C40084000E074174940227B
:103BE800097F114000D00121002919D0800717D47E
:103BF8000C23144D3E2212480199A8470721017051
:103C08000199418021890181218A4181E18881804E
:103C1800E189C1800C498847E07C02210843E074AF
:103C2800009805B0F0BD00006469002025C40000BC
:103C38003DBB000095260100E5B70000B8680020EC
:103C480004080000F59D0000B58F0000FFB585B0A1
:103C58000C461D4600200490594920468847039089
:103C68000598810057484658A520805D000704D56F
:103C7800554A3D21059890479FE0FF20534A214629
:103C8800033090476846027B0120904308D000200B
:103C980000287DD03046A030C178042902D087E0C2
:103CA8000120F5E769881B2972D3E9881B297FD38E
:103CB800AB88FF2149318B427AD32B898B4277D34A
:103CC8000021C170510849000391414A204690479C
:103CD80034464034A088E988884200D3084680B238
:103CE8000290A0892989884200D3084680B20190B1
:103CF80060886988884200D3084687B26089A988A5
:103D0800884200D3084685B2324B30692946019A69
:103D1800984721890298814209D1218A01988142D4
:103D280005D1E088B84202D1E089A8421AD067805C
:103D38006581EFF31080C0B20090012080F31088F5
:103D48000298208101982082E780E581224B3A463B
:103D5800294630699847009880F31088E07CFD2157
:103D68000840E0741D484021007F084000D0012031
:103D7800002822D0E07C80071FD40C23194D3E2256
:103D880017480599A847072101700599418000E067
:103D98000EE021890181218A4181E1888180E189C0
:103DA800C18011498847E07C02210843E07404E09F
:103DB8000E4B2978202205989847049809B0F0BD41
:103DC8000D9F00006469002025C4000089A100003F
:103DD800319F00007125010095260100B868002078
:103DE80004080000F59D0000B58F00003DBB0000F1
:103DF80070B5054600211A4A102090470446002055
:103E0800002C29D0288817498000085800692830D4
:103E18000830A968E1602988E180A9882181A9780A
:103E2800A1722F21A180012181F310880E4A214619
:103E38009047002080F310880120E1885A225143DE
:103E48000A4A89184A8A120B022A05D34A8A120595
:103E5800120D03031A434A82002800D0012070BDC6
:103E6800759C000064690020A73C000080408050D9
:103E7800F3B585B0654A049216784A1ED2B2069206
:103E8800002972D0014640310391614905468035C9
:103E98000291A879C00669D401215E4A1020904792
:103EA80004460C205C4F7043C019018E2671039A9A
:103EB800928FE280C28D228123460B339C465B1C85
:103EC80022469E46408EC30B53738204920E63466D
:103ED8001A707346187000206071A879C20705D05F
:103EE800227A520602D440084000A871E0880428CB
:103EF8006FD0080AA072A87982070FD5227AD20754
:103F08000CD1FD221040A871E088FF2382004348AD
:103F180080584030828B01331A4382832289FF20E4
:103F28004030024045D1A07A002842D08907890F45
:103F38000191E188394A8B00D258A0325279920710
:103F480001D5001FA072019801281FD002281DD09A
:103F580003280CD020790C214843C019818D4904CD
:103F6800490C81850120607133E04AE036E02C4A33
:103F7800A17A2046904720790C214843C019818DA9
:103F88004904490C81850120607122E00802401C27
:103F980081B20823234F0A465801B847E1880180B7
:103FA800A17A818001998170217981711E498847A0
:103FB8000FE0002A03D0A87901210843A8712079CD
:103FC8000C214843C019818D4904490C8185012081
:103FD8006071164A21460298904708E00C20314645
:103FE80041430D480818818D4904490C8185761C88
:103FF8007607760F0698411EC9B20691002800D0B0
:1040080047E70498067007B0F0BD00005C6C00201C
:10401800B0690020759C00008044805064690020CD
:10402800AD140100F59D0000319E0000A73C000082
:1040380010B51948807AC00701D0002010BD174874
:10404800804705200007C0691549000504D0087895
:10405800012815D0022813D00878002808D0012894
:1040680006D0022804D00F4880470F4932208847DD
:104078000E4841680D2908D040680E2805D006E092
:104088000B4904208847012010BD0A4880470A4987
:1040980004208847002010BD0C6E0020519A0000B3
:1040A8001810002069610100E53E000040008045CD
:1040B800A1590100D36001005959010041B21548C6
:1040C8000088154A904201D141201EE0134A9042CF
:1040D80001D13C2019E0124A904201D1372014E066
:1040E800104A904201D132200FE00F4A904201D18C
:1040F8002D200AE00D4A904201D1372005E00C4AF4
:10410800904201D12F2000E028204042401840B2C0
:104118007047000050680020F63F0000F6380000A5
:10412800F62D0000F6090000F6070000F620000052
:104138009620000070B5424841680D2906D00D212F
:1041480041604049012088473F488047432424066E
:104158006068012252031043606029203B494006F1
:10416800C160016A09090901083101620168D310B7
:1041780019430160364909784900491C4161616861
:10418800344E91433078C007C00F42031143616039
:10419800314909783C290BD1626899010A43626068
:1041A8002E4B0622DA6362688A4301040A4362607E
:1041B800616801221205114361602825A321C90500
:1041C8000D60274B1B888B62616800059143014392
:1041D8006160FFF741F88002800A290701432148FE
:1041E80081626068FF210131084360601E481F4AF0
:1041F8000078C307DB0F5361C006C00F90611C48ED
:104208001C4A0088904201D01B4A50621B48027821
:104218001B48002A01D0012282601A4A1278002A1B
:1042280005D04562184B26221A610222C2626068D4
:1042380088433178C907C90D0843606070BD000024
:1042480040008045E53E0000D3600100CC346304A3
:10425800746800203A68002041680020000040523D
:104268005068002000018050356800204004C0508C
:1042780052680020FF0F00008004C05039680020F9
:104288000004C05036680020C004C050FFB5FFB01D
:1042980082B005460C4600272D49022088472D4844
:1042A80080472D4880472D4880472D482D4B007862
:1042B8002D4E002802D0012808D01EE0641EA7B2A7
:1042C8002878B0613946681C984716E069460C7032
:1042D800200A487000226846002C06D9A95C871875
:1042E800B970521C92B2A242F8D3641CA7B26946B4
:1042F8000978B1613946401C98477807400FF16842
:104308000907090F8142FAD318490A208847184833
:104318008047184881688907FCD570688007FCD5F4
:10432800082070600020B061134880471348804718
:10433800839A00218498904711480078002803D177
:10434800124A1049104890477FB006B0F0BD0000EF
:10435800A1590100BD600100E95F0000AD2D00001A
:104368003E680020094300000000C052E53E0000FE
:1043780009620100C00200509D2D0000F561010096
:1043880001100020FF0300001810002085420000E3
:104398004C3400102C3400103C340010104700102E
:1043A800FFFFFFFFFFFFFFFFFFFFFFFFFFFFFFFF15
:1043B800016000BF006800BF704700BFAAAAAAAA90
:1043C800806E0210FF370000FB349B5F8000008086
:1043D80000100000000000000000000001DD0200E5
:1043E80061DD020035E1020065E2020081DE0200C3
:1043F8004DE0020065E402006DE5020049E70200B5
:1044080049E7020041E8020075E9020000000000E7
:104418000000000059D602000000000004EC04006F
:104428000CEC040034ED040034ED040034ED040019
:1044380034ED040034ED040034ED040034ED0400E0
:1044480028ED040034ED040034ED040034ED0400DC
:1044580034ED040034ED040034ED040069F2040086
:1044680088D6001000A00F004C02000000000000D9
:104478007CF20400000000000000000001000900B8
:104488000000000058F304000000000000000000D5
:104498001000170000818280018485830287888646
:1044A800038A8B890407058D40F7093740F70937D8
:1044B8000080EE360042A53660F0AF3640F7093787
:1044C80040F709370080EE360042A53660F0AF3677
:1044D80000EA063700EA0637C072EB36C034A23667
:1044E80020E3AC3600EA0637000000005000000068
:1044F80000EA06370000000050000000C072EB36EA
:104508000000000050000000C034A2360000000087
:104518005000000020E3AC3600000000500000000E
:1045280040F70937000000005000000040F7093745
:1045380000000000500000000080EE36000000007F
:10454800500000000042A5360000000050000000A6
:1045580060F0AF360000000050000000FF020600C7
:10456800E0000000851804005D18040069180400C4
:10457800C118040000000000611A0400411A040078
:104588006D1E040000000000000000000000000094
:1045980000000000000000008BBA0400B6220500ED
:1045A800BF220500CE220500DC220500F32205000B
:1045B800072305001C230500282305003B230500CD
:1045C80050230500BB090500932B040000000000E0
:1045D8000F0005000200000095080500812B04006B
:1045E800000000009D08050002000000C808050042
:1045F8009D2B040000000000D30805000200000005
:10460800F50805005D2C040000000000F90805000D
:1046180002000000150905006F2C040000000000CE
:10462800190905000200000034090500F92B0400EF
:10463800000000003D09050003000000BC21050042
:104648009B2C0400000000004B090500020000003C
:104658006D090500B92C0400000000000F000500DA
:104668000300000074090500B13F040000000000C9
:104678000F000500030000007F090500852D0400D8
:10468800000000008509050002000000B7090500C8
:10469800E52D040000000000BE090500020000002E
:1046A800DB090500652E040000000000E80905008C
:1046B800020000000B0A0500A52E040000000000FF
:1046C800170A050002000000390A0500DD2E040063
:1046D80000000000400A050002000000600A050012
:1046E800152F0400000000006F0A050002000000FA
:1046F8009A0A0500552F040000000000A40A0500CE
:1047080002000000C60A0500952F04000000000002
:10471800D00A050002000000EF0A0500CD2F0400B2
:1047280000000000FA0A0500020000001F0B050047
:104738000D30040000000000270B050002000000F7
:10474800490B05004530040000000000520B05002D
:1047580003000000720B0500252E04000000000075
:104768007A0B050002000000910B0500F5300400EB
:10477800000000009B0B050003000000BA0B0500B9
:10478800AD31040000000000C40B05000300000068
:10479800CC0B0500595D040000000000D50B050096
:1047A80001000000000C0500C15D040000000000CD
:1047B800070C050003000000370C05002D5E0400FF
:1047C80000000000410C050003000000650C050016
:1047D800DD5B0400000000006D0C05000200000015
:1047E800820C0500115C0400000000008B0C050021
:1047F80003000000BD0C0500A15C040000000000DF
:10480800C50C050003000000E90C05001D5D04004F
:1048180000000000F00C0500020000000A0D050071
:10482800113A040000000000140D05000300000008
:10483800440D0500DD3A0400000000004E0D05009F
:10484800030000007F0D0500A53B040000000000E8
:104858008A0D050003000000C30D05006D3C04002F
:1048680000000000CE0D050003000000FD0D05004E
:10487800513D040000000000070E05000300000081
:10488800320E05001D3E0400000000003B0E05002E
:10489800030000006F0E0500953E040000000000B4
:1048A8007A0E050003000000AF0E05005D3F04000E
:1048B80000000000BC0E050003000000E20E050029
:1048C800C134040000000000E90E050003000000E8
:1048D800170F05003D350400000000001E0F0500FD
:1048E80002000000690F0500813504000000000087
:1048F800710F0500030000007E0F050099360400C3
:1049080000000000850F050003000000BA0F050035
:104918002137040000000000C10F0500020000005C
:10492800F20F05006537040000000000FA0F0500CB
:104938000200000025100500E9370400000000000F
:104948002D1005000100000057100500E138040093
:10495800000000006110050001000000881005003B
:104968005D34040000000000901005000300000002
:10497800CF1005006542040000000000D6100500B5
:104988000300000012110500F942040000000000B5
:104998001B110500030000005F110500014404001D
:1049A800000000006611050003000000A2110500C8
:1049B8007944040000000000A8110500030000006D
:1049C800C11105000145040000000000CA110500DE
:1049D8000300000025120500A545040000000000A2
:1049E8002E12050003000000891205004946040044
:1049F800000000009012050003000000C512050029
:104A0800D146040000000000CE120500030000009B
:104A18001F13050065470400000000002813050067
:104A28000300000079130500F947040000000000A6
:104A38008213050003000000A61305008148040046
:104A480000000000AF13050003000000D1130500AB
:104A58000549040000000000D81305000300000009
:104A6800FA1305009149040000000000071405002E
:104A78000300000051140500F5490400000000007F
:104A88005C140500030000009A1405005D4A040048
:104A980000000000A114050003000000D214050066
:104AA800C54A040000000000DD14050003000000F2
:104AB800131505001D4B0400000000002215050019
:104AC800030000005C1505008529040000000000B3
:104AD800661505000300000099150500FD2904006E
:104AE80000000000A215050002000000CF15050017
:104AF800712A040000000000D8150500020000001B
:104B08000B160500C52A0400000000001216050057
:104B180002000000411605002D2B040000000000D3
:104B28004A160500020000005D1605005D3304000A
:104B38000000000065160500020000008E16050042
:104B48009D330400000000009716050002000000D5
:104B5800B41605001D34040000000000BB16050053
:104B680002000000E3160500995E04000000000042
:104B7800EB1605000300000043170500495F040019
:104B8800000000004A170500030000008617050012
:104B9800AD620400000000008D170500030000004E
:104BA800CA170500E960040000000000D2170500DC
:104BB800030000008E180500F53F04000000000007
:104BC8009918050001000000B318050029410400E8
:104BD80000000000BE18050001000000D7180500FD
:104BE8005941040000000000E2180500020000001E
:104BF8000319050075250400000000000C190500C4
:104C08000300000024190500B1250400000000007D
:104C18002D1905000300000040190500E1250400D6
:104C28000000000047190500030000007B1905007B
:104C3800152604000000000082190500030000008A
:104C4800BA1905004926040000000000C319050030
:104C580003000000DA1905006527040000000000C1
:104C6800E119050003000000221A0500F1270400DD
:104C7800000000002A1A050003000000811A050040
:104C88007D28040000000000891A050003000000C8
:104C98009E1A05009128040000000000A81A0500CB
:104CA80003000000FF1A0500F128040000000000BE
:104CB800051B0500030000001B1B0500A94B040091
:104CC80000000000221B0500030000006F1B050008
:104CD800354C040000000000781B050003000000AC
:104CE800C21B0500BD4C040000000000C91B0500E4
:104CF80003000000201C0500394D040000000000DE
:104D0800271C050003000000EB1C0500AD4D040046
:104D180000000000F21C050003000000571D0500FC
:104D2800254E0400000000005E1D05000300000081
:104D3800B71D0500A54E040000000000BE1D0500BB
:104D4800030000000C1E0500214F040000000000B5
:104D5800151E0500010000002B1E05009D4F0400D4
:104D680000000000341E050003000000601E05005E
:104D78000950040000000000691E0500030000003F
:104D8800961E050089500400000000009D1E0500C5
:104D980003000000DA1E0500F150040000000000C6
:104DA800E41E050003000000201F05008D510400CB
:104DB800000000002A1F050003000000651F050011
:104DC80029520400000000006C1F050003000000C9
:104DD8008A1F05002156040000000000911F0500ED
:104DE80003000000C71F0500A556040000000000CE
:104DF800D01F0500030000001120050029570400FA
:104E0800000000001C200500030000004A200500E7
:104E1800A55704000000000056200500030000000C
:104E2800802005001D580400000000008F200500A8
:104E380003000000A82005009158040000000000AD
:104E4800B920050003000000D7200500115904000F
:104E580000000000E42005000300000078210500A0
:104E680015590400000000008B2105000300000014
:104E7800B22105009559040000000000C02105007A
:104E880003000000F5210500115A0400000000008D
:104E9800072205000300000030220500955A04008F
:104EA8000000000041220500030000006622050002
:104EB800115B0400000000007A22050003000000D6
:044EC800F8070100E6
:084ECC00D4BFFE6F01000000DD
:0400000310007EB1BA
:00000001FF
